July 24, 2026   15:58:57
Amperometric i-t Curve
File: si-i t [300 1100] nm-grating 2 filter-2.bin
Data Source:  Experiment
Instrument Model:  CHI760E
Header: 
Note: 

Init E (V) = 0
Sample Interval (s) = 0.1
Run Time (sec) = 1.4e+3
Quiet Time (sec) = 2
Sensitivity (A/V) = 1e-4

Results:

Channel 1:

Time/sec, Current/A

1.000e-1, -7.076e-7
2.000e-1, -7.069e-7
3.000e-1, -7.080e-7
4.000e-1, -7.071e-7
5.000e-1, -7.086e-7
6.000e-1, -7.069e-7
7.000e-1, -7.069e-7
8.000e-1, -7.055e-7
9.000e-1, -7.050e-7
1.000e+0, -7.053e-7
1.100e+0, -7.049e-7
1.200e+0, -7.054e-7
1.300e+0, -7.044e-7
1.400e+0, -7.055e-7
1.500e+0, -7.060e-7
1.600e+0, -7.061e-7
1.700e+0, -7.065e-7
1.800e+0, -7.057e-7
1.900e+0, -7.065e-7
2.000e+0, -7.065e-7
2.100e+0, -7.069e-7
2.200e+0, -7.075e-7
2.300e+0, -7.084e-7
2.400e+0, -7.086e-7
2.500e+0, -7.095e-7
2.600e+0, -7.095e-7
2.700e+0, -7.106e-7
2.800e+0, -7.102e-7
2.900e+0, -7.111e-7
3.000e+0, -7.110e-7
3.100e+0, -7.127e-7
3.200e+0, -7.134e-7
3.300e+0, -7.128e-7
3.400e+0, -7.137e-7
3.500e+0, -7.142e-7
3.600e+0, -7.140e-7
3.700e+0, -7.144e-7
3.800e+0, -7.154e-7
3.900e+0, -7.146e-7
4.000e+0, -7.147e-7
4.100e+0, -7.141e-7
4.200e+0, -7.141e-7
4.300e+0, -7.146e-7
4.400e+0, -7.139e-7
4.500e+0, -7.141e-7
4.600e+0, -7.144e-7
4.700e+0, -7.145e-7
4.800e+0, -7.142e-7
4.900e+0, -7.144e-7
5.000e+0, -7.136e-7
5.100e+0, -7.135e-7
5.200e+0, -7.146e-7
5.300e+0, -7.137e-7
5.400e+0, -7.141e-7
5.500e+0, -7.150e-7
5.600e+0, -7.131e-7
5.700e+0, -7.137e-7
5.800e+0, -7.140e-7
5.900e+0, -7.141e-7
6.000e+0, -7.143e-7
6.100e+0, -7.153e-7
6.200e+0, -7.152e-7
6.300e+0, -7.169e-7
6.400e+0, -7.166e-7
6.500e+0, -7.173e-7
6.600e+0, -7.178e-7
6.700e+0, -7.163e-7
6.800e+0, -7.162e-7
6.900e+0, -7.165e-7
7.000e+0, -7.163e-7
7.100e+0, -7.161e-7
7.200e+0, -7.169e-7
7.300e+0, -7.172e-7
7.400e+0, -7.174e-7
7.500e+0, -7.173e-7
7.600e+0, -7.161e-7
7.700e+0, -7.166e-7
7.800e+0, -7.160e-7
7.900e+0, -7.168e-7
8.000e+0, -7.164e-7
8.100e+0, -7.167e-7
8.200e+0, -7.167e-7
8.300e+0, -7.170e-7
8.400e+0, -7.168e-7
8.500e+0, -7.157e-7
8.600e+0, -7.161e-7
8.700e+0, -7.156e-7
8.800e+0, -7.161e-7
8.900e+0, -7.144e-7
9.000e+0, -7.153e-7
9.100e+0, -7.148e-7
9.200e+0, -7.146e-7
9.300e+0, -7.144e-7
9.400e+0, -7.147e-7
9.500e+0, -7.147e-7
9.600e+0, -7.147e-7
9.700e+0, -7.154e-7
9.800e+0, -7.150e-7
9.900e+0, -7.149e-7
1.000e+1, -7.162e-7
1.010e+1, -7.169e-7
1.020e+1, -7.164e-7
1.030e+1, -7.167e-7
1.040e+1, -7.167e-7
1.050e+1, -7.159e-7
1.060e+1, -7.168e-7
1.070e+1, -7.165e-7
1.080e+1, -7.171e-7
1.090e+1, -7.172e-7
1.100e+1, -7.183e-7
1.110e+1, -7.190e-7
1.120e+1, -7.179e-7
1.130e+1, -7.180e-7
1.140e+1, -7.180e-7
1.150e+1, -7.180e-7
1.160e+1, -7.175e-7
1.170e+1, -7.187e-7
1.180e+1, -7.196e-7
1.190e+1, -7.187e-7
1.200e+1, -7.192e-7
1.210e+1, -7.180e-7
1.220e+1, -7.180e-7
1.230e+1, -7.199e-7
1.240e+1, -7.180e-7
1.250e+1, -7.136e-7
1.260e+1, -6.978e-7
1.270e+1, -6.873e-7
1.280e+1, -6.809e-7
1.290e+1, -6.659e-7
1.300e+1, -6.547e-7
1.310e+1, -6.446e-7
1.320e+1, -6.389e-7
1.330e+1, -6.249e-7
1.340e+1, -6.026e-7
1.350e+1, -5.890e-7
1.360e+1, -5.860e-7
1.370e+1, -5.852e-7
1.380e+1, -5.845e-7
1.390e+1, -5.876e-7
1.400e+1, -5.903e-7
1.410e+1, -5.936e-7
1.420e+1, -5.959e-7
1.430e+1, -5.978e-7
1.440e+1, -5.994e-7
1.450e+1, -5.989e-7
1.460e+1, -5.989e-7
1.470e+1, -5.979e-7
1.480e+1, -5.978e-7
1.490e+1, -5.960e-7
1.500e+1, -5.933e-7
1.510e+1, -5.929e-7
1.520e+1, -5.893e-7
1.530e+1, -5.851e-7
1.540e+1, -5.855e-7
1.550e+1, -5.853e-7
1.560e+1, -5.831e-7
1.570e+1, -5.853e-7
1.580e+1, -5.848e-7
1.590e+1, -5.815e-7
1.600e+1, -5.798e-7
1.610e+1, -5.800e-7
1.620e+1, -5.786e-7
1.630e+1, -5.757e-7
1.640e+1, -5.723e-7
1.650e+1, -5.702e-7
1.660e+1, -5.685e-7
1.670e+1, -5.673e-7
1.680e+1, -5.680e-7
1.690e+1, -5.664e-7
1.700e+1, -5.657e-7
1.710e+1, -5.685e-7
1.720e+1, -5.722e-7
1.730e+1, -5.814e-7
1.740e+1, -6.278e-7
1.750e+1, -6.522e-7
1.760e+1, -6.628e-7
1.770e+1, -6.547e-7
1.780e+1, -6.232e-7
1.790e+1, -6.288e-7
1.800e+1, -6.135e-7
1.810e+1, -6.386e-7
1.820e+1, -7.530e-7
1.830e+1, -7.718e-7
1.840e+1, -7.933e-7
1.850e+1, -8.057e-7
1.860e+1, -8.221e-7
1.870e+1, -8.428e-7
1.880e+1, -8.552e-7
1.890e+1, -8.663e-7
1.900e+1, -8.755e-7
1.910e+1, -8.787e-7
1.920e+1, -8.800e-7
1.930e+1, -8.808e-7
1.940e+1, -8.796e-7
1.950e+1, -8.807e-7
1.960e+1, -8.819e-7
1.970e+1, -8.827e-7
1.980e+1, -8.816e-7
1.990e+1, -1.353e-6
2.000e+1, -7.350e-5
2.010e+1, -3.160e-4
2.020e+1, -3.297e-4
2.030e+1, -2.354e-4
2.040e+1, -3.562e-5
2.050e+1, -2.133e-6
2.060e+1, -1.073e-6
2.070e+1, -9.477e-7
2.080e+1, -8.743e-7
2.090e+1, -8.467e-7
2.100e+1, -8.221e-7
2.110e+1, -8.094e-7
2.120e+1, -8.016e-7
2.130e+1, -7.965e-7
2.140e+1, -7.946e-7
2.150e+1, -7.985e-7
2.160e+1, -7.984e-7
2.170e+1, -7.913e-7
2.180e+1, -7.863e-7
2.190e+1, -7.857e-7
2.200e+1, -7.856e-7
2.210e+1, -7.857e-7
2.220e+1, -7.848e-7
2.230e+1, -7.848e-7
2.240e+1, -7.855e-7
2.250e+1, -7.878e-7
2.260e+1, -7.991e-7
2.270e+1, -8.246e-7
2.280e+1, -8.689e-7
2.290e+1, -9.202e-7
2.300e+1, -9.702e-7
2.310e+1, -1.014e-6
2.320e+1, -1.033e-6
2.330e+1, -1.035e-6
2.340e+1, -1.036e-6
2.350e+1, -1.003e-6
2.360e+1, -7.541e-7
2.370e+1, -7.563e-7
2.380e+1, -9.276e-7
2.390e+1, -9.323e-7
2.400e+1, -9.345e-7
2.410e+1, -9.349e-7
2.420e+1, -9.375e-7
2.430e+1, -9.372e-7
2.440e+1, -9.374e-7
2.450e+1, -9.378e-7
2.460e+1, -9.361e-7
2.470e+1, -9.362e-7
2.480e+1, -9.378e-7
2.490e+1, -9.363e-7
2.500e+1, -9.372e-7
2.510e+1, -9.383e-7
2.520e+1, -9.379e-7
2.530e+1, -9.381e-7
2.540e+1, -9.380e-7
2.550e+1, -9.375e-7
2.560e+1, -9.385e-7
2.570e+1, -9.383e-7
2.580e+1, -9.380e-7
2.590e+1, -9.374e-7
2.600e+1, -9.371e-7
2.610e+1, -9.366e-7
2.620e+1, -9.357e-7
2.630e+1, -9.353e-7
2.640e+1, -9.347e-7
2.650e+1, -9.351e-7
2.660e+1, -9.340e-7
2.670e+1, -9.346e-7
2.680e+1, -9.342e-7
2.690e+1, -9.349e-7
2.700e+1, -9.341e-7
2.710e+1, -9.349e-7
2.720e+1, -9.340e-7
2.730e+1, -9.326e-7
2.740e+1, -9.332e-7
2.750e+1, -9.338e-7
2.760e+1, -9.332e-7
2.770e+1, -9.326e-7
2.780e+1, -9.343e-7
2.790e+1, -9.343e-7
2.800e+1, -9.329e-7
2.810e+1, -9.337e-7
2.820e+1, -9.346e-7
2.830e+1, -9.353e-7
2.840e+1, -9.361e-7
2.850e+1, -9.365e-7
2.860e+1, -9.369e-7
2.870e+1, -9.366e-7
2.880e+1, -9.368e-7
2.890e+1, -9.396e-7
2.900e+1, -9.371e-7
2.910e+1, -9.380e-7
2.920e+1, -9.371e-7
2.930e+1, -9.374e-7
2.940e+1, -9.365e-7
2.950e+1, -9.367e-7
2.960e+1, -9.369e-7
2.970e+1, -9.377e-7
2.980e+1, -9.377e-7
2.990e+1, -9.377e-7
3.000e+1, -9.369e-7
3.010e+1, -9.362e-7
3.020e+1, -9.361e-7
3.030e+1, -9.360e-7
3.040e+1, -9.345e-7
3.050e+1, -9.341e-7
3.060e+1, -9.348e-7
3.070e+1, -9.350e-7
3.080e+1, -9.353e-7
3.090e+1, -9.342e-7
3.100e+1, -9.337e-7
3.110e+1, -9.337e-7
3.120e+1, -9.329e-7
3.130e+1, -9.354e-7
3.140e+1, -9.362e-7
3.150e+1, -9.345e-7
3.160e+1, -9.347e-7
3.170e+1, -9.347e-7
3.180e+1, -9.344e-7
3.190e+1, -9.337e-7
3.200e+1, -9.341e-7
3.210e+1, -9.363e-7
3.220e+1, -9.349e-7
3.230e+1, -9.340e-7
3.240e+1, -9.348e-7
3.250e+1, -9.351e-7
3.260e+1, -9.343e-7
3.270e+1, -9.334e-7
3.280e+1, -9.343e-7
3.290e+1, -9.341e-7
3.300e+1, -9.339e-7
3.310e+1, -9.337e-7
3.320e+1, -9.340e-7
3.330e+1, -9.338e-7
3.340e+1, -9.341e-7
3.350e+1, -9.326e-7
3.360e+1, -9.328e-7
3.370e+1, -9.325e-7
3.380e+1, -9.327e-7
3.390e+1, -9.314e-7
3.400e+1, -9.319e-7
3.410e+1, -9.331e-7
3.420e+1, -9.322e-7
3.430e+1, -9.327e-7
3.440e+1, -9.326e-7
3.450e+1, -9.330e-7
3.460e+1, -9.340e-7
3.470e+1, -9.334e-7
3.480e+1, -9.329e-7
3.490e+1, -9.317e-7
3.500e+1, -9.338e-7
3.510e+1, -9.399e-7
3.520e+1, -9.406e-7
3.530e+1, -9.406e-7
3.540e+1, -9.415e-7
3.550e+1, -9.404e-7
3.560e+1, -9.407e-7
3.570e+1, -9.407e-7
3.580e+1, -9.423e-7
3.590e+1, -9.420e-7
3.600e+1, -9.429e-7
3.610e+1, -9.429e-7
3.620e+1, -9.434e-7
3.630e+1, -9.426e-7
3.640e+1, -9.435e-7
3.650e+1, -9.445e-7
3.660e+1, -9.452e-7
3.670e+1, -9.453e-7
3.680e+1, -9.440e-7
3.690e+1, -9.425e-7
3.700e+1, -9.438e-7
3.710e+1, -9.433e-7
3.720e+1, -9.436e-7
3.730e+1, -9.423e-7
3.740e+1, -9.445e-7
3.750e+1, -9.450e-7
3.760e+1, -9.441e-7
3.770e+1, -9.435e-7
3.780e+1, -9.440e-7
3.790e+1, -9.445e-7
3.800e+1, -9.436e-7
3.810e+1, -9.431e-7
3.820e+1, -9.427e-7
3.830e+1, -9.444e-7
3.840e+1, -9.420e-7
3.850e+1, -9.426e-7
3.860e+1, -9.424e-7
3.870e+1, -9.454e-7
3.880e+1, -9.456e-7
3.890e+1, -9.461e-7
3.900e+1, -9.462e-7
3.910e+1, -9.470e-7
3.920e+1, -9.469e-7
3.930e+1, -9.464e-7
3.940e+1, -9.467e-7
3.950e+1, -9.447e-7
3.960e+1, -9.434e-7
3.970e+1, -9.436e-7
3.980e+1, -9.437e-7
3.990e+1, -9.432e-7
4.000e+1, -9.433e-7
4.010e+1, -9.435e-7
4.020e+1, -9.436e-7
4.030e+1, -9.431e-7
4.040e+1, -9.436e-7
4.050e+1, -9.433e-7
4.060e+1, -9.423e-7
4.070e+1, -9.420e-7
4.080e+1, -9.412e-7
4.090e+1, -9.423e-7
4.100e+1, -9.416e-7
4.110e+1, -9.427e-7
4.120e+1, -9.429e-7
4.130e+1, -9.428e-7
4.140e+1, -9.432e-7
4.150e+1, -9.419e-7
4.160e+1, -9.431e-7
4.170e+1, -9.424e-7
4.180e+1, -9.446e-7
4.190e+1, -9.433e-7
4.200e+1, -9.448e-7
4.210e+1, -9.448e-7
4.220e+1, -9.442e-7
4.230e+1, -9.429e-7
4.240e+1, -9.447e-7
4.250e+1, -9.464e-7
4.260e+1, -9.443e-7
4.270e+1, -9.434e-7
4.280e+1, -9.431e-7
4.290e+1, -9.439e-7
4.300e+1, -9.440e-7
4.310e+1, -9.428e-7
4.320e+1, -9.431e-7
4.330e+1, -9.410e-7
4.340e+1, -9.409e-7
4.350e+1, -9.424e-7
4.360e+1, -9.407e-7
4.370e+1, -9.401e-7
4.380e+1, -9.393e-7
4.390e+1, -9.398e-7
4.400e+1, -9.396e-7
4.410e+1, -9.404e-7
4.420e+1, -9.404e-7
4.430e+1, -9.404e-7
4.440e+1, -9.391e-7
4.450e+1, -9.387e-7
4.460e+1, -9.381e-7
4.470e+1, -9.384e-7
4.480e+1, -9.390e-7
4.490e+1, -9.393e-7
4.500e+1, -9.386e-7
4.510e+1, -9.381e-7
4.520e+1, -9.388e-7
4.530e+1, -9.405e-7
4.540e+1, -9.404e-7
4.550e+1, -9.403e-7
4.560e+1, -9.411e-7
4.570e+1, -9.412e-7
4.580e+1, -9.417e-7
4.590e+1, -9.424e-7
4.600e+1, -9.434e-7
4.610e+1, -9.434e-7
4.620e+1, -9.468e-7
4.630e+1, -9.458e-7
4.640e+1, -9.452e-7
4.650e+1, -9.454e-7
4.660e+1, -9.447e-7
4.670e+1, -9.447e-7
4.680e+1, -9.446e-7
4.690e+1, -9.459e-7
4.700e+1, -9.448e-7
4.710e+1, -9.439e-7
4.720e+1, -9.419e-7
4.730e+1, -9.422e-7
4.740e+1, -9.416e-7
4.750e+1, -9.409e-7
4.760e+1, -9.401e-7
4.770e+1, -9.399e-7
4.780e+1, -9.393e-7
4.790e+1, -9.392e-7
4.800e+1, -9.377e-7
4.810e+1, -9.377e-7
4.820e+1, -9.366e-7
4.830e+1, -9.369e-7
4.840e+1, -9.372e-7
4.850e+1, -9.372e-7
4.860e+1, -9.369e-7
4.870e+1, -9.365e-7
4.880e+1, -9.366e-7
4.890e+1, -9.363e-7
4.900e+1, -9.378e-7
4.910e+1, -9.369e-7
4.920e+1, -9.383e-7
4.930e+1, -9.392e-7
4.940e+1, -9.384e-7
4.950e+1, -9.395e-7
4.960e+1, -9.381e-7
4.970e+1, -9.383e-7
4.980e+1, -9.384e-7
4.990e+1, -9.386e-7
5.000e+1, -9.394e-7
5.010e+1, -9.399e-7
5.020e+1, -9.391e-7
5.030e+1, -9.393e-7
5.040e+1, -9.401e-7
5.050e+1, -9.393e-7
5.060e+1, -9.389e-7
5.070e+1, -9.394e-7
5.080e+1, -9.392e-7
5.090e+1, -9.398e-7
5.100e+1, -9.397e-7
5.110e+1, -9.391e-7
5.120e+1, -9.381e-7
5.130e+1, -9.384e-7
5.140e+1, -9.390e-7
5.150e+1, -9.330e-7
5.160e+1, -9.304e-7
5.170e+1, -9.308e-7
5.180e+1, -9.316e-7
5.190e+1, -9.310e-7
5.200e+1, -9.300e-7
5.210e+1, -9.321e-7
5.220e+1, -9.317e-7
5.230e+1, -9.327e-7
5.240e+1, -9.330e-7
5.250e+1, -9.324e-7
5.260e+1, -9.339e-7
5.270e+1, -9.324e-7
5.280e+1, -9.319e-7
5.290e+1, -9.307e-7
5.300e+1, -9.322e-7
5.310e+1, -9.320e-7
5.320e+1, -9.318e-7
5.330e+1, -9.318e-7
5.340e+1, -9.345e-7
5.350e+1, -9.358e-7
5.360e+1, -9.345e-7
5.370e+1, -9.370e-7
5.380e+1, -9.364e-7
5.390e+1, -9.356e-7
5.400e+1, -9.346e-7
5.410e+1, -9.345e-7
5.420e+1, -9.348e-7
5.430e+1, -9.344e-7
5.440e+1, -9.348e-7
5.450e+1, -9.346e-7
5.460e+1, -9.350e-7
5.470e+1, -9.343e-7
5.480e+1, -9.335e-7
5.490e+1, -9.332e-7
5.500e+1, -9.339e-7
5.510e+1, -9.338e-7
5.520e+1, -9.338e-7
5.530e+1, -9.331e-7
5.540e+1, -9.331e-7
5.550e+1, -9.336e-7
5.560e+1, -9.342e-7
5.570e+1, -9.330e-7
5.580e+1, -9.346e-7
5.590e+1, -9.325e-7
5.600e+1, -9.338e-7
5.610e+1, -9.334e-7
5.620e+1, -9.329e-7
5.630e+1, -9.320e-7
5.640e+1, -9.331e-7
5.650e+1, -9.325e-7
5.660e+1, -9.314e-7
5.670e+1, -9.334e-7
5.680e+1, -9.326e-7
5.690e+1, -9.325e-7
5.700e+1, -9.328e-7
5.710e+1, -9.333e-7
5.720e+1, -9.333e-7
5.730e+1, -9.347e-7
5.740e+1, -9.368e-7
5.750e+1, -9.360e-7
5.760e+1, -9.354e-7
5.770e+1, -9.350e-7
5.780e+1, -9.351e-7
5.790e+1, -9.344e-7
5.800e+1, -9.353e-7
5.810e+1, -9.352e-7
5.820e+1, -9.371e-7
5.830e+1, -9.373e-7
5.840e+1, -9.362e-7
5.850e+1, -9.350e-7
5.860e+1, -9.357e-7
5.870e+1, -9.350e-7
5.880e+1, -9.353e-7
5.890e+1, -9.361e-7
5.900e+1, -9.349e-7
5.910e+1, -9.344e-7
5.920e+1, -9.357e-7
5.930e+1, -9.346e-7
5.940e+1, -9.354e-7
5.950e+1, -9.352e-7
5.960e+1, -9.347e-7
5.970e+1, -9.255e-7
5.980e+1, -9.226e-7
5.990e+1, -9.210e-7
6.000e+1, -9.233e-7
6.010e+1, -9.221e-7
6.020e+1, -9.207e-7
6.030e+1, -9.188e-7
6.040e+1, -9.197e-7
6.050e+1, -9.195e-7
6.060e+1, -9.185e-7
6.070e+1, -9.189e-7
6.080e+1, -9.184e-7
6.090e+1, -9.195e-7
6.100e+1, -9.194e-7
6.110e+1, -9.188e-7
6.120e+1, -9.188e-7
6.130e+1, -9.192e-7
6.140e+1, -9.184e-7
6.150e+1, -9.174e-7
6.160e+1, -9.189e-7
6.170e+1, -9.177e-7
6.180e+1, -9.177e-7
6.190e+1, -9.175e-7
6.200e+1, -9.171e-7
6.210e+1, -9.195e-7
6.220e+1, -9.203e-7
6.230e+1, -9.217e-7
6.240e+1, -9.213e-7
6.250e+1, -9.221e-7
6.260e+1, -9.217e-7
6.270e+1, -9.200e-7
6.280e+1, -9.207e-7
6.290e+1, -9.194e-7
6.300e+1, -9.183e-7
6.310e+1, -9.205e-7
6.320e+1, -9.200e-7
6.330e+1, -9.189e-7
6.340e+1, -9.192e-7
6.350e+1, -9.190e-7
6.360e+1, -9.184e-7
6.370e+1, -9.189e-7
6.380e+1, -9.179e-7
6.390e+1, -9.171e-7
6.400e+1, -9.200e-7
6.410e+1, -9.180e-7
6.420e+1, -9.187e-7
6.430e+1, -9.186e-7
6.440e+1, -9.194e-7
6.450e+1, -9.200e-7
6.460e+1, -9.203e-7
6.470e+1, -9.216e-7
6.480e+1, -9.209e-7
6.490e+1, -9.218e-7
6.500e+1, -9.219e-7
6.510e+1, -9.226e-7
6.520e+1, -9.225e-7
6.530e+1, -9.215e-7
6.540e+1, -9.203e-7
6.550e+1, -9.206e-7
6.560e+1, -9.222e-7
6.570e+1, -9.209e-7
6.580e+1, -9.198e-7
6.590e+1, -9.191e-7
6.600e+1, -9.187e-7
6.610e+1, -9.196e-7
6.620e+1, -9.183e-7
6.630e+1, -9.184e-7
6.640e+1, -9.184e-7
6.650e+1, -9.174e-7
6.660e+1, -9.168e-7
6.670e+1, -9.164e-7
6.680e+1, -9.183e-7
6.690e+1, -9.183e-7
6.700e+1, -9.176e-7
6.710e+1, -9.182e-7
6.720e+1, -9.188e-7
6.730e+1, -9.187e-7
6.740e+1, -9.183e-7
6.750e+1, -9.167e-7
6.760e+1, -9.170e-7
6.770e+1, -9.192e-7
6.780e+1, -9.178e-7
6.790e+1, -9.092e-7
6.800e+1, -9.042e-7
6.810e+1, -9.032e-7
6.820e+1, -9.044e-7
6.830e+1, -9.034e-7
6.840e+1, -9.052e-7
6.850e+1, -9.033e-7
6.860e+1, -9.033e-7
6.870e+1, -9.031e-7
6.880e+1, -9.028e-7
6.890e+1, -9.041e-7
6.900e+1, -9.029e-7
6.910e+1, -9.011e-7
6.920e+1, -9.038e-7
6.930e+1, -9.034e-7
6.940e+1, -9.038e-7
6.950e+1, -9.032e-7
6.960e+1, -9.028e-7
6.970e+1, -9.033e-7
6.980e+1, -9.033e-7
6.990e+1, -9.038e-7
7.000e+1, -9.032e-7
7.010e+1, -9.047e-7
7.020e+1, -9.042e-7
7.030e+1, -9.023e-7
7.040e+1, -9.026e-7
7.050e+1, -9.019e-7
7.060e+1, -9.014e-7
7.070e+1, -9.030e-7
7.080e+1, -9.031e-7
7.090e+1, -9.026e-7
7.100e+1, -9.024e-7
7.110e+1, -9.036e-7
7.120e+1, -9.042e-7
7.130e+1, -9.033e-7
7.140e+1, -9.028e-7
7.150e+1, -9.042e-7
7.160e+1, -9.039e-7
7.170e+1, -9.032e-7
7.180e+1, -9.051e-7
7.190e+1, -9.046e-7
7.200e+1, -9.034e-7
7.210e+1, -9.033e-7
7.220e+1, -9.036e-7
7.230e+1, -9.025e-7
7.240e+1, -9.046e-7
7.250e+1, -9.029e-7
7.260e+1, -9.036e-7
7.270e+1, -9.040e-7
7.280e+1, -9.035e-7
7.290e+1, -9.026e-7
7.300e+1, -9.024e-7
7.310e+1, -9.039e-7
7.320e+1, -9.037e-7
7.330e+1, -9.043e-7
7.340e+1, -9.032e-7
7.350e+1, -9.031e-7
7.360e+1, -9.049e-7
7.370e+1, -9.037e-7
7.380e+1, -9.051e-7
7.390e+1, -9.051e-7
7.400e+1, -9.046e-7
7.410e+1, -9.056e-7
7.420e+1, -9.057e-7
7.430e+1, -9.038e-7
7.440e+1, -9.054e-7
7.450e+1, -9.044e-7
7.460e+1, -9.055e-7
7.470e+1, -9.055e-7
7.480e+1, -9.046e-7
7.490e+1, -9.054e-7
7.500e+1, -9.054e-7
7.510e+1, -9.061e-7
7.520e+1, -9.048e-7
7.530e+1, -9.051e-7
7.540e+1, -9.055e-7
7.550e+1, -9.070e-7
7.560e+1, -9.058e-7
7.570e+1, -9.054e-7
7.580e+1, -9.061e-7
7.590e+1, -9.047e-7
7.600e+1, -9.061e-7
7.610e+1, -8.991e-7
7.620e+1, -8.954e-7
7.630e+1, -8.957e-7
7.640e+1, -8.959e-7
7.650e+1, -8.960e-7
7.660e+1, -8.962e-7
7.670e+1, -8.963e-7
7.680e+1, -8.960e-7
7.690e+1, -8.955e-7
7.700e+1, -8.961e-7
7.710e+1, -8.952e-7
7.720e+1, -8.947e-7
7.730e+1, -8.953e-7
7.740e+1, -8.954e-7
7.750e+1, -8.959e-7
7.760e+1, -8.952e-7
7.770e+1, -8.948e-7
7.780e+1, -8.960e-7
7.790e+1, -8.962e-7
7.800e+1, -8.953e-7
7.810e+1, -8.952e-7
7.820e+1, -8.962e-7
7.830e+1, -8.970e-7
7.840e+1, -8.964e-7
7.850e+1, -8.956e-7
7.860e+1, -8.967e-7
7.870e+1, -8.963e-7
7.880e+1, -8.962e-7
7.890e+1, -8.967e-7
7.900e+1, -8.975e-7
7.910e+1, -8.979e-7
7.920e+1, -8.980e-7
7.930e+1, -8.980e-7
7.940e+1, -8.986e-7
7.950e+1, -8.976e-7
7.960e+1, -8.993e-7
7.970e+1, -8.981e-7
7.980e+1, -8.981e-7
7.990e+1, -8.981e-7
8.000e+1, -8.984e-7
8.010e+1, -8.982e-7
8.020e+1, -8.996e-7
8.030e+1, -8.976e-7
8.040e+1, -8.973e-7
8.050e+1, -8.976e-7
8.060e+1, -8.981e-7
8.070e+1, -8.990e-7
8.080e+1, -8.997e-7
8.090e+1, -8.980e-7
8.100e+1, -8.996e-7
8.110e+1, -8.996e-7
8.120e+1, -9.007e-7
8.130e+1, -9.004e-7
8.140e+1, -8.984e-7
8.150e+1, -8.988e-7
8.160e+1, -8.981e-7
8.170e+1, -8.983e-7
8.180e+1, -8.982e-7
8.190e+1, -8.979e-7
8.200e+1, -8.979e-7
8.210e+1, -8.965e-7
8.220e+1, -8.964e-7
8.230e+1, -8.970e-7
8.240e+1, -8.971e-7
8.250e+1, -8.966e-7
8.260e+1, -8.969e-7
8.270e+1, -8.960e-7
8.280e+1, -8.963e-7
8.290e+1, -8.968e-7
8.300e+1, -8.959e-7
8.310e+1, -8.960e-7
8.320e+1, -8.964e-7
8.330e+1, -8.947e-7
8.340e+1, -8.960e-7
8.350e+1, -8.947e-7
8.360e+1, -8.950e-7
8.370e+1, -8.944e-7
8.380e+1, -8.944e-7
8.390e+1, -8.944e-7
8.400e+1, -8.944e-7
8.410e+1, -8.952e-7
8.420e+1, -8.950e-7
8.430e+1, -8.945e-7
8.440e+1, -8.933e-7
8.450e+1, -8.941e-7
8.460e+1, -8.937e-7
8.470e+1, -8.946e-7
8.480e+1, -8.938e-7
8.490e+1, -8.934e-7
8.500e+1, -8.935e-7
8.510e+1, -8.934e-7
8.520e+1, -8.932e-7
8.530e+1, -8.936e-7
8.540e+1, -8.932e-7
8.550e+1, -8.937e-7
8.560e+1, -8.932e-7
8.570e+1, -8.942e-7
8.580e+1, -8.957e-7
8.590e+1, -8.959e-7
8.600e+1, -8.962e-7
8.610e+1, -8.960e-7
8.620e+1, -8.956e-7
8.630e+1, -8.962e-7
8.640e+1, -8.955e-7
8.650e+1, -8.953e-7
8.660e+1, -8.969e-7
8.670e+1, -8.958e-7
8.680e+1, -8.953e-7
8.690e+1, -8.958e-7
8.700e+1, -8.953e-7
8.710e+1, -8.955e-7
8.720e+1, -8.953e-7
8.730e+1, -8.952e-7
8.740e+1, -8.963e-7
8.750e+1, -8.944e-7
8.760e+1, -8.954e-7
8.770e+1, -8.952e-7
8.780e+1, -8.959e-7
8.790e+1, -8.959e-7
8.800e+1, -8.963e-7
8.810e+1, -8.959e-7
8.820e+1, -8.977e-7
8.830e+1, -8.978e-7
8.840e+1, -8.985e-7
8.850e+1, -8.971e-7
8.860e+1, -8.964e-7
8.870e+1, -8.958e-7
8.880e+1, -8.961e-7
8.890e+1, -8.955e-7
8.900e+1, -8.958e-7
8.910e+1, -8.971e-7
8.920e+1, -8.955e-7
8.930e+1, -8.944e-7
8.940e+1, -8.952e-7
8.950e+1, -8.961e-7
8.960e+1, -8.964e-7
8.970e+1, -8.969e-7
8.980e+1, -8.974e-7
8.990e+1, -8.984e-7
9.000e+1, -8.966e-7
9.010e+1, -8.957e-7
9.020e+1, -8.951e-7
9.030e+1, -8.944e-7
9.040e+1, -8.946e-7
9.050e+1, -8.954e-7
9.060e+1, -8.946e-7
9.070e+1, -8.945e-7
9.080e+1, -8.947e-7
9.090e+1, -8.943e-7
9.100e+1, -8.944e-7
9.110e+1, -8.933e-7
9.120e+1, -8.940e-7
9.130e+1, -8.944e-7
9.140e+1, -8.941e-7
9.150e+1, -8.940e-7
9.160e+1, -8.945e-7
9.170e+1, -8.932e-7
9.180e+1, -8.938e-7
9.190e+1, -8.948e-7
9.200e+1, -8.929e-7
9.210e+1, -8.931e-7
9.220e+1, -8.932e-7
9.230e+1, -8.938e-7
9.240e+1, -8.944e-7
9.250e+1, -8.979e-7
9.260e+1, -9.107e-7
9.270e+1, -9.110e-7
9.280e+1, -9.111e-7
9.290e+1, -9.107e-7
9.300e+1, -9.116e-7
9.310e+1, -9.110e-7
9.320e+1, -9.112e-7
9.330e+1, -9.111e-7
9.340e+1, -9.112e-7
9.350e+1, -9.101e-7
9.360e+1, -9.114e-7
9.370e+1, -9.105e-7
9.380e+1, -9.101e-7
9.390e+1, -9.100e-7
9.400e+1, -9.090e-7
9.410e+1, -9.077e-7
9.420e+1, -9.102e-7
9.430e+1, -9.088e-7
9.440e+1, -9.085e-7
9.450e+1, -9.094e-7
9.460e+1, -9.100e-7
9.470e+1, -9.094e-7
9.480e+1, -9.097e-7
9.490e+1, -9.095e-7
9.500e+1, -9.104e-7
9.510e+1, -9.103e-7
9.520e+1, -9.105e-7
9.530e+1, -9.107e-7
9.540e+1, -9.107e-7
9.550e+1, -9.109e-7
9.560e+1, -9.106e-7
9.570e+1, -9.112e-7
9.580e+1, -9.107e-7
9.590e+1, -9.095e-7
9.600e+1, -9.112e-7
9.610e+1, -9.111e-7
9.620e+1, -9.110e-7
9.630e+1, -9.112e-7
9.640e+1, -9.119e-7
9.650e+1, -9.117e-7
9.660e+1, -9.116e-7
9.670e+1, -9.109e-7
9.680e+1, -9.121e-7
9.690e+1, -9.126e-7
9.700e+1, -9.123e-7
9.710e+1, -9.119e-7
9.720e+1, -9.110e-7
9.730e+1, -9.107e-7
9.740e+1, -9.102e-7
9.750e+1, -9.100e-7
9.760e+1, -9.119e-7
9.770e+1, -9.106e-7
9.780e+1, -9.103e-7
9.790e+1, -9.106e-7
9.800e+1, -9.087e-7
9.810e+1, -9.085e-7
9.820e+1, -9.094e-7
9.830e+1, -9.089e-7
9.840e+1, -9.088e-7
9.850e+1, -9.103e-7
9.860e+1, -9.107e-7
9.870e+1, -9.090e-7
9.880e+1, -9.087e-7
9.890e+1, -9.097e-7
9.900e+1, -9.087e-7
9.910e+1, -9.098e-7
9.920e+1, -9.085e-7
9.930e+1, -9.080e-7
9.940e+1, -9.075e-7
9.950e+1, -9.065e-7
9.960e+1, -9.066e-7
9.970e+1, -9.073e-7
9.980e+1, -9.065e-7
9.990e+1, -9.068e-7
1.000e+2, -9.071e-7
1.001e+2, -9.072e-7
1.002e+2, -9.065e-7
1.003e+2, -9.073e-7
1.004e+2, -9.085e-7
1.005e+2, -9.084e-7
1.006e+2, -9.079e-7
1.007e+2, -9.127e-7
1.008e+2, -9.382e-7
1.009e+2, -9.394e-7
1.010e+2, -9.386e-7
1.011e+2, -9.413e-7
1.012e+2, -9.403e-7
1.013e+2, -9.386e-7
1.014e+2, -9.386e-7
1.015e+2, -9.397e-7
1.016e+2, -9.393e-7
1.017e+2, -9.390e-7
1.018e+2, -9.376e-7
1.019e+2, -9.409e-7
1.020e+2, -9.412e-7
1.021e+2, -9.394e-7
1.022e+2, -9.384e-7
1.023e+2, -9.373e-7
1.024e+2, -9.379e-7
1.025e+2, -9.381e-7
1.026e+2, -9.379e-7
1.027e+2, -9.364e-7
1.028e+2, -9.386e-7
1.029e+2, -9.377e-7
1.030e+2, -9.363e-7
1.031e+2, -9.365e-7
1.032e+2, -9.364e-7
1.033e+2, -9.366e-7
1.034e+2, -9.377e-7
1.035e+2, -9.370e-7
1.036e+2, -9.381e-7
1.037e+2, -9.388e-7
1.038e+2, -9.394e-7
1.039e+2, -9.380e-7
1.040e+2, -9.380e-7
1.041e+2, -9.382e-7
1.042e+2, -9.382e-7
1.043e+2, -9.380e-7
1.044e+2, -9.393e-7
1.045e+2, -9.394e-7
1.046e+2, -9.400e-7
1.047e+2, -9.378e-7
1.048e+2, -9.396e-7
1.049e+2, -9.397e-7
1.050e+2, -9.385e-7
1.051e+2, -9.376e-7
1.052e+2, -9.382e-7
1.053e+2, -9.371e-7
1.054e+2, -9.376e-7
1.055e+2, -9.366e-7
1.056e+2, -9.373e-7
1.057e+2, -9.370e-7
1.058e+2, -9.353e-7
1.059e+2, -9.364e-7
1.060e+2, -9.351e-7
1.061e+2, -9.356e-7
1.062e+2, -9.354e-7
1.063e+2, -9.350e-7
1.064e+2, -9.348e-7
1.065e+2, -9.347e-7
1.066e+2, -9.345e-7
1.067e+2, -9.343e-7
1.068e+2, -9.343e-7
1.069e+2, -9.349e-7
1.070e+2, -9.348e-7
1.071e+2, -9.354e-7
1.072e+2, -9.344e-7
1.073e+2, -9.348e-7
1.074e+2, -9.367e-7
1.075e+2, -9.376e-7
1.076e+2, -9.376e-7
1.077e+2, -9.368e-7
1.078e+2, -9.370e-7
1.079e+2, -9.376e-7
1.080e+2, -9.368e-7
1.081e+2, -9.371e-7
1.082e+2, -9.367e-7
1.083e+2, -9.373e-7
1.084e+2, -9.384e-7
1.085e+2, -9.376e-7
1.086e+2, -9.381e-7
1.087e+2, -9.381e-7
1.088e+2, -9.386e-7
1.089e+2, -9.413e-7
1.090e+2, -9.949e-7
1.091e+2, -9.986e-7
1.092e+2, -1.003e-6
1.093e+2, -8.131e-7
1.094e+2, -7.514e-7
1.095e+2, -7.979e-7
1.096e+2, -8.394e-7
1.097e+2, -8.456e-7
1.098e+2, -8.558e-7
1.099e+2, -8.562e-7
1.100e+2, -8.539e-7
1.101e+2, -8.548e-7
1.102e+2, -8.558e-7
1.103e+2, -8.554e-7
1.104e+2, -8.540e-7
1.105e+2, -8.539e-7
1.106e+2, -8.534e-7
1.107e+2, -8.516e-7
1.108e+2, -8.526e-7
1.109e+2, -8.516e-7
1.110e+2, -8.517e-7
1.111e+2, -8.519e-7
1.112e+2, -8.512e-7
1.113e+2, -8.509e-7
1.114e+2, -8.498e-7
1.115e+2, -8.505e-7
1.116e+2, -8.507e-7
1.117e+2, -8.508e-7
1.118e+2, -8.502e-7
1.119e+2, -8.513e-7
1.120e+2, -8.502e-7
1.121e+2, -8.500e-7
1.122e+2, -8.499e-7
1.123e+2, -8.500e-7
1.124e+2, -8.493e-7
1.125e+2, -8.488e-7
1.126e+2, -8.509e-7
1.127e+2, -8.492e-7
1.128e+2, -8.511e-7
1.129e+2, -8.507e-7
1.130e+2, -8.501e-7
1.131e+2, -8.513e-7
1.132e+2, -8.526e-7
1.133e+2, -8.520e-7
1.134e+2, -8.506e-7
1.135e+2, -8.512e-7
1.136e+2, -8.506e-7
1.137e+2, -8.495e-7
1.138e+2, -8.500e-7
1.139e+2, -8.505e-7
1.140e+2, -8.510e-7
1.141e+2, -8.505e-7
1.142e+2, -8.498e-7
1.143e+2, -8.512e-7
1.144e+2, -8.515e-7
1.145e+2, -8.510e-7
1.146e+2, -8.500e-7
1.147e+2, -8.505e-7
1.148e+2, -8.508e-7
1.149e+2, -8.500e-7
1.150e+2, -8.509e-7
1.151e+2, -8.518e-7
1.152e+2, -8.525e-7
1.153e+2, -8.528e-7
1.154e+2, -8.523e-7
1.155e+2, -8.530e-7
1.156e+2, -8.531e-7
1.157e+2, -8.521e-7
1.158e+2, -8.522e-7
1.159e+2, -8.514e-7
1.160e+2, -8.510e-7
1.161e+2, -8.506e-7
1.162e+2, -8.499e-7
1.163e+2, -8.491e-7
1.164e+2, -8.503e-7
1.165e+2, -8.491e-7
1.166e+2, -8.498e-7
1.167e+2, -8.504e-7
1.168e+2, -8.495e-7
1.169e+2, -8.485e-7
1.170e+2, -8.486e-7
1.171e+2, -8.486e-7
1.172e+2, -8.485e-7
1.173e+2, -8.491e-7
1.174e+2, -8.492e-7
1.175e+2, -8.492e-7
1.176e+2, -8.496e-7
1.177e+2, -8.487e-7
1.178e+2, -8.486e-7
1.179e+2, -8.493e-7
1.180e+2, -8.498e-7
1.181e+2, -8.491e-7
1.182e+2, -8.495e-7
1.183e+2, -8.494e-7
1.184e+2, -8.497e-7
1.185e+2, -8.505e-7
1.186e+2, -8.496e-7
1.187e+2, -8.503e-7
1.188e+2, -8.508e-7
1.189e+2, -8.500e-7
1.190e+2, -8.510e-7
1.191e+2, -8.523e-7
1.192e+2, -8.527e-7
1.193e+2, -8.525e-7
1.194e+2, -8.525e-7
1.195e+2, -8.516e-7
1.196e+2, -8.516e-7
1.197e+2, -8.513e-7
1.198e+2, -8.511e-7
1.199e+2, -8.513e-7
1.200e+2, -8.517e-7
1.201e+2, -8.525e-7
1.202e+2, -8.513e-7
1.203e+2, -8.513e-7
1.204e+2, -8.502e-7
1.205e+2, -8.503e-7
1.206e+2, -8.524e-7
1.207e+2, -8.503e-7
1.208e+2, -8.550e-7
1.209e+2, -9.166e-7
1.210e+2, -9.167e-7
1.211e+2, -9.181e-7
1.212e+2, -9.170e-7
1.213e+2, -9.166e-7
1.214e+2, -9.159e-7
1.215e+2, -9.152e-7
1.216e+2, -9.154e-7
1.217e+2, -9.160e-7
1.218e+2, -9.162e-7
1.219e+2, -9.144e-7
1.220e+2, -9.160e-7
1.221e+2, -9.153e-7
1.222e+2, -9.157e-7
1.223e+2, -9.150e-7
1.224e+2, -9.154e-7
1.225e+2, -9.146e-7
1.226e+2, -9.143e-7
1.227e+2, -9.154e-7
1.228e+2, -9.177e-7
1.229e+2, -9.186e-7
1.230e+2, -9.168e-7
1.231e+2, -9.179e-7
1.232e+2, -9.165e-7
1.233e+2, -9.167e-7
1.234e+2, -9.179e-7
1.235e+2, -9.173e-7
1.236e+2, -9.178e-7
1.237e+2, -9.188e-7
1.238e+2, -9.183e-7
1.239e+2, -9.178e-7
1.240e+2, -9.178e-7
1.241e+2, -9.185e-7
1.242e+2, -9.187e-7
1.243e+2, -9.183e-7
1.244e+2, -9.185e-7
1.245e+2, -9.186e-7
1.246e+2, -9.176e-7
1.247e+2, -9.173e-7
1.248e+2, -9.178e-7
1.249e+2, -9.175e-7
1.250e+2, -9.178e-7
1.251e+2, -9.166e-7
1.252e+2, -9.163e-7
1.253e+2, -9.177e-7
1.254e+2, -9.172e-7
1.255e+2, -9.170e-7
1.256e+2, -9.194e-7
1.257e+2, -9.175e-7
1.258e+2, -9.173e-7
1.259e+2, -9.183e-7
1.260e+2, -9.174e-7
1.261e+2, -9.178e-7
1.262e+2, -9.168e-7
1.263e+2, -9.166e-7
1.264e+2, -9.173e-7
1.265e+2, -9.175e-7
1.266e+2, -9.176e-7
1.267e+2, -9.172e-7
1.268e+2, -9.161e-7
1.269e+2, -9.155e-7
1.270e+2, -9.150e-7
1.271e+2, -9.143e-7
1.272e+2, -9.158e-7
1.273e+2, -9.153e-7
1.274e+2, -9.168e-7
1.275e+2, -9.157e-7
1.276e+2, -9.152e-7
1.277e+2, -9.136e-7
1.278e+2, -9.144e-7
1.279e+2, -9.142e-7
1.280e+2, -9.140e-7
1.281e+2, -9.134e-7
1.282e+2, -9.160e-7
1.283e+2, -9.157e-7
1.284e+2, -9.165e-7
1.285e+2, -9.142e-7
1.286e+2, -9.164e-7
1.287e+2, -9.159e-7
1.288e+2, -9.184e-7
1.289e+2, -9.177e-7
1.290e+2, -9.288e-7
1.291e+2, -1.016e-6
1.292e+2, -1.020e-6
1.293e+2, -1.015e-6
1.294e+2, -1.017e-6
1.295e+2, -1.016e-6
1.296e+2, -1.014e-6
1.297e+2, -1.017e-6
1.298e+2, -1.017e-6
1.299e+2, -1.016e-6
1.300e+2, -1.015e-6
1.301e+2, -1.016e-6
1.302e+2, -1.015e-6
1.303e+2, -1.016e-6
1.304e+2, -1.015e-6
1.305e+2, -1.016e-6
1.306e+2, -1.018e-6
1.307e+2, -1.017e-6
1.308e+2, -1.018e-6
1.309e+2, -1.020e-6
1.310e+2, -1.020e-6
1.311e+2, -1.018e-6
1.312e+2, -1.016e-6
1.313e+2, -1.017e-6
1.314e+2, -1.015e-6
1.315e+2, -1.015e-6
1.316e+2, -1.013e-6
1.317e+2, -1.014e-6
1.318e+2, -1.016e-6
1.319e+2, -1.014e-6
1.320e+2, -1.013e-6
1.321e+2, -1.012e-6
1.322e+2, -1.013e-6
1.323e+2, -1.013e-6
1.324e+2, -1.013e-6
1.325e+2, -1.012e-6
1.326e+2, -1.014e-6
1.327e+2, -1.016e-6
1.328e+2, -1.014e-6
1.329e+2, -1.015e-6
1.330e+2, -1.015e-6
1.331e+2, -1.015e-6
1.332e+2, -1.014e-6
1.333e+2, -1.014e-6
1.334e+2, -1.015e-6
1.335e+2, -1.017e-6
1.336e+2, -1.016e-6
1.337e+2, -1.014e-6
1.338e+2, -1.014e-6
1.339e+2, -1.016e-6
1.340e+2, -1.016e-6
1.341e+2, -1.015e-6
1.342e+2, -1.016e-6
1.343e+2, -1.016e-6
1.344e+2, -1.017e-6
1.345e+2, -1.015e-6
1.346e+2, -1.015e-6
1.347e+2, -1.014e-6
1.348e+2, -1.015e-6
1.349e+2, -1.013e-6
1.350e+2, -1.014e-6
1.351e+2, -1.017e-6
1.352e+2, -1.019e-6
1.353e+2, -1.018e-6
1.354e+2, -1.017e-6
1.355e+2, -1.019e-6
1.356e+2, -1.016e-6
1.357e+2, -1.016e-6
1.358e+2, -1.015e-6
1.359e+2, -1.015e-6
1.360e+2, -1.014e-6
1.361e+2, -1.016e-6
1.362e+2, -1.014e-6
1.363e+2, -1.016e-6
1.364e+2, -1.015e-6
1.365e+2, -1.014e-6
1.366e+2, -1.014e-6
1.367e+2, -1.012e-6
1.368e+2, -1.013e-6
1.369e+2, -1.013e-6
1.370e+2, -1.013e-6
1.371e+2, -1.012e-6
1.372e+2, -1.027e-6
1.373e+2, -1.137e-6
1.374e+2, -1.136e-6
1.375e+2, -1.137e-6
1.376e+2, -1.137e-6
1.377e+2, -1.135e-6
1.378e+2, -1.136e-6
1.379e+2, -1.136e-6
1.380e+2, -1.136e-6
1.381e+2, -1.135e-6
1.382e+2, -1.135e-6
1.383e+2, -1.136e-6
1.384e+2, -1.136e-6
1.385e+2, -1.137e-6
1.386e+2, -1.140e-6
1.387e+2, -1.140e-6
1.388e+2, -1.140e-6
1.389e+2, -1.141e-6
1.390e+2, -1.140e-6
1.391e+2, -1.139e-6
1.392e+2, -1.139e-6
1.393e+2, -1.139e-6
1.394e+2, -1.137e-6
1.395e+2, -1.138e-6
1.396e+2, -1.137e-6
1.397e+2, -1.137e-6
1.398e+2, -1.135e-6
1.399e+2, -1.134e-6
1.400e+2, -1.134e-6
1.401e+2, -1.135e-6
1.402e+2, -1.135e-6
1.403e+2, -1.137e-6
1.404e+2, -1.136e-6
1.405e+2, -1.136e-6
1.406e+2, -1.135e-6
1.407e+2, -1.137e-6
1.408e+2, -1.132e-6
1.409e+2, -1.134e-6
1.410e+2, -1.133e-6
1.411e+2, -1.132e-6
1.412e+2, -1.133e-6
1.413e+2, -1.135e-6
1.414e+2, -1.133e-6
1.415e+2, -1.132e-6
1.416e+2, -1.131e-6
1.417e+2, -1.132e-6
1.418e+2, -1.131e-6
1.419e+2, -1.132e-6
1.420e+2, -1.133e-6
1.421e+2, -1.134e-6
1.422e+2, -1.135e-6
1.423e+2, -1.134e-6
1.424e+2, -1.134e-6
1.425e+2, -1.134e-6
1.426e+2, -1.135e-6
1.427e+2, -1.132e-6
1.428e+2, -1.135e-6
1.429e+2, -1.134e-6
1.430e+2, -1.137e-6
1.431e+2, -1.135e-6
1.432e+2, -1.133e-6
1.433e+2, -1.133e-6
1.434e+2, -1.134e-6
1.435e+2, -1.134e-6
1.436e+2, -1.132e-6
1.437e+2, -1.133e-6
1.438e+2, -1.133e-6
1.439e+2, -1.137e-6
1.440e+2, -1.136e-6
1.441e+2, -1.135e-6
1.442e+2, -1.136e-6
1.443e+2, -1.137e-6
1.444e+2, -1.135e-6
1.445e+2, -1.135e-6
1.446e+2, -1.138e-6
1.447e+2, -1.140e-6
1.448e+2, -1.140e-6
1.449e+2, -1.138e-6
1.450e+2, -1.137e-6
1.451e+2, -1.138e-6
1.452e+2, -1.137e-6
1.453e+2, -1.138e-6
1.454e+2, -1.150e-6
1.455e+2, -1.290e-6
1.456e+2, -1.291e-6
1.457e+2, -1.296e-6
1.458e+2, -1.292e-6
1.459e+2, -1.290e-6
1.460e+2, -1.285e-6
1.461e+2, -1.286e-6
1.462e+2, -1.287e-6
1.463e+2, -1.287e-6
1.464e+2, -1.288e-6
1.465e+2, -1.288e-6
1.466e+2, -1.292e-6
1.467e+2, -1.286e-6
1.468e+2, -1.288e-6
1.469e+2, -1.284e-6
1.470e+2, -1.286e-6
1.471e+2, -1.284e-6
1.472e+2, -1.284e-6
1.473e+2, -1.286e-6
1.474e+2, -1.287e-6
1.475e+2, -1.285e-6
1.476e+2, -1.285e-6
1.477e+2, -1.285e-6
1.478e+2, -1.284e-6
1.479e+2, -1.283e-6
1.480e+2, -1.282e-6
1.481e+2, -1.285e-6
1.482e+2, -1.284e-6
1.483e+2, -1.284e-6
1.484e+2, -1.285e-6
1.485e+2, -1.286e-6
1.486e+2, -1.283e-6
1.487e+2, -1.282e-6
1.488e+2, -1.285e-6
1.489e+2, -1.283e-6
1.490e+2, -1.279e-6
1.491e+2, -1.287e-6
1.492e+2, -1.284e-6
1.493e+2, -1.287e-6
1.494e+2, -1.284e-6
1.495e+2, -1.288e-6
1.496e+2, -1.288e-6
1.497e+2, -1.289e-6
1.498e+2, -1.289e-6
1.499e+2, -1.288e-6
1.500e+2, -1.286e-6
1.501e+2, -1.288e-6
1.502e+2, -1.286e-6
1.503e+2, -1.290e-6
1.504e+2, -1.288e-6
1.505e+2, -1.290e-6
1.506e+2, -1.287e-6
1.507e+2, -1.283e-6
1.508e+2, -1.291e-6
1.509e+2, -1.291e-6
1.510e+2, -1.289e-6
1.511e+2, -1.286e-6
1.512e+2, -1.289e-6
1.513e+2, -1.291e-6
1.514e+2, -1.289e-6
1.515e+2, -1.289e-6
1.516e+2, -1.291e-6
1.517e+2, -1.289e-6
1.518e+2, -1.290e-6
1.519e+2, -1.290e-6
1.520e+2, -1.293e-6
1.521e+2, -1.290e-6
1.522e+2, -1.290e-6
1.523e+2, -1.292e-6
1.524e+2, -1.292e-6
1.525e+2, -1.292e-6
1.526e+2, -1.291e-6
1.527e+2, -1.290e-6
1.528e+2, -1.289e-6
1.529e+2, -1.303e-6
1.530e+2, -1.298e-6
1.531e+2, -1.294e-6
1.532e+2, -1.292e-6
1.533e+2, -1.291e-6
1.534e+2, -1.291e-6
1.535e+2, -1.291e-6
1.536e+2, -1.306e-6
1.537e+2, -1.492e-6
1.538e+2, -1.492e-6
1.539e+2, -1.490e-6
1.540e+2, -1.486e-6
1.541e+2, -1.489e-6
1.542e+2, -1.486e-6
1.543e+2, -1.487e-6
1.544e+2, -1.486e-6
1.545e+2, -1.487e-6
1.546e+2, -1.487e-6
1.547e+2, -1.492e-6
1.548e+2, -1.490e-6
1.549e+2, -1.484e-6
1.550e+2, -1.485e-6
1.551e+2, -1.484e-6
1.552e+2, -1.484e-6
1.553e+2, -1.484e-6
1.554e+2, -1.486e-6
1.555e+2, -1.482e-6
1.556e+2, -1.489e-6
1.557e+2, -1.485e-6
1.558e+2, -1.484e-6
1.559e+2, -1.486e-6
1.560e+2, -1.488e-6
1.561e+2, -1.487e-6
1.562e+2, -1.486e-6
1.563e+2, -1.487e-6
1.564e+2, -1.489e-6
1.565e+2, -1.491e-6
1.566e+2, -1.486e-6
1.567e+2, -1.486e-6
1.568e+2, -1.485e-6
1.569e+2, -1.486e-6
1.570e+2, -1.486e-6
1.571e+2, -1.485e-6
1.572e+2, -1.489e-6
1.573e+2, -1.484e-6
1.574e+2, -1.484e-6
1.575e+2, -1.482e-6
1.576e+2, -1.483e-6
1.577e+2, -1.479e-6
1.578e+2, -1.482e-6
1.579e+2, -1.480e-6
1.580e+2, -1.484e-6
1.581e+2, -1.484e-6
1.582e+2, -1.486e-6
1.583e+2, -1.486e-6
1.584e+2, -1.487e-6
1.585e+2, -1.488e-6
1.586e+2, -1.488e-6
1.587e+2, -1.488e-6
1.588e+2, -1.488e-6
1.589e+2, -1.493e-6
1.590e+2, -1.491e-6
1.591e+2, -1.483e-6
1.592e+2, -1.484e-6
1.593e+2, -1.485e-6
1.594e+2, -1.483e-6
1.595e+2, -1.479e-6
1.596e+2, -1.479e-6
1.597e+2, -1.481e-6
1.598e+2, -1.479e-6
1.599e+2, -1.481e-6
1.600e+2, -1.478e-6
1.601e+2, -1.480e-6
1.602e+2, -1.482e-6
1.603e+2, -1.481e-6
1.604e+2, -1.480e-6
1.605e+2, -1.478e-6
1.606e+2, -1.489e-6
1.607e+2, -1.487e-6
1.608e+2, -1.486e-6
1.609e+2, -1.488e-6
1.610e+2, -1.489e-6
1.611e+2, -1.486e-6
1.612e+2, -1.486e-6
1.613e+2, -1.488e-6
1.614e+2, -1.490e-6
1.615e+2, -1.489e-6
1.616e+2, -1.496e-6
1.617e+2, -1.492e-6
1.618e+2, -1.494e-6
1.619e+2, -1.717e-6
1.620e+2, -1.731e-6
1.621e+2, -1.731e-6
1.622e+2, -1.727e-6
1.623e+2, -1.731e-6
1.624e+2, -1.732e-6
1.625e+2, -1.730e-6
1.626e+2, -1.728e-6
1.627e+2, -1.726e-6
1.628e+2, -1.724e-6
1.629e+2, -1.723e-6
1.630e+2, -1.723e-6
1.631e+2, -1.727e-6
1.632e+2, -1.724e-6
1.633e+2, -1.723e-6
1.634e+2, -1.734e-6
1.635e+2, -1.725e-6
1.636e+2, -1.728e-6
1.637e+2, -1.724e-6
1.638e+2, -1.726e-6
1.639e+2, -1.723e-6
1.640e+2, -1.723e-6
1.641e+2, -1.720e-6
1.642e+2, -1.721e-6
1.643e+2, -1.732e-6
1.644e+2, -1.727e-6
1.645e+2, -1.722e-6
1.646e+2, -1.725e-6
1.647e+2, -1.729e-6
1.648e+2, -1.729e-6
1.649e+2, -1.737e-6
1.650e+2, -1.736e-6
1.651e+2, -1.731e-6
1.652e+2, -1.734e-6
1.653e+2, -1.732e-6
1.654e+2, -1.733e-6
1.655e+2, -1.730e-6
1.656e+2, -1.728e-6
1.657e+2, -1.727e-6
1.658e+2, -1.726e-6
1.659e+2, -1.726e-6
1.660e+2, -1.732e-6
1.661e+2, -1.733e-6
1.662e+2, -1.728e-6
1.663e+2, -1.728e-6
1.664e+2, -1.728e-6
1.665e+2, -1.727e-6
1.666e+2, -1.730e-6
1.667e+2, -1.725e-6
1.668e+2, -1.729e-6
1.669e+2, -1.728e-6
1.670e+2, -1.727e-6
1.671e+2, -1.730e-6
1.672e+2, -1.726e-6
1.673e+2, -1.729e-6
1.674e+2, -1.726e-6
1.675e+2, -1.725e-6
1.676e+2, -1.724e-6
1.677e+2, -1.728e-6
1.678e+2, -1.729e-6
1.679e+2, -1.729e-6
1.680e+2, -1.727e-6
1.681e+2, -1.724e-6
1.682e+2, -1.722e-6
1.683e+2, -1.723e-6
1.684e+2, -1.723e-6
1.685e+2, -1.725e-6
1.686e+2, -1.729e-6
1.687e+2, -1.728e-6
1.688e+2, -1.728e-6
1.689e+2, -1.725e-6
1.690e+2, -1.723e-6
1.691e+2, -1.723e-6
1.692e+2, -1.728e-6
1.693e+2, -1.724e-6
1.694e+2, -1.728e-6
1.695e+2, -1.726e-6
1.696e+2, -1.731e-6
1.697e+2, -1.722e-6
1.698e+2, -1.725e-6
1.699e+2, -1.724e-6
1.700e+2, -1.723e-6
1.701e+2, -1.974e-6
1.702e+2, -2.009e-6
1.703e+2, -2.010e-6
1.704e+2, -2.006e-6
1.705e+2, -2.018e-6
1.706e+2, -2.013e-6
1.707e+2, -2.009e-6
1.708e+2, -2.009e-6
1.709e+2, -2.013e-6
1.710e+2, -2.021e-6
1.711e+2, -2.009e-6
1.712e+2, -2.012e-6
1.713e+2, -2.011e-6
1.714e+2, -2.016e-6
1.715e+2, -2.005e-6
1.716e+2, -2.022e-6
1.717e+2, -2.023e-6
1.718e+2, -2.015e-6
1.719e+2, -2.022e-6
1.720e+2, -2.019e-6
1.721e+2, -2.016e-6
1.722e+2, -2.018e-6
1.723e+2, -2.014e-6
1.724e+2, -2.015e-6
1.725e+2, -2.022e-6
1.726e+2, -2.022e-6
1.727e+2, -2.013e-6
1.728e+2, -2.015e-6
1.729e+2, -2.016e-6
1.730e+2, -2.015e-6
1.731e+2, -2.014e-6
1.732e+2, -2.013e-6
1.733e+2, -2.016e-6
1.734e+2, -2.017e-6
1.735e+2, -2.016e-6
1.736e+2, -2.018e-6
1.737e+2, -2.015e-6
1.738e+2, -2.015e-6
1.739e+2, -2.015e-6
1.740e+2, -2.016e-6
1.741e+2, -2.013e-6
1.742e+2, -2.018e-6
1.743e+2, -2.017e-6
1.744e+2, -2.022e-6
1.745e+2, -2.018e-6
1.746e+2, -2.019e-6
1.747e+2, -2.015e-6
1.748e+2, -2.019e-6
1.749e+2, -2.023e-6
1.750e+2, -2.017e-6
1.751e+2, -2.016e-6
1.752e+2, -2.023e-6
1.753e+2, -2.023e-6
1.754e+2, -2.017e-6
1.755e+2, -2.031e-6
1.756e+2, -2.028e-6
1.757e+2, -2.028e-6
1.758e+2, -2.024e-6
1.759e+2, -2.023e-6
1.760e+2, -2.021e-6
1.761e+2, -2.021e-6
1.762e+2, -2.017e-6
1.763e+2, -2.019e-6
1.764e+2, -2.023e-6
1.765e+2, -2.025e-6
1.766e+2, -2.020e-6
1.767e+2, -2.021e-6
1.768e+2, -2.021e-6
1.769e+2, -2.021e-6
1.770e+2, -2.032e-6
1.771e+2, -2.022e-6
1.772e+2, -2.020e-6
1.773e+2, -2.021e-6
1.774e+2, -2.024e-6
1.775e+2, -2.023e-6
1.776e+2, -2.019e-6
1.777e+2, -2.021e-6
1.778e+2, -2.017e-6
1.779e+2, -2.029e-6
1.780e+2, -2.024e-6
1.781e+2, -2.022e-6
1.782e+2, -2.025e-6
1.783e+2, -2.294e-6
1.784e+2, -2.338e-6
1.785e+2, -2.334e-6
1.786e+2, -2.328e-6
1.787e+2, -2.329e-6
1.788e+2, -2.332e-6
1.789e+2, -2.338e-6
1.790e+2, -2.336e-6
1.791e+2, -2.341e-6
1.792e+2, -2.339e-6
1.793e+2, -2.341e-6
1.794e+2, -2.339e-6
1.795e+2, -2.339e-6
1.796e+2, -2.343e-6
1.797e+2, -2.345e-6
1.798e+2, -2.344e-6
1.799e+2, -2.343e-6
1.800e+2, -2.344e-6
1.801e+2, -2.340e-6
1.802e+2, -2.340e-6
1.803e+2, -2.341e-6
1.804e+2, -2.340e-6
1.805e+2, -2.348e-6
1.806e+2, -2.344e-6
1.807e+2, -2.344e-6
1.808e+2, -2.338e-6
1.809e+2, -2.341e-6
1.810e+2, -2.333e-6
1.811e+2, -2.336e-6
1.812e+2, -2.341e-6
1.813e+2, -2.336e-6
1.814e+2, -2.335e-6
1.815e+2, -2.344e-6
1.816e+2, -2.349e-6
1.817e+2, -2.338e-6
1.818e+2, -2.344e-6
1.819e+2, -2.341e-6
1.820e+2, -2.343e-6
1.821e+2, -2.339e-6
1.822e+2, -2.341e-6
1.823e+2, -2.351e-6
1.824e+2, -2.354e-6
1.825e+2, -2.341e-6
1.826e+2, -2.340e-6
1.827e+2, -2.341e-6
1.828e+2, -2.341e-6
1.829e+2, -2.338e-6
1.830e+2, -2.333e-6
1.831e+2, -2.334e-6
1.832e+2, -2.339e-6
1.833e+2, -2.339e-6
1.834e+2, -2.337e-6
1.835e+2, -2.335e-6
1.836e+2, -2.343e-6
1.837e+2, -2.340e-6
1.838e+2, -2.337e-6
1.839e+2, -2.337e-6
1.840e+2, -2.350e-6
1.841e+2, -2.351e-6
1.842e+2, -2.351e-6
1.843e+2, -2.339e-6
1.844e+2, -2.340e-6
1.845e+2, -2.338e-6
1.846e+2, -2.343e-6
1.847e+2, -2.343e-6
1.848e+2, -2.349e-6
1.849e+2, -2.346e-6
1.850e+2, -2.350e-6
1.851e+2, -2.351e-6
1.852e+2, -2.348e-6
1.853e+2, -2.350e-6
1.854e+2, -2.345e-6
1.855e+2, -2.338e-6
1.856e+2, -2.344e-6
1.857e+2, -2.353e-6
1.858e+2, -2.349e-6
1.859e+2, -2.351e-6
1.860e+2, -2.342e-6
1.861e+2, -2.348e-6
1.862e+2, -2.343e-6
1.863e+2, -2.339e-6
1.864e+2, -2.333e-6
1.865e+2, -2.582e-6
1.866e+2, -2.721e-6
1.867e+2, -2.713e-6
1.868e+2, -2.709e-6
1.869e+2, -2.710e-6
1.870e+2, -2.712e-6
1.871e+2, -2.703e-6
1.872e+2, -2.713e-6
1.873e+2, -2.721e-6
1.874e+2, -2.714e-6
1.875e+2, -2.713e-6
1.876e+2, -2.716e-6
1.877e+2, -2.713e-6
1.878e+2, -2.709e-6
1.879e+2, -2.725e-6
1.880e+2, -2.708e-6
1.881e+2, -2.711e-6
1.882e+2, -2.710e-6
1.883e+2, -2.709e-6
1.884e+2, -2.708e-6
1.885e+2, -2.718e-6
1.886e+2, -2.724e-6
1.887e+2, -2.714e-6
1.888e+2, -2.707e-6
1.889e+2, -2.714e-6
1.890e+2, -2.715e-6
1.891e+2, -2.705e-6
1.892e+2, -2.697e-6
1.893e+2, -2.708e-6
1.894e+2, -2.718e-6
1.895e+2, -2.710e-6
1.896e+2, -2.715e-6
1.897e+2, -2.717e-6
1.898e+2, -2.725e-6
1.899e+2, -2.716e-6
1.900e+2, -2.708e-6
1.901e+2, -2.705e-6
1.902e+2, -2.708e-6
1.903e+2, -2.710e-6
1.904e+2, -2.710e-6
1.905e+2, -2.708e-6
1.906e+2, -2.719e-6
1.907e+2, -2.719e-6
1.908e+2, -2.715e-6
1.909e+2, -2.705e-6
1.910e+2, -2.707e-6
1.911e+2, -2.710e-6
1.912e+2, -2.718e-6
1.913e+2, -2.691e-6
1.914e+2, -2.722e-6
1.915e+2, -2.714e-6
1.916e+2, -2.704e-6
1.917e+2, -2.703e-6
1.918e+2, -2.717e-6
1.919e+2, -2.711e-6
1.920e+2, -2.710e-6
1.921e+2, -2.713e-6
1.922e+2, -2.724e-6
1.923e+2, -2.736e-6
1.924e+2, -2.715e-6
1.925e+2, -2.718e-6
1.926e+2, -2.720e-6
1.927e+2, -2.712e-6
1.928e+2, -2.707e-6
1.929e+2, -2.713e-6
1.930e+2, -2.707e-6
1.931e+2, -2.725e-6
1.932e+2, -2.723e-6
1.933e+2, -2.712e-6
1.934e+2, -2.716e-6
1.935e+2, -2.717e-6
1.936e+2, -2.714e-6
1.937e+2, -2.710e-6
1.938e+2, -2.707e-6
1.939e+2, -2.706e-6
1.940e+2, -2.723e-6
1.941e+2, -2.714e-6
1.942e+2, -2.711e-6
1.943e+2, -2.699e-6
1.944e+2, -2.704e-6
1.945e+2, -2.709e-6
1.946e+2, -2.710e-6
1.947e+2, -2.942e-6
1.948e+2, -3.105e-6
1.949e+2, -3.128e-6
1.950e+2, -3.124e-6
1.951e+2, -3.112e-6
1.952e+2, -3.114e-6
1.953e+2, -3.117e-6
1.954e+2, -3.113e-6
1.955e+2, -3.111e-6
1.956e+2, -3.134e-6
1.957e+2, -3.111e-6
1.958e+2, -3.121e-6
1.959e+2, -3.112e-6
1.960e+2, -3.115e-6
1.961e+2, -3.116e-6
1.962e+2, -3.109e-6
1.963e+2, -3.104e-6
1.964e+2, -3.129e-6
1.965e+2, -3.112e-6
1.966e+2, -3.107e-6
1.967e+2, -3.112e-6
1.968e+2, -3.122e-6
1.969e+2, -3.114e-6
1.970e+2, -3.104e-6
1.971e+2, -3.114e-6
1.972e+2, -3.118e-6
1.973e+2, -3.114e-6
1.974e+2, -3.115e-6
1.975e+2, -3.112e-6
1.976e+2, -3.109e-6
1.977e+2, -3.099e-6
1.978e+2, -3.109e-6
1.979e+2, -3.115e-6
1.980e+2, -3.109e-6
1.981e+2, -3.112e-6
1.982e+2, -3.111e-6
1.983e+2, -3.117e-6
1.984e+2, -3.114e-6
1.985e+2, -3.119e-6
1.986e+2, -3.114e-6
1.987e+2, -3.105e-6
1.988e+2, -3.110e-6
1.989e+2, -3.109e-6
1.990e+2, -3.099e-6
1.991e+2, -3.101e-6
1.992e+2, -3.101e-6
1.993e+2, -3.104e-6
1.994e+2, -3.106e-6
1.995e+2, -3.120e-6
1.996e+2, -3.115e-6
1.997e+2, -3.109e-6
1.998e+2, -3.098e-6
1.999e+2, -3.108e-6
2.000e+2, -3.105e-6
2.001e+2, -3.110e-6
2.002e+2, -3.103e-6
2.003e+2, -3.088e-6
2.004e+2, -3.110e-6
2.005e+2, -3.113e-6
2.006e+2, -3.094e-6
2.007e+2, -3.094e-6
2.008e+2, -3.105e-6
2.009e+2, -3.102e-6
2.010e+2, -3.094e-6
2.011e+2, -3.090e-6
2.012e+2, -3.094e-6
2.013e+2, -3.108e-6
2.014e+2, -3.119e-6
2.015e+2, -3.093e-6
2.016e+2, -3.103e-6
2.017e+2, -3.099e-6
2.018e+2, -3.097e-6
2.019e+2, -3.093e-6
2.020e+2, -3.097e-6
2.021e+2, -3.085e-6
2.022e+2, -3.087e-6
2.023e+2, -3.105e-6
2.024e+2, -3.103e-6
2.025e+2, -3.086e-6
2.026e+2, -3.092e-6
2.027e+2, -3.100e-6
2.028e+2, -3.098e-6
2.029e+2, -3.319e-6
2.030e+2, -3.565e-6
2.031e+2, -3.534e-6
2.032e+2, -3.551e-6
2.033e+2, -3.548e-6
2.034e+2, -3.553e-6
2.035e+2, -3.562e-6
2.036e+2, -3.552e-6
2.037e+2, -3.562e-6
2.038e+2, -3.534e-6
2.039e+2, -3.572e-6
2.040e+2, -3.555e-6
2.041e+2, -3.560e-6
2.042e+2, -3.554e-6
2.043e+2, -3.558e-6
2.044e+2, -3.551e-6
2.045e+2, -3.549e-6
2.046e+2, -3.545e-6
2.047e+2, -3.558e-6
2.048e+2, -3.559e-6
2.049e+2, -3.555e-6
2.050e+2, -3.552e-6
2.051e+2, -3.558e-6
2.052e+2, -3.553e-6
2.053e+2, -3.546e-6
2.054e+2, -3.553e-6
2.055e+2, -3.548e-6
2.056e+2, -3.558e-6
2.057e+2, -3.576e-6
2.058e+2, -3.565e-6
2.059e+2, -3.554e-6
2.060e+2, -3.553e-6
2.061e+2, -3.556e-6
2.062e+2, -3.540e-6
2.063e+2, -3.540e-6
2.064e+2, -3.542e-6
2.065e+2, -3.550e-6
2.066e+2, -3.546e-6
2.067e+2, -3.544e-6
2.068e+2, -3.535e-6
2.069e+2, -3.545e-6
2.070e+2, -3.549e-6
2.071e+2, -3.544e-6
2.072e+2, -3.554e-6
2.073e+2, -3.554e-6
2.074e+2, -3.559e-6
2.075e+2, -3.542e-6
2.076e+2, -3.546e-6
2.077e+2, -3.549e-6
2.078e+2, -3.550e-6
2.079e+2, -3.553e-6
2.080e+2, -3.551e-6
2.081e+2, -3.549e-6
2.082e+2, -3.549e-6
2.083e+2, -3.555e-6
2.084e+2, -3.548e-6
2.085e+2, -3.551e-6
2.086e+2, -3.550e-6
2.087e+2, -3.551e-6
2.088e+2, -3.540e-6
2.089e+2, -3.567e-6
2.090e+2, -3.544e-6
2.091e+2, -3.560e-6
2.092e+2, -3.533e-6
2.093e+2, -3.563e-6
2.094e+2, -3.558e-6
2.095e+2, -3.562e-6
2.096e+2, -3.557e-6
2.097e+2, -3.559e-6
2.098e+2, -3.580e-6
2.099e+2, -3.569e-6
2.100e+2, -3.582e-6
2.101e+2, -3.567e-6
2.102e+2, -3.568e-6
2.103e+2, -3.565e-6
2.104e+2, -3.567e-6
2.105e+2, -3.564e-6
2.106e+2, -3.555e-6
2.107e+2, -3.575e-6
2.108e+2, -3.576e-6
2.109e+2, -3.556e-6
2.110e+2, -3.562e-6
2.111e+2, -3.807e-6
2.112e+2, -3.997e-6
2.113e+2, -3.984e-6
2.114e+2, -3.992e-6
2.115e+2, -4.018e-6
2.116e+2, -4.004e-6
2.117e+2, -4.008e-6
2.118e+2, -4.010e-6
2.119e+2, -4.011e-6
2.120e+2, -4.009e-6
2.121e+2, -4.006e-6
2.122e+2, -3.987e-6
2.123e+2, -4.031e-6
2.124e+2, -4.019e-6
2.125e+2, -4.013e-6
2.126e+2, -3.989e-6
2.127e+2, -4.001e-6
2.128e+2, -4.007e-6
2.129e+2, -4.007e-6
2.130e+2, -4.001e-6
2.131e+2, -3.982e-6
2.132e+2, -4.032e-6
2.133e+2, -4.027e-6
2.134e+2, -3.998e-6
2.135e+2, -3.995e-6
2.136e+2, -4.002e-6
2.137e+2, -4.006e-6
2.138e+2, -3.995e-6
2.139e+2, -4.019e-6
2.140e+2, -4.003e-6
2.141e+2, -4.018e-6
2.142e+2, -3.988e-6
2.143e+2, -3.992e-6
2.144e+2, -4.002e-6
2.145e+2, -4.003e-6
2.146e+2, -3.996e-6
2.147e+2, -3.999e-6
2.148e+2, -3.983e-6
2.149e+2, -4.005e-6
2.150e+2, -3.995e-6
2.151e+2, -3.998e-6
2.152e+2, -3.991e-6
2.153e+2, -4.008e-6
2.154e+2, -4.003e-6
2.155e+2, -4.007e-6
2.156e+2, -4.019e-6
2.157e+2, -4.006e-6
2.158e+2, -4.001e-6
2.159e+2, -4.013e-6
2.160e+2, -4.016e-6
2.161e+2, -4.014e-6
2.162e+2, -4.013e-6
2.163e+2, -4.021e-6
2.164e+2, -4.014e-6
2.165e+2, -4.017e-6
2.166e+2, -3.997e-6
2.167e+2, -4.015e-6
2.168e+2, -4.009e-6
2.169e+2, -4.013e-6
2.170e+2, -4.008e-6
2.171e+2, -4.008e-6
2.172e+2, -4.009e-6
2.173e+2, -4.004e-6
2.174e+2, -3.995e-6
2.175e+2, -4.001e-6
2.176e+2, -4.007e-6
2.177e+2, -4.007e-6
2.178e+2, -4.003e-6
2.179e+2, -4.004e-6
2.180e+2, -4.001e-6
2.181e+2, -4.005e-6
2.182e+2, -4.015e-6
2.183e+2, -4.011e-6
2.184e+2, -4.013e-6
2.185e+2, -4.007e-6
2.186e+2, -4.000e-6
2.187e+2, -4.013e-6
2.188e+2, -4.007e-6
2.189e+2, -4.011e-6
2.190e+2, -4.007e-6
2.191e+2, -4.008e-6
2.192e+2, -4.000e-6
2.193e+2, -4.298e-6
2.194e+2, -4.502e-6
2.195e+2, -4.553e-6
2.196e+2, -4.543e-6
2.197e+2, -4.538e-6
2.198e+2, -4.529e-6
2.199e+2, -4.531e-6
2.200e+2, -4.530e-6
2.201e+2, -4.530e-6
2.202e+2, -4.531e-6
2.203e+2, -4.559e-6
2.204e+2, -4.542e-6
2.205e+2, -4.515e-6
2.206e+2, -4.517e-6
2.207e+2, -4.527e-6
2.208e+2, -4.522e-6
2.209e+2, -4.523e-6
2.210e+2, -4.512e-6
2.211e+2, -4.528e-6
2.212e+2, -4.518e-6
2.213e+2, -4.517e-6
2.214e+2, -4.531e-6
2.215e+2, -4.532e-6
2.216e+2, -4.504e-6
2.217e+2, -4.553e-6
2.218e+2, -4.523e-6
2.219e+2, -4.508e-6
2.220e+2, -4.519e-6
2.221e+2, -4.531e-6
2.222e+2, -4.520e-6
2.223e+2, -4.504e-6
2.224e+2, -4.522e-6
2.225e+2, -4.540e-6
2.226e+2, -4.520e-6
2.227e+2, -4.509e-6
2.228e+2, -4.544e-6
2.229e+2, -4.550e-6
2.230e+2, -4.517e-6
2.231e+2, -4.523e-6
2.232e+2, -4.528e-6
2.233e+2, -4.524e-6
2.234e+2, -4.518e-6
2.235e+2, -4.515e-6
2.236e+2, -4.540e-6
2.237e+2, -4.549e-6
2.238e+2, -4.532e-6
2.239e+2, -4.523e-6
2.240e+2, -4.517e-6
2.241e+2, -4.531e-6
2.242e+2, -4.513e-6
2.243e+2, -4.521e-6
2.244e+2, -4.507e-6
2.245e+2, -4.512e-6
2.246e+2, -4.516e-6
2.247e+2, -4.538e-6
2.248e+2, -4.523e-6
2.249e+2, -4.523e-6
2.250e+2, -4.539e-6
2.251e+2, -4.507e-6
2.252e+2, -4.528e-6
2.253e+2, -4.533e-6
2.254e+2, -4.520e-6
2.255e+2, -4.515e-6
2.256e+2, -4.531e-6
2.257e+2, -4.524e-6
2.258e+2, -4.537e-6
2.259e+2, -4.540e-6
2.260e+2, -4.532e-6
2.261e+2, -4.531e-6
2.262e+2, -4.531e-6
2.263e+2, -4.530e-6
2.264e+2, -4.517e-6
2.265e+2, -4.524e-6
2.266e+2, -4.524e-6
2.267e+2, -4.534e-6
2.268e+2, -4.529e-6
2.269e+2, -4.519e-6
2.270e+2, -4.525e-6
2.271e+2, -4.514e-6
2.272e+2, -4.510e-6
2.273e+2, -4.511e-6
2.274e+2, -4.515e-6
2.275e+2, -4.659e-6
2.276e+2, -4.978e-6
2.277e+2, -4.975e-6
2.278e+2, -4.980e-6
2.279e+2, -4.974e-6
2.280e+2, -4.987e-6
2.281e+2, -4.994e-6
2.282e+2, -5.005e-6
2.283e+2, -4.980e-6
2.284e+2, -5.023e-6
2.285e+2, -5.017e-6
2.286e+2, -5.011e-6
2.287e+2, -5.001e-6
2.288e+2, -4.995e-6
2.289e+2, -5.012e-6
2.290e+2, -5.007e-6
2.291e+2, -4.996e-6
2.292e+2, -5.012e-6
2.293e+2, -5.010e-6
2.294e+2, -5.010e-6
2.295e+2, -5.011e-6
2.296e+2, -5.016e-6
2.297e+2, -5.023e-6
2.298e+2, -5.023e-6
2.299e+2, -5.019e-6
2.300e+2, -5.005e-6
2.301e+2, -5.009e-6
2.302e+2, -5.000e-6
2.303e+2, -5.011e-6
2.304e+2, -4.994e-6
2.305e+2, -5.005e-6
2.306e+2, -5.029e-6
2.307e+2, -5.043e-6
2.308e+2, -4.998e-6
2.309e+2, -4.993e-6
2.310e+2, -4.990e-6
2.311e+2, -4.990e-6
2.312e+2, -4.987e-6
2.313e+2, -4.974e-6
2.314e+2, -5.030e-6
2.315e+2, -5.016e-6
2.316e+2, -5.002e-6
2.317e+2, -4.983e-6
2.318e+2, -5.009e-6
2.319e+2, -5.016e-6
2.320e+2, -4.999e-6
2.321e+2, -4.991e-6
2.322e+2, -5.001e-6
2.323e+2, -4.991e-6
2.324e+2, -5.015e-6
2.325e+2, -4.990e-6
2.326e+2, -5.007e-6
2.327e+2, -5.005e-6
2.328e+2, -4.986e-6
2.329e+2, -4.992e-6
2.330e+2, -5.008e-6
2.331e+2, -4.990e-6
2.332e+2, -4.999e-6
2.333e+2, -4.997e-6
2.334e+2, -5.005e-6
2.335e+2, -5.005e-6
2.336e+2, -5.006e-6
2.337e+2, -5.010e-6
2.338e+2, -5.000e-6
2.339e+2, -5.015e-6
2.340e+2, -5.009e-6
2.341e+2, -5.013e-6
2.342e+2, -5.012e-6
2.343e+2, -5.015e-6
2.344e+2, -5.011e-6
2.345e+2, -5.006e-6
2.346e+2, -5.018e-6
2.347e+2, -4.996e-6
2.348e+2, -5.008e-6
2.349e+2, -5.032e-6
2.350e+2, -5.032e-6
2.351e+2, -5.019e-6
2.352e+2, -5.021e-6
2.353e+2, -5.027e-6
2.354e+2, -5.029e-6
2.355e+2, -5.020e-6
2.356e+2, -4.994e-6
2.357e+2, -5.184e-6
2.358e+2, -5.599e-6
2.359e+2, -5.576e-6
2.360e+2, -5.565e-6
2.361e+2, -5.568e-6
2.362e+2, -5.577e-6
2.363e+2, -5.592e-6
2.364e+2, -5.589e-6
2.365e+2, -5.593e-6
2.366e+2, -5.590e-6
2.367e+2, -5.587e-6
2.368e+2, -5.595e-6
2.369e+2, -5.585e-6
2.370e+2, -5.590e-6
2.371e+2, -5.584e-6
2.372e+2, -5.585e-6
2.373e+2, -5.603e-6
2.374e+2, -5.610e-6
2.375e+2, -5.579e-6
2.376e+2, -5.578e-6
2.377e+2, -5.577e-6
2.378e+2, -5.562e-6
2.379e+2, -5.560e-6
2.380e+2, -5.552e-6
2.381e+2, -5.568e-6
2.382e+2, -5.568e-6
2.383e+2, -5.561e-6
2.384e+2, -5.552e-6
2.385e+2, -5.560e-6
2.386e+2, -5.576e-6
2.387e+2, -5.568e-6
2.388e+2, -5.554e-6
2.389e+2, -5.568e-6
2.390e+2, -5.593e-6
2.391e+2, -5.571e-6
2.392e+2, -5.557e-6
2.393e+2, -5.568e-6
2.394e+2, -5.574e-6
2.395e+2, -5.574e-6
2.396e+2, -5.553e-6
2.397e+2, -5.553e-6
2.398e+2, -5.607e-6
2.399e+2, -5.593e-6
2.400e+2, -5.584e-6
2.401e+2, -5.571e-6
2.402e+2, -5.562e-6
2.403e+2, -5.566e-6
2.404e+2, -5.571e-6
2.405e+2, -5.574e-6
2.406e+2, -5.578e-6
2.407e+2, -5.588e-6
2.408e+2, -5.611e-6
2.409e+2, -5.569e-6
2.410e+2, -5.565e-6
2.411e+2, -5.579e-6
2.412e+2, -5.589e-6
2.413e+2, -5.577e-6
2.414e+2, -5.575e-6
2.415e+2, -5.628e-6
2.416e+2, -5.578e-6
2.417e+2, -5.594e-6
2.418e+2, -5.564e-6
2.419e+2, -5.567e-6
2.420e+2, -5.576e-6
2.421e+2, -5.570e-6
2.422e+2, -5.536e-6
2.423e+2, -5.533e-6
2.424e+2, -5.603e-6
2.425e+2, -5.583e-6
2.426e+2, -5.562e-6
2.427e+2, -5.583e-6
2.428e+2, -5.587e-6
2.429e+2, -5.588e-6
2.430e+2, -5.590e-6
2.431e+2, -5.572e-6
2.432e+2, -5.614e-6
2.433e+2, -5.591e-6
2.434e+2, -5.589e-6
2.435e+2, -5.569e-6
2.436e+2, -5.577e-6
2.437e+2, -5.573e-6
2.438e+2, -5.602e-6
2.439e+2, -5.680e-6
2.440e+2, -6.172e-6
2.441e+2, -6.180e-6
2.442e+2, -6.163e-6
2.443e+2, -6.113e-6
2.444e+2, -6.108e-6
2.445e+2, -6.135e-6
2.446e+2, -6.146e-6
2.447e+2, -6.131e-6
2.448e+2, -6.126e-6
2.449e+2, -6.155e-6
2.450e+2, -6.174e-6
2.451e+2, -6.173e-6
2.452e+2, -6.120e-6
2.453e+2, -6.139e-6
2.454e+2, -6.158e-6
2.455e+2, -6.157e-6
2.456e+2, -6.148e-6
2.457e+2, -6.137e-6
2.458e+2, -6.112e-6
2.459e+2, -6.174e-6
2.460e+2, -6.152e-6
2.461e+2, -6.144e-6
2.462e+2, -6.128e-6
2.463e+2, -6.130e-6
2.464e+2, -6.161e-6
2.465e+2, -6.163e-6
2.466e+2, -6.155e-6
2.467e+2, -6.154e-6
2.468e+2, -6.166e-6
2.469e+2, -6.173e-6
2.470e+2, -6.139e-6
2.471e+2, -6.152e-6
2.472e+2, -6.148e-6
2.473e+2, -6.144e-6
2.474e+2, -6.149e-6
2.475e+2, -6.111e-6
2.476e+2, -6.168e-6
2.477e+2, -6.163e-6
2.478e+2, -6.151e-6
2.479e+2, -6.147e-6
2.480e+2, -6.136e-6
2.481e+2, -6.129e-6
2.482e+2, -6.167e-6
2.483e+2, -6.151e-6
2.484e+2, -6.131e-6
2.485e+2, -6.150e-6
2.486e+2, -6.153e-6
2.487e+2, -6.148e-6
2.488e+2, -6.126e-6
2.489e+2, -6.129e-6
2.490e+2, -6.132e-6
2.491e+2, -6.124e-6
2.492e+2, -6.134e-6
2.493e+2, -6.158e-6
2.494e+2, -6.165e-6
2.495e+2, -6.152e-6
2.496e+2, -6.159e-6
2.497e+2, -6.153e-6
2.498e+2, -6.155e-6
2.499e+2, -6.133e-6
2.500e+2, -6.168e-6
2.501e+2, -6.188e-6
2.502e+2, -6.138e-6
2.503e+2, -6.148e-6
2.504e+2, -6.141e-6
2.505e+2, -6.146e-6
2.506e+2, -6.141e-6
2.507e+2, -6.164e-6
2.508e+2, -6.152e-6
2.509e+2, -6.142e-6
2.510e+2, -6.133e-6
2.511e+2, -6.158e-6
2.512e+2, -6.155e-6
2.513e+2, -6.161e-6
2.514e+2, -6.148e-6
2.515e+2, -6.121e-6
2.516e+2, -6.163e-6
2.517e+2, -6.169e-6
2.518e+2, -6.159e-6
2.519e+2, -6.142e-6
2.520e+2, -6.139e-6
2.521e+2, -6.365e-6
2.522e+2, -6.874e-6
2.523e+2, -6.889e-6
2.524e+2, -6.857e-6
2.525e+2, -6.891e-6
2.526e+2, -6.897e-6
2.527e+2, -6.902e-6
2.528e+2, -6.871e-6
2.529e+2, -6.950e-6
2.530e+2, -6.944e-6
2.531e+2, -6.903e-6
2.532e+2, -6.921e-6
2.533e+2, -6.919e-6
2.534e+2, -6.889e-6
2.535e+2, -6.918e-6
2.536e+2, -6.872e-6
2.537e+2, -6.876e-6
2.538e+2, -6.870e-6
2.539e+2, -6.869e-6
2.540e+2, -6.849e-6
2.541e+2, -6.875e-6
2.542e+2, -6.895e-6
2.543e+2, -6.890e-6
2.544e+2, -6.859e-6
2.545e+2, -6.855e-6
2.546e+2, -6.868e-6
2.547e+2, -6.876e-6
2.548e+2, -6.867e-6
2.549e+2, -6.848e-6
2.550e+2, -6.889e-6
2.551e+2, -6.898e-6
2.552e+2, -6.881e-6
2.553e+2, -6.878e-6
2.554e+2, -6.880e-6
2.555e+2, -6.872e-6
2.556e+2, -6.873e-6
2.557e+2, -6.862e-6
2.558e+2, -6.850e-6
2.559e+2, -6.921e-6
2.560e+2, -6.904e-6
2.561e+2, -6.887e-6
2.562e+2, -6.882e-6
2.563e+2, -6.861e-6
2.564e+2, -6.894e-6
2.565e+2, -6.899e-6
2.566e+2, -6.877e-6
2.567e+2, -6.840e-6
2.568e+2, -6.893e-6
2.569e+2, -6.912e-6
2.570e+2, -6.891e-6
2.571e+2, -6.883e-6
2.572e+2, -6.880e-6
2.573e+2, -6.875e-6
2.574e+2, -6.874e-6
2.575e+2, -6.866e-6
2.576e+2, -6.862e-6
2.577e+2, -6.884e-6
2.578e+2, -6.869e-6
2.579e+2, -6.849e-6
2.580e+2, -6.911e-6
2.581e+2, -6.890e-6
2.582e+2, -6.892e-6
2.583e+2, -6.843e-6
2.584e+2, -6.875e-6
2.585e+2, -6.884e-6
2.586e+2, -6.868e-6
2.587e+2, -6.880e-6
2.588e+2, -6.878e-6
2.589e+2, -6.892e-6
2.590e+2, -6.911e-6
2.591e+2, -6.861e-6
2.592e+2, -6.850e-6
2.593e+2, -6.853e-6
2.594e+2, -6.885e-6
2.595e+2, -6.877e-6
2.596e+2, -6.857e-6
2.597e+2, -6.896e-6
2.598e+2, -6.907e-6
2.599e+2, -6.888e-6
2.600e+2, -6.876e-6
2.601e+2, -6.880e-6
2.602e+2, -6.893e-6
2.603e+2, -6.977e-6
2.604e+2, -7.582e-6
2.605e+2, -7.633e-6
2.606e+2, -7.653e-6
2.607e+2, -7.639e-6
2.608e+2, -7.628e-6
2.609e+2, -7.648e-6
2.610e+2, -7.644e-6
2.611e+2, -7.617e-6
2.612e+2, -7.614e-6
2.613e+2, -7.602e-6
2.614e+2, -7.645e-6
2.615e+2, -7.642e-6
2.616e+2, -7.639e-6
2.617e+2, -7.615e-6
2.618e+2, -7.620e-6
2.619e+2, -7.606e-6
2.620e+2, -7.605e-6
2.621e+2, -7.619e-6
2.622e+2, -7.615e-6
2.623e+2, -7.621e-6
2.624e+2, -7.623e-6
2.625e+2, -7.617e-6
2.626e+2, -7.623e-6
2.627e+2, -7.638e-6
2.628e+2, -7.627e-6
2.629e+2, -7.609e-6
2.630e+2, -7.604e-6
2.631e+2, -7.629e-6
2.632e+2, -7.630e-6
2.633e+2, -7.632e-6
2.634e+2, -7.625e-6
2.635e+2, -7.605e-6
2.636e+2, -7.619e-6
2.637e+2, -7.604e-6
2.638e+2, -7.609e-6
2.639e+2, -7.583e-6
2.640e+2, -7.622e-6
2.641e+2, -7.639e-6
2.642e+2, -7.627e-6
2.643e+2, -7.631e-6
2.644e+2, -7.605e-6
2.645e+2, -7.666e-6
2.646e+2, -7.637e-6
2.647e+2, -7.635e-6
2.648e+2, -7.608e-6
2.649e+2, -7.607e-6
2.650e+2, -7.617e-6
2.651e+2, -7.610e-6
2.652e+2, -7.620e-6
2.653e+2, -7.610e-6
2.654e+2, -7.665e-6
2.655e+2, -7.628e-6
2.656e+2, -7.627e-6
2.657e+2, -7.613e-6
2.658e+2, -7.624e-6
2.659e+2, -7.611e-6
2.660e+2, -7.615e-6
2.661e+2, -7.600e-6
2.662e+2, -7.567e-6
2.663e+2, -7.654e-6
2.664e+2, -7.636e-6
2.665e+2, -7.637e-6
2.666e+2, -7.616e-6
2.667e+2, -7.637e-6
2.668e+2, -7.622e-6
2.669e+2, -7.625e-6
2.670e+2, -7.629e-6
2.671e+2, -7.665e-6
2.672e+2, -7.641e-6
2.673e+2, -7.615e-6
2.674e+2, -7.615e-6
2.675e+2, -7.640e-6
2.676e+2, -7.630e-6
2.677e+2, -7.640e-6
2.678e+2, -7.630e-6
2.679e+2, -7.674e-6
2.680e+2, -7.610e-6
2.681e+2, -7.649e-6
2.682e+2, -7.631e-6
2.683e+2, -7.629e-6
2.684e+2, -7.611e-6
2.685e+2, -7.679e-6
2.686e+2, -8.539e-6
2.687e+2, -8.576e-6
2.688e+2, -8.597e-6
2.689e+2, -8.539e-6
2.690e+2, -8.558e-6
2.691e+2, -8.603e-6
2.692e+2, -8.603e-6
2.693e+2, -8.575e-6
2.694e+2, -8.552e-6
2.695e+2, -8.613e-6
2.696e+2, -8.603e-6
2.697e+2, -8.586e-6
2.698e+2, -8.586e-6
2.699e+2, -8.581e-6
2.700e+2, -8.551e-6
2.701e+2, -8.578e-6
2.702e+2, -8.571e-6
2.703e+2, -8.533e-6
2.704e+2, -8.612e-6
2.705e+2, -8.617e-6
2.706e+2, -8.585e-6
2.707e+2, -8.579e-6
2.708e+2, -8.591e-6
2.709e+2, -8.562e-6
2.710e+2, -8.532e-6
2.711e+2, -8.584e-6
2.712e+2, -8.550e-6
2.713e+2, -8.591e-6
2.714e+2, -8.555e-6
2.715e+2, -8.542e-6
2.716e+2, -8.570e-6
2.717e+2, -8.541e-6
2.718e+2, -8.567e-6
2.719e+2, -8.572e-6
2.720e+2, -8.590e-6
2.721e+2, -8.571e-6
2.722e+2, -8.601e-6
2.723e+2, -8.656e-6
2.724e+2, -8.620e-6
2.725e+2, -8.620e-6
2.726e+2, -8.631e-6
2.727e+2, -8.625e-6
2.728e+2, -8.620e-6
2.729e+2, -8.614e-6
2.730e+2, -8.569e-6
2.731e+2, -8.639e-6
2.732e+2, -8.610e-6
2.733e+2, -8.609e-6
2.734e+2, -8.618e-6
2.735e+2, -8.616e-6
2.736e+2, -8.578e-6
2.737e+2, -8.578e-6
2.738e+2, -8.593e-6
2.739e+2, -8.575e-6
2.740e+2, -8.643e-6
2.741e+2, -8.634e-6
2.742e+2, -8.599e-6
2.743e+2, -8.600e-6
2.744e+2, -8.612e-6
2.745e+2, -8.580e-6
2.746e+2, -8.556e-6
2.747e+2, -8.553e-6
2.748e+2, -8.560e-6
2.749e+2, -8.543e-6
2.750e+2, -8.634e-6
2.751e+2, -8.567e-6
2.752e+2, -8.551e-6
2.753e+2, -8.548e-6
2.754e+2, -8.570e-6
2.755e+2, -8.570e-6
2.756e+2, -8.523e-6
2.757e+2, -8.600e-6
2.758e+2, -8.597e-6
2.759e+2, -8.592e-6
2.760e+2, -8.550e-6
2.761e+2, -8.579e-6
2.762e+2, -8.595e-6
2.763e+2, -8.573e-6
2.764e+2, -8.552e-6
2.765e+2, -8.549e-6
2.766e+2, -8.619e-6
2.767e+2, -8.638e-6
2.768e+2, -9.617e-6
2.769e+2, -9.643e-6
2.770e+2, -9.623e-6
2.771e+2, -9.629e-6
2.772e+2, -9.631e-6
2.773e+2, -9.681e-6
2.774e+2, -9.628e-6
2.775e+2, -9.664e-6
2.776e+2, -9.709e-6
2.777e+2, -9.668e-6
2.778e+2, -9.673e-6
2.779e+2, -9.650e-6
2.780e+2, -9.658e-6
2.781e+2, -9.662e-6
2.782e+2, -9.646e-6
2.783e+2, -9.686e-6
2.784e+2, -9.734e-6
2.785e+2, -9.702e-6
2.786e+2, -9.685e-6
2.787e+2, -9.682e-6
2.788e+2, -9.650e-6
2.789e+2, -9.631e-6
2.790e+2, -9.599e-6
2.791e+2, -9.621e-6
2.792e+2, -9.652e-6
2.793e+2, -9.597e-6
2.794e+2, -9.618e-6
2.795e+2, -9.623e-6
2.796e+2, -9.610e-6
2.797e+2, -9.632e-6
2.798e+2, -9.606e-6
2.799e+2, -9.615e-6
2.800e+2, -9.634e-6
2.801e+2, -9.658e-6
2.802e+2, -9.650e-6
2.803e+2, -9.661e-6
2.804e+2, -9.675e-6
2.805e+2, -9.653e-6
2.806e+2, -9.711e-6
2.807e+2, -9.678e-6
2.808e+2, -9.638e-6
2.809e+2, -9.658e-6
2.810e+2, -9.629e-6
2.811e+2, -9.649e-6
2.812e+2, -9.640e-6
2.813e+2, -9.598e-6
2.814e+2, -9.667e-6
2.815e+2, -9.669e-6
2.816e+2, -9.620e-6
2.817e+2, -9.633e-6
2.818e+2, -9.659e-6
2.819e+2, -9.643e-6
2.820e+2, -9.620e-6
2.821e+2, -9.602e-6
2.822e+2, -9.634e-6
2.823e+2, -9.676e-6
2.824e+2, -9.656e-6
2.825e+2, -9.649e-6
2.826e+2, -9.630e-6
2.827e+2, -9.640e-6
2.828e+2, -9.599e-6
2.829e+2, -9.667e-6
2.830e+2, -9.644e-6
2.831e+2, -9.656e-6
2.832e+2, -9.668e-6
2.833e+2, -9.642e-6
2.834e+2, -9.622e-6
2.835e+2, -9.592e-6
2.836e+2, -9.607e-6
2.837e+2, -9.656e-6
2.838e+2, -9.648e-6
2.839e+2, -9.600e-6
2.840e+2, -9.633e-6
2.841e+2, -9.660e-6
2.842e+2, -9.648e-6
2.843e+2, -9.606e-6
2.844e+2, -9.603e-6
2.845e+2, -9.629e-6
2.846e+2, -9.619e-6
2.847e+2, -9.630e-6
2.848e+2, -9.628e-6
2.849e+2, -9.677e-6
2.850e+2, -1.099e-5
2.851e+2, -1.100e-5
2.852e+2, -1.097e-5
2.853e+2, -1.104e-5
2.854e+2, -1.106e-5
2.855e+2, -1.102e-5
2.856e+2, -1.101e-5
2.857e+2, -1.103e-5
2.858e+2, -1.103e-5
2.859e+2, -1.103e-5
2.860e+2, -1.101e-5
2.861e+2, -1.100e-5
2.862e+2, -1.110e-5
2.863e+2, -1.105e-5
2.864e+2, -1.102e-5
2.865e+2, -1.103e-5
2.866e+2, -1.105e-5
2.867e+2, -1.104e-5
2.868e+2, -1.104e-5
2.869e+2, -1.096e-5
2.870e+2, -1.111e-5
2.871e+2, -1.105e-5
2.872e+2, -1.105e-5
2.873e+2, -1.106e-5
2.874e+2, -1.107e-5
2.875e+2, -1.107e-5
2.876e+2, -1.106e-5
2.877e+2, -1.105e-5
2.878e+2, -1.110e-5
2.879e+2, -1.115e-5
2.880e+2, -1.110e-5
2.881e+2, -1.106e-5
2.882e+2, -1.106e-5
2.883e+2, -1.105e-5
2.884e+2, -1.104e-5
2.885e+2, -1.104e-5
2.886e+2, -1.108e-5
2.887e+2, -1.107e-5
2.888e+2, -1.101e-5
2.889e+2, -1.101e-5
2.890e+2, -1.105e-5
2.891e+2, -1.106e-5
2.892e+2, -1.106e-5
2.893e+2, -1.101e-5
2.894e+2, -1.108e-5
2.895e+2, -1.111e-5
2.896e+2, -1.107e-5
2.897e+2, -1.104e-5
2.898e+2, -1.106e-5
2.899e+2, -1.106e-5
2.900e+2, -1.103e-5
2.901e+2, -1.106e-5
2.902e+2, -1.100e-5
2.903e+2, -1.100e-5
2.904e+2, -1.103e-5
2.905e+2, -1.101e-5
2.906e+2, -1.100e-5
2.907e+2, -1.100e-5
2.908e+2, -1.102e-5
2.909e+2, -1.102e-5
2.910e+2, -1.102e-5
2.911e+2, -1.107e-5
2.912e+2, -1.102e-5
2.913e+2, -1.103e-5
2.914e+2, -1.103e-5
2.915e+2, -1.104e-5
2.916e+2, -1.105e-5
2.917e+2, -1.103e-5
2.918e+2, -1.103e-5
2.919e+2, -1.105e-5
2.920e+2, -1.107e-5
2.921e+2, -1.105e-5
2.922e+2, -1.104e-5
2.923e+2, -1.106e-5
2.924e+2, -1.105e-5
2.925e+2, -1.107e-5
2.926e+2, -1.104e-5
2.927e+2, -1.116e-5
2.928e+2, -1.109e-5
2.929e+2, -1.110e-5
2.930e+2, -1.111e-5
2.931e+2, -1.115e-5
2.932e+2, -1.214e-5
2.933e+2, -1.218e-5
2.934e+2, -1.215e-5
2.935e+2, -1.210e-5
2.936e+2, -1.206e-5
2.937e+2, -1.213e-5
2.938e+2, -1.213e-5
2.939e+2, -1.211e-5
2.940e+2, -1.212e-5
2.941e+2, -1.213e-5
2.942e+2, -1.212e-5
2.943e+2, -1.212e-5
2.944e+2, -1.212e-5
2.945e+2, -1.222e-5
2.946e+2, -1.214e-5
2.947e+2, -1.217e-5
2.948e+2, -1.214e-5
2.949e+2, -1.215e-5
2.950e+2, -1.219e-5
2.951e+2, -1.213e-5
2.952e+2, -1.221e-5
2.953e+2, -1.222e-5
2.954e+2, -1.216e-5
2.955e+2, -1.221e-5
2.956e+2, -1.218e-5
2.957e+2, -1.217e-5
2.958e+2, -1.216e-5
2.959e+2, -1.216e-5
2.960e+2, -1.218e-5
2.961e+2, -1.217e-5
2.962e+2, -1.215e-5
2.963e+2, -1.209e-5
2.964e+2, -1.215e-5
2.965e+2, -1.214e-5
2.966e+2, -1.212e-5
2.967e+2, -1.214e-5
2.968e+2, -1.213e-5
2.969e+2, -1.217e-5
2.970e+2, -1.217e-5
2.971e+2, -1.216e-5
2.972e+2, -1.211e-5
2.973e+2, -1.213e-5
2.974e+2, -1.212e-5
2.975e+2, -1.212e-5
2.976e+2, -1.212e-5
2.977e+2, -1.215e-5
2.978e+2, -1.216e-5
2.979e+2, -1.219e-5
2.980e+2, -1.216e-5
2.981e+2, -1.223e-5
2.982e+2, -1.223e-5
2.983e+2, -1.218e-5
2.984e+2, -1.218e-5
2.985e+2, -1.219e-5
2.986e+2, -1.219e-5
2.987e+2, -1.218e-5
2.988e+2, -1.220e-5
2.989e+2, -1.217e-5
2.990e+2, -1.212e-5
2.991e+2, -1.226e-5
2.992e+2, -1.223e-5
2.993e+2, -1.219e-5
2.994e+2, -1.222e-5
2.995e+2, -1.222e-5
2.996e+2, -1.219e-5
2.997e+2, -1.219e-5
2.998e+2, -1.211e-5
2.999e+2, -1.229e-5
3.000e+2, -1.228e-5
3.001e+2, -1.221e-5
3.002e+2, -1.217e-5
3.003e+2, -1.221e-5
3.004e+2, -1.218e-5
3.005e+2, -1.219e-5
3.006e+2, -1.213e-5
3.007e+2, -1.213e-5
3.008e+2, -1.225e-5
3.009e+2, -1.220e-5
3.010e+2, -1.217e-5
3.011e+2, -1.218e-5
3.012e+2, -1.219e-5
3.013e+2, -1.221e-5
3.014e+2, -1.272e-5
3.015e+2, -1.303e-5
3.016e+2, -1.317e-5
3.017e+2, -1.311e-5
3.018e+2, -1.306e-5
3.019e+2, -1.309e-5
3.020e+2, -1.312e-5
3.021e+2, -1.311e-5
3.022e+2, -1.308e-5
3.023e+2, -1.317e-5
3.024e+2, -1.319e-5
3.025e+2, -1.313e-5
3.026e+2, -1.303e-5
3.027e+2, -1.302e-5
3.028e+2, -1.305e-5
3.029e+2, -1.306e-5
3.030e+2, -1.304e-5
3.031e+2, -1.299e-5
3.032e+2, -1.307e-5
3.033e+2, -1.311e-5
3.034e+2, -1.305e-5
3.035e+2, -1.308e-5
3.036e+2, -1.309e-5
3.037e+2, -1.307e-5
3.038e+2, -1.305e-5
3.039e+2, -1.309e-5
3.040e+2, -1.308e-5
3.041e+2, -1.300e-5
3.042e+2, -1.309e-5
3.043e+2, -1.302e-5
3.044e+2, -1.306e-5
3.045e+2, -1.307e-5
3.046e+2, -1.309e-5
3.047e+2, -1.310e-5
3.048e+2, -1.304e-5
3.049e+2, -1.310e-5
3.050e+2, -1.306e-5
3.051e+2, -1.311e-5
3.052e+2, -1.306e-5
3.053e+2, -1.305e-5
3.054e+2, -1.305e-5
3.055e+2, -1.307e-5
3.056e+2, -1.307e-5
3.057e+2, -1.305e-5
3.058e+2, -1.309e-5
3.059e+2, -1.312e-5
3.060e+2, -1.304e-5
3.061e+2, -1.306e-5
3.062e+2, -1.308e-5
3.063e+2, -1.310e-5
3.064e+2, -1.305e-5
3.065e+2, -1.302e-5
3.066e+2, -1.314e-5
3.067e+2, -1.315e-5
3.068e+2, -1.309e-5
3.069e+2, -1.306e-5
3.070e+2, -1.307e-5
3.071e+2, -1.307e-5
3.072e+2, -1.304e-5
3.073e+2, -1.299e-5
3.074e+2, -1.315e-5
3.075e+2, -1.309e-5
3.076e+2, -1.308e-5
3.077e+2, -1.306e-5
3.078e+2, -1.305e-5
3.079e+2, -1.309e-5
3.080e+2, -1.310e-5
3.081e+2, -1.305e-5
3.082e+2, -1.317e-5
3.083e+2, -1.315e-5
3.084e+2, -1.314e-5
3.085e+2, -1.309e-5
3.086e+2, -1.311e-5
3.087e+2, -1.308e-5
3.088e+2, -1.312e-5
3.089e+2, -1.313e-5
3.090e+2, -1.311e-5
3.091e+2, -1.314e-5
3.092e+2, -1.318e-5
3.093e+2, -1.305e-5
3.094e+2, -1.304e-5
3.095e+2, -1.309e-5
3.096e+2, -1.332e-5
3.097e+2, -1.361e-5
3.098e+2, -1.361e-5
3.099e+2, -1.360e-5
3.100e+2, -1.362e-5
3.101e+2, -1.368e-5
3.102e+2, -1.373e-5
3.103e+2, -1.373e-5
3.104e+2, -1.373e-5
3.105e+2, -1.374e-5
3.106e+2, -1.376e-5
3.107e+2, -1.370e-5
3.108e+2, -1.368e-5
3.109e+2, -1.378e-5
3.110e+2, -1.374e-5
3.111e+2, -1.370e-5
3.112e+2, -1.371e-5
3.113e+2, -1.369e-5
3.114e+2, -1.362e-5
3.115e+2, -1.374e-5
3.116e+2, -1.371e-5
3.117e+2, -1.369e-5
3.118e+2, -1.371e-5
3.119e+2, -1.369e-5
3.120e+2, -1.366e-5
3.121e+2, -1.364e-5
3.122e+2, -1.375e-5
3.123e+2, -1.376e-5
3.124e+2, -1.367e-5
3.125e+2, -1.370e-5
3.126e+2, -1.374e-5
3.127e+2, -1.370e-5
3.128e+2, -1.371e-5
3.129e+2, -1.372e-5
3.130e+2, -1.365e-5
3.131e+2, -1.378e-5
3.132e+2, -1.377e-5
3.133e+2, -1.374e-5
3.134e+2, -1.374e-5
3.135e+2, -1.370e-5
3.136e+2, -1.378e-5
3.137e+2, -1.371e-5
3.138e+2, -1.370e-5
3.139e+2, -1.365e-5
3.140e+2, -1.368e-5
3.141e+2, -1.369e-5
3.142e+2, -1.366e-5
3.143e+2, -1.367e-5
3.144e+2, -1.368e-5
3.145e+2, -1.367e-5
3.146e+2, -1.370e-5
3.147e+2, -1.369e-5
3.148e+2, -1.370e-5
3.149e+2, -1.365e-5
3.150e+2, -1.367e-5
3.151e+2, -1.369e-5
3.152e+2, -1.368e-5
3.153e+2, -1.364e-5
3.154e+2, -1.367e-5
3.155e+2, -1.369e-5
3.156e+2, -1.374e-5
3.157e+2, -1.373e-5
3.158e+2, -1.368e-5
3.159e+2, -1.370e-5
3.160e+2, -1.370e-5
3.161e+2, -1.369e-5
3.162e+2, -1.368e-5
3.163e+2, -1.376e-5
3.164e+2, -1.372e-5
3.165e+2, -1.373e-5
3.166e+2, -1.366e-5
3.167e+2, -1.368e-5
3.168e+2, -1.366e-5
3.169e+2, -1.364e-5
3.170e+2, -1.366e-5
3.171e+2, -1.364e-5
3.172e+2, -1.369e-5
3.173e+2, -1.362e-5
3.174e+2, -1.370e-5
3.175e+2, -1.378e-5
3.176e+2, -1.362e-5
3.177e+2, -1.367e-5
3.178e+2, -1.385e-5
3.179e+2, -1.426e-5
3.180e+2, -1.427e-5
3.181e+2, -1.437e-5
3.182e+2, -1.437e-5
3.183e+2, -1.440e-5
3.184e+2, -1.428e-5
3.185e+2, -1.431e-5
3.186e+2, -1.430e-5
3.187e+2, -1.430e-5
3.188e+2, -1.424e-5
3.189e+2, -1.424e-5
3.190e+2, -1.421e-5
3.191e+2, -1.429e-5
3.192e+2, -1.429e-5
3.193e+2, -1.425e-5
3.194e+2, -1.425e-5
3.195e+2, -1.426e-5
3.196e+2, -1.426e-5
3.197e+2, -1.424e-5
3.198e+2, -1.421e-5
3.199e+2, -1.425e-5
3.200e+2, -1.436e-5
3.201e+2, -1.430e-5
3.202e+2, -1.430e-5
3.203e+2, -1.426e-5
3.204e+2, -1.425e-5
3.205e+2, -1.429e-5
3.206e+2, -1.422e-5
3.207e+2, -1.438e-5
3.208e+2, -1.432e-5
3.209e+2, -1.429e-5
3.210e+2, -1.429e-5
3.211e+2, -1.429e-5
3.212e+2, -1.429e-5
3.213e+2, -1.425e-5
3.214e+2, -1.432e-5
3.215e+2, -1.437e-5
3.216e+2, -1.431e-5
3.217e+2, -1.428e-5
3.218e+2, -1.429e-5
3.219e+2, -1.431e-5
3.220e+2, -1.429e-5
3.221e+2, -1.429e-5
3.222e+2, -1.425e-5
3.223e+2, -1.430e-5
3.224e+2, -1.431e-5
3.225e+2, -1.428e-5
3.226e+2, -1.424e-5
3.227e+2, -1.429e-5
3.228e+2, -1.432e-5
3.229e+2, -1.433e-5
3.230e+2, -1.433e-5
3.231e+2, -1.428e-5
3.232e+2, -1.435e-5
3.233e+2, -1.436e-5
3.234e+2, -1.433e-5
3.235e+2, -1.431e-5
3.236e+2, -1.429e-5
3.237e+2, -1.429e-5
3.238e+2, -1.429e-5
3.239e+2, -1.429e-5
3.240e+2, -1.421e-5
3.241e+2, -1.443e-5
3.242e+2, -1.435e-5
3.243e+2, -1.431e-5
3.244e+2, -1.428e-5
3.245e+2, -1.429e-5
3.246e+2, -1.425e-5
3.247e+2, -1.421e-5
3.248e+2, -1.425e-5
3.249e+2, -1.433e-5
3.250e+2, -1.430e-5
3.251e+2, -1.432e-5
3.252e+2, -1.424e-5
3.253e+2, -1.425e-5
3.254e+2, -1.429e-5
3.255e+2, -1.429e-5
3.256e+2, -1.425e-5
3.257e+2, -1.429e-5
3.258e+2, -1.432e-5
3.259e+2, -1.431e-5
3.260e+2, -1.426e-5
3.261e+2, -1.458e-5
3.262e+2, -1.459e-5
3.263e+2, -1.459e-5
3.264e+2, -1.460e-5
3.265e+2, -1.460e-5
3.266e+2, -1.456e-5
3.267e+2, -1.464e-5
3.268e+2, -1.469e-5
3.269e+2, -1.464e-5
3.270e+2, -1.459e-5
3.271e+2, -1.459e-5
3.272e+2, -1.462e-5
3.273e+2, -1.463e-5
3.274e+2, -1.451e-5
3.275e+2, -1.469e-5
3.276e+2, -1.468e-5
3.277e+2, -1.464e-5
3.278e+2, -1.462e-5
3.279e+2, -1.465e-5
3.280e+2, -1.463e-5
3.281e+2, -1.460e-5
3.282e+2, -1.463e-5
3.283e+2, -1.462e-5
3.284e+2, -1.467e-5
3.285e+2, -1.471e-5
3.286e+2, -1.462e-5
3.287e+2, -1.468e-5
3.288e+2, -1.473e-5
3.289e+2, -1.469e-5
3.290e+2, -1.468e-5
3.291e+2, -1.469e-5
3.292e+2, -1.463e-5
3.293e+2, -1.467e-5
3.294e+2, -1.475e-5
3.295e+2, -1.465e-5
3.296e+2, -1.466e-5
3.297e+2, -1.464e-5
3.298e+2, -1.464e-5
3.299e+2, -1.460e-5
3.300e+2, -1.461e-5
3.301e+2, -1.462e-5
3.302e+2, -1.461e-5
3.303e+2, -1.460e-5
3.304e+2, -1.459e-5
3.305e+2, -1.459e-5
3.306e+2, -1.459e-5
3.307e+2, -1.461e-5
3.308e+2, -1.463e-5
3.309e+2, -1.453e-5
3.310e+2, -1.469e-5
3.311e+2, -1.464e-5
3.312e+2, -1.457e-5
3.313e+2, -1.460e-5
3.314e+2, -1.462e-5
3.315e+2, -1.459e-5
3.316e+2, -1.457e-5
3.317e+2, -1.456e-5
3.318e+2, -1.469e-5
3.319e+2, -1.464e-5
3.320e+2, -1.464e-5
3.321e+2, -1.458e-5
3.322e+2, -1.461e-5
3.323e+2, -1.461e-5
3.324e+2, -1.458e-5
3.325e+2, -1.455e-5
3.326e+2, -1.463e-5
3.327e+2, -1.467e-5
3.328e+2, -1.462e-5
3.329e+2, -1.457e-5
3.330e+2, -1.471e-5
3.331e+2, -1.475e-5
3.332e+2, -1.465e-5
3.333e+2, -1.463e-5
3.334e+2, -1.463e-5
3.335e+2, -1.462e-5
3.336e+2, -1.462e-5
3.337e+2, -1.458e-5
3.338e+2, -1.464e-5
3.339e+2, -1.470e-5
3.340e+2, -1.473e-5
3.341e+2, -1.465e-5
3.342e+2, -1.476e-5
3.343e+2, -1.506e-5
3.344e+2, -1.504e-5
3.345e+2, -1.504e-5
3.346e+2, -1.502e-5
3.347e+2, -1.514e-5
3.348e+2, -1.521e-5
3.349e+2, -1.513e-5
3.350e+2, -1.509e-5
3.351e+2, -1.507e-5
3.352e+2, -1.510e-5
3.353e+2, -1.510e-5
3.354e+2, -1.511e-5
3.355e+2, -1.505e-5
3.356e+2, -1.505e-5
3.357e+2, -1.504e-5
3.358e+2, -1.517e-5
3.359e+2, -1.511e-5
3.360e+2, -1.503e-5
3.361e+2, -1.509e-5
3.362e+2, -1.511e-5
3.363e+2, -1.508e-5
3.364e+2, -1.504e-5
3.365e+2, -1.499e-5
3.366e+2, -1.519e-5
3.367e+2, -1.513e-5
3.368e+2, -1.509e-5
3.369e+2, -1.508e-5
3.370e+2, -1.510e-5
3.371e+2, -1.510e-5
3.372e+2, -1.506e-5
3.373e+2, -1.503e-5
3.374e+2, -1.501e-5
3.375e+2, -1.499e-5
3.376e+2, -1.505e-5
3.377e+2, -1.515e-5
3.378e+2, -1.504e-5
3.379e+2, -1.506e-5
3.380e+2, -1.506e-5
3.381e+2, -1.506e-5
3.382e+2, -1.507e-5
3.383e+2, -1.511e-5
3.384e+2, -1.503e-5
3.385e+2, -1.510e-5
3.386e+2, -1.506e-5
3.387e+2, -1.509e-5
3.388e+2, -1.505e-5
3.389e+2, -1.506e-5
3.390e+2, -1.509e-5
3.391e+2, -1.508e-5
3.392e+2, -1.506e-5
3.393e+2, -1.507e-5
3.394e+2, -1.508e-5
3.395e+2, -1.505e-5
3.396e+2, -1.505e-5
3.397e+2, -1.503e-5
3.398e+2, -1.506e-5
3.399e+2, -1.510e-5
3.400e+2, -1.507e-5
3.401e+2, -1.510e-5
3.402e+2, -1.518e-5
3.403e+2, -1.509e-5
3.404e+2, -1.516e-5
3.405e+2, -1.504e-5
3.406e+2, -1.510e-5
3.407e+2, -1.508e-5
3.408e+2, -1.510e-5
3.409e+2, -1.510e-5
3.410e+2, -1.509e-5
3.411e+2, -1.509e-5
3.412e+2, -1.510e-5
3.413e+2, -1.508e-5
3.414e+2, -1.507e-5
3.415e+2, -1.501e-5
3.416e+2, -1.504e-5
3.417e+2, -1.510e-5
3.418e+2, -1.507e-5
3.419e+2, -1.505e-5
3.420e+2, -1.504e-5
3.421e+2, -1.499e-5
3.422e+2, -1.500e-5
3.423e+2, -1.513e-5
3.424e+2, -1.508e-5
3.425e+2, -1.523e-5
3.426e+2, -1.522e-5
3.427e+2, -1.526e-5
3.428e+2, -1.526e-5
3.429e+2, -1.523e-5
3.430e+2, -1.526e-5
3.431e+2, -1.529e-5
3.432e+2, -1.532e-5
3.433e+2, -1.535e-5
3.434e+2, -1.535e-5
3.435e+2, -1.531e-5
3.436e+2, -1.533e-5
3.437e+2, -1.537e-5
3.438e+2, -1.536e-5
3.439e+2, -1.538e-5
3.440e+2, -1.538e-5
3.441e+2, -1.532e-5
3.442e+2, -1.540e-5
3.443e+2, -1.533e-5
3.444e+2, -1.536e-5
3.445e+2, -1.531e-5
3.446e+2, -1.534e-5
3.447e+2, -1.532e-5
3.448e+2, -1.528e-5
3.449e+2, -1.540e-5
3.450e+2, -1.535e-5
3.451e+2, -1.540e-5
3.452e+2, -1.537e-5
3.453e+2, -1.533e-5
3.454e+2, -1.530e-5
3.455e+2, -1.534e-5
3.456e+2, -1.536e-5
3.457e+2, -1.531e-5
3.458e+2, -1.528e-5
3.459e+2, -1.543e-5
3.460e+2, -1.540e-5
3.461e+2, -1.537e-5
3.462e+2, -1.530e-5
3.463e+2, -1.537e-5
3.464e+2, -1.533e-5
3.465e+2, -1.534e-5
3.466e+2, -1.529e-5
3.467e+2, -1.537e-5
3.468e+2, -1.535e-5
3.469e+2, -1.523e-5
3.470e+2, -1.519e-5
3.471e+2, -1.526e-5
3.472e+2, -1.528e-5
3.473e+2, -1.530e-5
3.474e+2, -1.530e-5
3.475e+2, -1.530e-5
3.476e+2, -1.529e-5
3.477e+2, -1.527e-5
3.478e+2, -1.536e-5
3.479e+2, -1.534e-5
3.480e+2, -1.532e-5
3.481e+2, -1.533e-5
3.482e+2, -1.535e-5
3.483e+2, -1.534e-5
3.484e+2, -1.538e-5
3.485e+2, -1.537e-5
3.486e+2, -1.533e-5
3.487e+2, -1.532e-5
3.488e+2, -1.544e-5
3.489e+2, -1.539e-5
3.490e+2, -1.541e-5
3.491e+2, -1.540e-5
3.492e+2, -1.541e-5
3.493e+2, -1.541e-5
3.494e+2, -1.539e-5
3.495e+2, -1.541e-5
3.496e+2, -1.548e-5
3.497e+2, -1.543e-5
3.498e+2, -1.531e-5
3.499e+2, -1.534e-5
3.500e+2, -1.536e-5
3.501e+2, -1.535e-5
3.502e+2, -1.528e-5
3.503e+2, -1.523e-5
3.504e+2, -1.541e-5
3.505e+2, -1.541e-5
3.506e+2, -1.544e-5
3.507e+2, -1.584e-5
3.508e+2, -1.581e-5
3.509e+2, -1.581e-5
3.510e+2, -1.588e-5
3.511e+2, -1.586e-5
3.512e+2, -1.580e-5
3.513e+2, -1.591e-5
3.514e+2, -1.585e-5
3.515e+2, -1.587e-5
3.516e+2, -1.583e-5
3.517e+2, -1.590e-5
3.518e+2, -1.588e-5
3.519e+2, -1.587e-5
3.520e+2, -1.594e-5
3.521e+2, -1.597e-5
3.522e+2, -1.588e-5
3.523e+2, -1.583e-5
3.524e+2, -1.584e-5
3.525e+2, -1.583e-5
3.526e+2, -1.583e-5
3.527e+2, -1.586e-5
3.528e+2, -1.583e-5
3.529e+2, -1.588e-5
3.530e+2, -1.595e-5
3.531e+2, -1.588e-5
3.532e+2, -1.589e-5
3.533e+2, -1.590e-5
3.534e+2, -1.587e-5
3.535e+2, -1.586e-5
3.536e+2, -1.576e-5
3.537e+2, -1.587e-5
3.538e+2, -1.595e-5
3.539e+2, -1.591e-5
3.540e+2, -1.590e-5
3.541e+2, -1.588e-5
3.542e+2, -1.587e-5
3.543e+2, -1.590e-5
3.544e+2, -1.590e-5
3.545e+2, -1.587e-5
3.546e+2, -1.591e-5
3.547e+2, -1.599e-5
3.548e+2, -1.602e-5
3.549e+2, -1.591e-5
3.550e+2, -1.593e-5
3.551e+2, -1.591e-5
3.552e+2, -1.592e-5
3.553e+2, -1.590e-5
3.554e+2, -1.604e-5
3.555e+2, -1.606e-5
3.556e+2, -1.593e-5
3.557e+2, -1.591e-5
3.558e+2, -1.589e-5
3.559e+2, -1.598e-5
3.560e+2, -1.594e-5
3.561e+2, -1.584e-5
3.562e+2, -1.596e-5
3.563e+2, -1.601e-5
3.564e+2, -1.582e-5
3.565e+2, -1.590e-5
3.566e+2, -1.587e-5
3.567e+2, -1.587e-5
3.568e+2, -1.587e-5
3.569e+2, -1.583e-5
3.570e+2, -1.592e-5
3.571e+2, -1.586e-5
3.572e+2, -1.589e-5
3.573e+2, -1.584e-5
3.574e+2, -1.583e-5
3.575e+2, -1.584e-5
3.576e+2, -1.586e-5
3.577e+2, -1.587e-5
3.578e+2, -1.584e-5
3.579e+2, -1.583e-5
3.580e+2, -1.589e-5
3.581e+2, -1.586e-5
3.582e+2, -1.585e-5
3.583e+2, -1.593e-5
3.584e+2, -1.584e-5
3.585e+2, -1.588e-5
3.586e+2, -1.585e-5
3.587e+2, -1.586e-5
3.588e+2, -1.587e-5
3.589e+2, -1.633e-5
3.590e+2, -1.634e-5
3.591e+2, -1.632e-5
3.592e+2, -1.645e-5
3.593e+2, -1.642e-5
3.594e+2, -1.640e-5
3.595e+2, -1.642e-5
3.596e+2, -1.637e-5
3.597e+2, -1.638e-5
3.598e+2, -1.636e-5
3.599e+2, -1.644e-5
3.600e+2, -1.649e-5
3.601e+2, -1.644e-5
3.602e+2, -1.643e-5
3.603e+2, -1.639e-5
3.604e+2, -1.644e-5
3.605e+2, -1.639e-5
3.606e+2, -1.639e-5
3.607e+2, -1.641e-5
3.608e+2, -1.630e-5
3.609e+2, -1.645e-5
3.610e+2, -1.644e-5
3.611e+2, -1.636e-5
3.612e+2, -1.639e-5
3.613e+2, -1.638e-5
3.614e+2, -1.638e-5
3.615e+2, -1.637e-5
3.616e+2, -1.651e-5
3.617e+2, -1.633e-5
3.618e+2, -1.633e-5
3.619e+2, -1.642e-5
3.620e+2, -1.645e-5
3.621e+2, -1.640e-5
3.622e+2, -1.636e-5
3.623e+2, -1.628e-5
3.624e+2, -1.632e-5
3.625e+2, -1.639e-5
3.626e+2, -1.641e-5
3.627e+2, -1.636e-5
3.628e+2, -1.637e-5
3.629e+2, -1.638e-5
3.630e+2, -1.641e-5
3.631e+2, -1.637e-5
3.632e+2, -1.632e-5
3.633e+2, -1.639e-5
3.634e+2, -1.642e-5
3.635e+2, -1.641e-5
3.636e+2, -1.637e-5
3.637e+2, -1.643e-5
3.638e+2, -1.640e-5
3.639e+2, -1.640e-5
3.640e+2, -1.639e-5
3.641e+2, -1.644e-5
3.642e+2, -1.636e-5
3.643e+2, -1.637e-5
3.644e+2, -1.641e-5
3.645e+2, -1.636e-5
3.646e+2, -1.638e-5
3.647e+2, -1.633e-5
3.648e+2, -1.651e-5
3.649e+2, -1.654e-5
3.650e+2, -1.643e-5
3.651e+2, -1.643e-5
3.652e+2, -1.642e-5
3.653e+2, -1.643e-5
3.654e+2, -1.644e-5
3.655e+2, -1.642e-5
3.656e+2, -1.641e-5
3.657e+2, -1.641e-5
3.658e+2, -1.640e-5
3.659e+2, -1.642e-5
3.660e+2, -1.640e-5
3.661e+2, -1.645e-5
3.662e+2, -1.639e-5
3.663e+2, -1.642e-5
3.664e+2, -1.641e-5
3.665e+2, -1.636e-5
3.666e+2, -1.654e-5
3.667e+2, -1.649e-5
3.668e+2, -1.640e-5
3.669e+2, -1.639e-5
3.670e+2, -1.642e-5
3.671e+2, -1.708e-5
3.672e+2, -1.718e-5
3.673e+2, -1.709e-5
3.674e+2, -1.728e-5
3.675e+2, -1.731e-5
3.676e+2, -1.728e-5
3.677e+2, -1.719e-5
3.678e+2, -1.722e-5
3.679e+2, -1.724e-5
3.680e+2, -1.720e-5
3.681e+2, -1.720e-5
3.682e+2, -1.722e-5
3.683e+2, -1.722e-5
3.684e+2, -1.717e-5
3.685e+2, -1.704e-5
3.686e+2, -1.709e-5
3.687e+2, -1.718e-5
3.688e+2, -1.715e-5
3.689e+2, -1.714e-5
3.690e+2, -1.713e-5
3.691e+2, -1.703e-5
3.692e+2, -1.717e-5
3.693e+2, -1.723e-5
3.694e+2, -1.712e-5
3.695e+2, -1.717e-5
3.696e+2, -1.718e-5
3.697e+2, -1.715e-5
3.698e+2, -1.718e-5
3.699e+2, -1.712e-5
3.700e+2, -1.722e-5
3.701e+2, -1.724e-5
3.702e+2, -1.721e-5
3.703e+2, -1.718e-5
3.704e+2, -1.719e-5
3.705e+2, -1.719e-5
3.706e+2, -1.724e-5
3.707e+2, -1.713e-5
3.708e+2, -1.722e-5
3.709e+2, -1.728e-5
3.710e+2, -1.724e-5
3.711e+2, -1.722e-5
3.712e+2, -1.716e-5
3.713e+2, -1.715e-5
3.714e+2, -1.718e-5
3.715e+2, -1.714e-5
3.716e+2, -1.715e-5
3.717e+2, -1.713e-5
3.718e+2, -1.713e-5
3.719e+2, -1.709e-5
3.720e+2, -1.718e-5
3.721e+2, -1.711e-5
3.722e+2, -1.714e-5
3.723e+2, -1.710e-5
3.724e+2, -1.708e-5
3.725e+2, -1.712e-5
3.726e+2, -1.713e-5
3.727e+2, -1.705e-5
3.728e+2, -1.717e-5
3.729e+2, -1.718e-5
3.730e+2, -1.717e-5
3.731e+2, -1.712e-5
3.732e+2, -1.711e-5
3.733e+2, -1.706e-5
3.734e+2, -1.712e-5
3.735e+2, -1.716e-5
3.736e+2, -1.715e-5
3.737e+2, -1.712e-5
3.738e+2, -1.714e-5
3.739e+2, -1.714e-5
3.740e+2, -1.711e-5
3.741e+2, -1.716e-5
3.742e+2, -1.722e-5
3.743e+2, -1.719e-5
3.744e+2, -1.714e-5
3.745e+2, -1.736e-5
3.746e+2, -1.726e-5
3.747e+2, -1.719e-5
3.748e+2, -1.717e-5
3.749e+2, -1.717e-5
3.750e+2, -1.718e-5
3.751e+2, -1.720e-5
3.752e+2, -1.714e-5
3.753e+2, -1.787e-5
3.754e+2, -1.797e-5
3.755e+2, -1.798e-5
3.756e+2, -1.788e-5
3.757e+2, -1.793e-5
3.758e+2, -1.798e-5
3.759e+2, -1.802e-5
3.760e+2, -1.789e-5
3.761e+2, -1.802e-5
3.762e+2, -1.801e-5
3.763e+2, -1.799e-5
3.764e+2, -1.799e-5
3.765e+2, -1.803e-5
3.766e+2, -1.799e-5
3.767e+2, -1.800e-5
3.768e+2, -1.798e-5
3.769e+2, -1.787e-5
3.770e+2, -1.809e-5
3.771e+2, -1.803e-5
3.772e+2, -1.806e-5
3.773e+2, -1.796e-5
3.774e+2, -1.799e-5
3.775e+2, -1.799e-5
3.776e+2, -1.798e-5
3.777e+2, -1.789e-5
3.778e+2, -1.800e-5
3.779e+2, -1.806e-5
3.780e+2, -1.801e-5
3.781e+2, -1.792e-5
3.782e+2, -1.798e-5
3.783e+2, -1.799e-5
3.784e+2, -1.794e-5
3.785e+2, -1.796e-5
3.786e+2, -1.789e-5
3.787e+2, -1.794e-5
3.788e+2, -1.805e-5
3.789e+2, -1.795e-5
3.790e+2, -1.788e-5
3.791e+2, -1.788e-5
3.792e+2, -1.795e-5
3.793e+2, -1.792e-5
3.794e+2, -1.788e-5
3.795e+2, -1.788e-5
3.796e+2, -1.804e-5
3.797e+2, -1.797e-5
3.798e+2, -1.793e-5
3.799e+2, -1.793e-5
3.800e+2, -1.794e-5
3.801e+2, -1.796e-5
3.802e+2, -1.799e-5
3.803e+2, -1.799e-5
3.804e+2, -1.793e-5
3.805e+2, -1.808e-5
3.806e+2, -1.804e-5
3.807e+2, -1.793e-5
3.808e+2, -1.803e-5
3.809e+2, -1.804e-5
3.810e+2, -1.801e-5
3.811e+2, -1.799e-5
3.812e+2, -1.798e-5
3.813e+2, -1.795e-5
3.814e+2, -1.799e-5
3.815e+2, -1.803e-5
3.816e+2, -1.803e-5
3.817e+2, -1.801e-5
3.818e+2, -1.802e-5
3.819e+2, -1.797e-5
3.820e+2, -1.789e-5
3.821e+2, -1.809e-5
3.822e+2, -1.808e-5
3.823e+2, -1.802e-5
3.824e+2, -1.800e-5
3.825e+2, -1.803e-5
3.826e+2, -1.798e-5
3.827e+2, -1.799e-5
3.828e+2, -1.795e-5
3.829e+2, -1.807e-5
3.830e+2, -1.814e-5
3.831e+2, -1.793e-5
3.832e+2, -1.800e-5
3.833e+2, -1.800e-5
3.834e+2, -1.802e-5
3.835e+2, -1.854e-5
3.836e+2, -1.881e-5
3.837e+2, -1.876e-5
3.838e+2, -1.872e-5
3.839e+2, -1.873e-5
3.840e+2, -1.887e-5
3.841e+2, -1.878e-5
3.842e+2, -1.878e-5
3.843e+2, -1.878e-5
3.844e+2, -1.880e-5
3.845e+2, -1.883e-5
3.846e+2, -1.883e-5
3.847e+2, -1.891e-5
3.848e+2, -1.883e-5
3.849e+2, -1.882e-5
3.850e+2, -1.877e-5
3.851e+2, -1.878e-5
3.852e+2, -1.883e-5
3.853e+2, -1.883e-5
3.854e+2, -1.883e-5
3.855e+2, -1.879e-5
3.856e+2, -1.886e-5
3.857e+2, -1.888e-5
3.858e+2, -1.880e-5
3.859e+2, -1.880e-5
3.860e+2, -1.883e-5
3.861e+2, -1.883e-5
3.862e+2, -1.882e-5
3.863e+2, -1.879e-5
3.864e+2, -1.894e-5
3.865e+2, -1.890e-5
3.866e+2, -1.886e-5
3.867e+2, -1.887e-5
3.868e+2, -1.887e-5
3.869e+2, -1.883e-5
3.870e+2, -1.878e-5
3.871e+2, -1.890e-5
3.872e+2, -1.889e-5
3.873e+2, -1.889e-5
3.874e+2, -1.883e-5
3.875e+2, -1.888e-5
3.876e+2, -1.884e-5
3.877e+2, -1.887e-5
3.878e+2, -1.879e-5
3.879e+2, -1.889e-5
3.880e+2, -1.894e-5
3.881e+2, -1.888e-5
3.882e+2, -1.884e-5
3.883e+2, -1.884e-5
3.884e+2, -1.883e-5
3.885e+2, -1.887e-5
3.886e+2, -1.879e-5
3.887e+2, -1.892e-5
3.888e+2, -1.885e-5
3.889e+2, -1.891e-5
3.890e+2, -1.899e-5
3.891e+2, -1.893e-5
3.892e+2, -1.892e-5
3.893e+2, -1.893e-5
3.894e+2, -1.892e-5
3.895e+2, -1.897e-5
3.896e+2, -1.898e-5
3.897e+2, -1.888e-5
3.898e+2, -1.893e-5
3.899e+2, -1.887e-5
3.900e+2, -1.880e-5
3.901e+2, -1.884e-5
3.902e+2, -1.883e-5
3.903e+2, -1.900e-5
3.904e+2, -1.890e-5
3.905e+2, -1.881e-5
3.906e+2, -1.886e-5
3.907e+2, -1.881e-5
3.908e+2, -1.881e-5
3.909e+2, -1.880e-5
3.910e+2, -1.880e-5
3.911e+2, -1.877e-5
3.912e+2, -1.879e-5
3.913e+2, -1.881e-5
3.914e+2, -1.880e-5
3.915e+2, -1.881e-5
3.916e+2, -1.885e-5
3.917e+2, -1.931e-5
3.918e+2, -1.950e-5
3.919e+2, -1.974e-5
3.920e+2, -1.969e-5
3.921e+2, -1.958e-5
3.922e+2, -1.958e-5
3.923e+2, -1.956e-5
3.924e+2, -1.963e-5
3.925e+2, -1.957e-5
3.926e+2, -1.960e-5
3.927e+2, -1.970e-5
3.928e+2, -1.960e-5
3.929e+2, -1.966e-5
3.930e+2, -1.960e-5
3.931e+2, -1.959e-5
3.932e+2, -1.964e-5
3.933e+2, -1.963e-5
3.934e+2, -1.961e-5
3.935e+2, -1.973e-5
3.936e+2, -1.980e-5
3.937e+2, -1.967e-5
3.938e+2, -1.970e-5
3.939e+2, -1.969e-5
3.940e+2, -1.970e-5
3.941e+2, -1.968e-5
3.942e+2, -1.964e-5
3.943e+2, -1.975e-5
3.944e+2, -1.974e-5
3.945e+2, -1.964e-5
3.946e+2, -1.965e-5
3.947e+2, -1.961e-5
3.948e+2, -1.958e-5
3.949e+2, -1.956e-5
3.950e+2, -1.964e-5
3.951e+2, -1.948e-5
3.952e+2, -1.965e-5
3.953e+2, -1.967e-5
3.954e+2, -1.973e-5
3.955e+2, -1.960e-5
3.956e+2, -1.968e-5
3.957e+2, -1.963e-5
3.958e+2, -1.961e-5
3.959e+2, -1.960e-5
3.960e+2, -1.968e-5
3.961e+2, -1.972e-5
3.962e+2, -1.965e-5
3.963e+2, -1.968e-5
3.964e+2, -1.967e-5
3.965e+2, -1.962e-5
3.966e+2, -1.963e-5
3.967e+2, -1.961e-5
3.968e+2, -1.961e-5
3.969e+2, -1.951e-5
3.970e+2, -1.973e-5
3.971e+2, -1.969e-5
3.972e+2, -1.967e-5
3.973e+2, -1.967e-5
3.974e+2, -1.963e-5
3.975e+2, -1.965e-5
3.976e+2, -1.962e-5
3.977e+2, -1.967e-5
3.978e+2, -1.972e-5
3.979e+2, -1.967e-5
3.980e+2, -1.963e-5
3.981e+2, -1.963e-5
3.982e+2, -1.964e-5
3.983e+2, -1.961e-5
3.984e+2, -1.960e-5
3.985e+2, -1.970e-5
3.986e+2, -1.964e-5
3.987e+2, -1.967e-5
3.988e+2, -1.959e-5
3.989e+2, -1.957e-5
3.990e+2, -1.961e-5
3.991e+2, -1.956e-5
3.992e+2, -1.955e-5
3.993e+2, -1.947e-5
3.994e+2, -1.958e-5
3.995e+2, -1.957e-5
3.996e+2, -1.953e-5
3.997e+2, -1.946e-5
3.998e+2, -1.957e-5
3.999e+2, -1.992e-5
4.000e+2, -2.008e-5
4.001e+2, -1.994e-5
4.002e+2, -2.002e-5
4.003e+2, -2.020e-5
4.004e+2, -2.017e-5
4.005e+2, -2.017e-5
4.006e+2, -2.011e-5
4.007e+2, -2.012e-5
4.008e+2, -2.012e-5
4.009e+2, -2.002e-5
4.010e+2, -2.014e-5
4.011e+2, -2.010e-5
4.012e+2, -2.010e-5
4.013e+2, -2.007e-5
4.014e+2, -2.016e-5
4.015e+2, -2.010e-5
4.016e+2, -2.020e-5
4.017e+2, -2.010e-5
4.018e+2, -2.011e-5
4.019e+2, -2.005e-5
4.020e+2, -2.011e-5
4.021e+2, -2.018e-5
4.022e+2, -2.009e-5
4.023e+2, -2.002e-5
4.024e+2, -2.008e-5
4.025e+2, -2.013e-5
4.026e+2, -2.010e-5
4.027e+2, -2.012e-5
4.028e+2, -2.013e-5
4.029e+2, -2.012e-5
4.030e+2, -2.014e-5
4.031e+2, -2.016e-5
4.032e+2, -2.027e-5
4.033e+2, -2.020e-5
4.034e+2, -2.020e-5
4.035e+2, -2.022e-5
4.036e+2, -2.020e-5
4.037e+2, -2.016e-5
4.038e+2, -2.016e-5
4.039e+2, -2.022e-5
4.040e+2, -2.035e-5
4.041e+2, -2.037e-5
4.042e+2, -2.022e-5
4.043e+2, -2.018e-5
4.044e+2, -2.026e-5
4.045e+2, -2.019e-5
4.046e+2, -2.013e-5
4.047e+2, -2.022e-5
4.048e+2, -2.032e-5
4.049e+2, -2.023e-5
4.050e+2, -2.020e-5
4.051e+2, -2.020e-5
4.052e+2, -2.027e-5
4.053e+2, -2.027e-5
4.054e+2, -2.024e-5
4.055e+2, -2.028e-5
4.056e+2, -2.026e-5
4.057e+2, -2.024e-5
4.058e+2, -2.015e-5
4.059e+2, -2.017e-5
4.060e+2, -2.022e-5
4.061e+2, -2.013e-5
4.062e+2, -2.007e-5
4.063e+2, -2.021e-5
4.064e+2, -2.021e-5
4.065e+2, -2.019e-5
4.066e+2, -2.009e-5
4.067e+2, -2.014e-5
4.068e+2, -2.014e-5
4.069e+2, -2.020e-5
4.070e+2, -2.015e-5
4.071e+2, -2.019e-5
4.072e+2, -2.003e-5
4.073e+2, -2.022e-5
4.074e+2, -2.020e-5
4.075e+2, -2.003e-5
4.076e+2, -2.006e-5
4.077e+2, -2.018e-5
4.078e+2, -2.015e-5
4.079e+2, -2.009e-5
4.080e+2, -2.026e-5
4.081e+2, -2.051e-5
4.082e+2, -2.077e-5
4.083e+2, -2.073e-5
4.084e+2, -2.077e-5
4.085e+2, -2.082e-5
4.086e+2, -2.088e-5
4.087e+2, -2.083e-5
4.088e+2, -2.077e-5
4.089e+2, -2.070e-5
4.090e+2, -2.073e-5
4.091e+2, -2.075e-5
4.092e+2, -2.077e-5
4.093e+2, -2.075e-5
4.094e+2, -2.078e-5
4.095e+2, -2.078e-5
4.096e+2, -2.077e-5
4.097e+2, -2.076e-5
4.098e+2, -2.073e-5
4.099e+2, -2.073e-5
4.100e+2, -2.086e-5
4.101e+2, -2.083e-5
4.102e+2, -2.078e-5
4.103e+2, -2.081e-5
4.104e+2, -2.078e-5
4.105e+2, -2.074e-5
4.106e+2, -2.074e-5
4.107e+2, -2.073e-5
4.108e+2, -2.092e-5
4.109e+2, -2.082e-5
4.110e+2, -2.081e-5
4.111e+2, -2.078e-5
4.112e+2, -2.076e-5
4.113e+2, -2.082e-5
4.114e+2, -2.083e-5
4.115e+2, -2.076e-5
4.116e+2, -2.092e-5
4.117e+2, -2.094e-5
4.118e+2, -2.091e-5
4.119e+2, -2.085e-5
4.120e+2, -2.081e-5
4.121e+2, -2.082e-5
4.122e+2, -2.087e-5
4.123e+2, -2.080e-5
4.124e+2, -2.081e-5
4.125e+2, -2.075e-5
4.126e+2, -2.096e-5
4.127e+2, -2.086e-5
4.128e+2, -2.084e-5
4.129e+2, -2.072e-5
4.130e+2, -2.084e-5
4.131e+2, -2.082e-5
4.132e+2, -2.076e-5
4.133e+2, -2.086e-5
4.134e+2, -2.089e-5
4.135e+2, -2.082e-5
4.136e+2, -2.071e-5
4.137e+2, -2.078e-5
4.138e+2, -2.085e-5
4.139e+2, -2.083e-5
4.140e+2, -2.085e-5
4.141e+2, -2.073e-5
4.142e+2, -2.101e-5
4.143e+2, -2.086e-5
4.144e+2, -2.094e-5
4.145e+2, -2.079e-5
4.146e+2, -2.082e-5
4.147e+2, -2.086e-5
4.148e+2, -2.090e-5
4.149e+2, -2.079e-5
4.150e+2, -2.071e-5
4.151e+2, -2.089e-5
4.152e+2, -2.096e-5
4.153e+2, -2.088e-5
4.154e+2, -2.089e-5
4.155e+2, -2.090e-5
4.156e+2, -2.081e-5
4.157e+2, -2.083e-5
4.158e+2, -2.083e-5
4.159e+2, -2.085e-5
4.160e+2, -2.083e-5
4.161e+2, -2.076e-5
4.162e+2, -2.077e-5
4.163e+2, -2.089e-5
4.164e+2, -2.126e-5
4.165e+2, -2.123e-5
4.166e+2, -2.118e-5
4.167e+2, -2.110e-5
4.168e+2, -2.131e-5
4.169e+2, -2.136e-5
4.170e+2, -2.131e-5
4.171e+2, -2.124e-5
4.172e+2, -2.146e-5
4.173e+2, -2.131e-5
4.174e+2, -2.131e-5
4.175e+2, -2.126e-5
4.176e+2, -2.119e-5
4.177e+2, -2.136e-5
4.178e+2, -2.155e-5
4.179e+2, -2.141e-5
4.180e+2, -2.140e-5
4.181e+2, -2.139e-5
4.182e+2, -2.127e-5
4.183e+2, -2.128e-5
4.184e+2, -2.137e-5
4.185e+2, -2.133e-5
4.186e+2, -2.124e-5
4.187e+2, -2.131e-5
4.188e+2, -2.136e-5
4.189e+2, -2.133e-5
4.190e+2, -2.133e-5
4.191e+2, -2.125e-5
4.192e+2, -2.134e-5
4.193e+2, -2.139e-5
4.194e+2, -2.131e-5
4.195e+2, -2.134e-5
4.196e+2, -2.130e-5
4.197e+2, -2.132e-5
4.198e+2, -2.133e-5
4.199e+2, -2.130e-5
4.200e+2, -2.125e-5
4.201e+2, -2.129e-5
4.202e+2, -2.136e-5
4.203e+2, -2.127e-5
4.204e+2, -2.129e-5
4.205e+2, -2.130e-5
4.206e+2, -2.131e-5
4.207e+2, -2.127e-5
4.208e+2, -2.128e-5
4.209e+2, -2.128e-5
4.210e+2, -2.123e-5
4.211e+2, -2.117e-5
4.212e+2, -2.124e-5
4.213e+2, -2.128e-5
4.214e+2, -2.122e-5
4.215e+2, -2.132e-5
4.216e+2, -2.122e-5
4.217e+2, -2.124e-5
4.218e+2, -2.139e-5
4.219e+2, -2.128e-5
4.220e+2, -2.127e-5
4.221e+2, -2.133e-5
4.222e+2, -2.134e-5
4.223e+2, -2.135e-5
4.224e+2, -2.133e-5
4.225e+2, -2.131e-5
4.226e+2, -2.136e-5
4.227e+2, -2.145e-5
4.228e+2, -2.130e-5
4.229e+2, -2.129e-5
4.230e+2, -2.131e-5
4.231e+2, -2.132e-5
4.232e+2, -2.125e-5
4.233e+2, -2.133e-5
4.234e+2, -2.130e-5
4.235e+2, -2.125e-5
4.236e+2, -2.129e-5
4.237e+2, -2.123e-5
4.238e+2, -2.129e-5
4.239e+2, -2.131e-5
4.240e+2, -2.130e-5
4.241e+2, -2.124e-5
4.242e+2, -2.130e-5
4.243e+2, -2.133e-5
4.244e+2, -2.131e-5
4.245e+2, -2.143e-5
4.246e+2, -2.210e-5
4.247e+2, -2.203e-5
4.248e+2, -2.196e-5
4.249e+2, -2.200e-5
4.250e+2, -2.194e-5
4.251e+2, -2.192e-5
4.252e+2, -2.195e-5
4.253e+2, -2.189e-5
4.254e+2, -2.212e-5
4.255e+2, -2.210e-5
4.256e+2, -2.207e-5
4.257e+2, -2.196e-5
4.258e+2, -2.198e-5
4.259e+2, -2.199e-5
4.260e+2, -2.199e-5
4.261e+2, -2.186e-5
4.262e+2, -2.216e-5
4.263e+2, -2.198e-5
4.264e+2, -2.203e-5
4.265e+2, -2.186e-5
4.266e+2, -2.195e-5
4.267e+2, -2.196e-5
4.268e+2, -2.193e-5
4.269e+2, -2.193e-5
4.270e+2, -2.173e-5
4.271e+2, -2.204e-5
4.272e+2, -2.187e-5
4.273e+2, -2.186e-5
4.274e+2, -2.183e-5
4.275e+2, -2.189e-5
4.276e+2, -2.191e-5
4.277e+2, -2.194e-5
4.278e+2, -2.189e-5
4.279e+2, -2.188e-5
4.280e+2, -2.204e-5
4.281e+2, -2.192e-5
4.282e+2, -2.198e-5
4.283e+2, -2.197e-5
4.284e+2, -2.194e-5
4.285e+2, -2.199e-5
4.286e+2, -2.195e-5
4.287e+2, -2.200e-5
4.288e+2, -2.207e-5
4.289e+2, -2.195e-5
4.290e+2, -2.191e-5
4.291e+2, -2.190e-5
4.292e+2, -2.194e-5
4.293e+2, -2.196e-5
4.294e+2, -2.196e-5
4.295e+2, -2.196e-5
4.296e+2, -2.199e-5
4.297e+2, -2.212e-5
4.298e+2, -2.200e-5
4.299e+2, -2.198e-5
4.300e+2, -2.196e-5
4.301e+2, -2.200e-5
4.302e+2, -2.196e-5
4.303e+2, -2.194e-5
4.304e+2, -2.181e-5
4.305e+2, -2.193e-5
4.306e+2, -2.198e-5
4.307e+2, -2.192e-5
4.308e+2, -2.199e-5
4.309e+2, -2.192e-5
4.310e+2, -2.191e-5
4.311e+2, -2.191e-5
4.312e+2, -2.185e-5
4.313e+2, -2.175e-5
4.314e+2, -2.201e-5
4.315e+2, -2.190e-5
4.316e+2, -2.194e-5
4.317e+2, -2.189e-5
4.318e+2, -2.191e-5
4.319e+2, -2.192e-5
4.320e+2, -2.189e-5
4.321e+2, -2.200e-5
4.322e+2, -2.197e-5
4.323e+2, -2.193e-5
4.324e+2, -2.195e-5
4.325e+2, -2.201e-5
4.326e+2, -2.198e-5
4.327e+2, -2.203e-5
4.328e+2, -2.244e-5
4.329e+2, -2.249e-5
4.330e+2, -2.251e-5
4.331e+2, -2.252e-5
4.332e+2, -2.249e-5
4.333e+2, -2.252e-5
4.334e+2, -2.250e-5
4.335e+2, -2.249e-5
4.336e+2, -2.253e-5
4.337e+2, -2.259e-5
4.338e+2, -2.248e-5
4.339e+2, -2.261e-5
4.340e+2, -2.266e-5
4.341e+2, -2.255e-5
4.342e+2, -2.248e-5
4.343e+2, -2.248e-5
4.344e+2, -2.249e-5
4.345e+2, -2.240e-5
4.346e+2, -2.240e-5
4.347e+2, -2.255e-5
4.348e+2, -2.255e-5
4.349e+2, -2.253e-5
4.350e+2, -2.246e-5
4.351e+2, -2.243e-5
4.352e+2, -2.246e-5
4.353e+2, -2.248e-5
4.354e+2, -2.243e-5
4.355e+2, -2.254e-5
4.356e+2, -2.243e-5
4.357e+2, -2.244e-5
4.358e+2, -2.237e-5
4.359e+2, -2.243e-5
4.360e+2, -2.243e-5
4.361e+2, -2.247e-5
4.362e+2, -2.248e-5
4.363e+2, -2.236e-5
4.364e+2, -2.246e-5
4.365e+2, -2.246e-5
4.366e+2, -2.244e-5
4.367e+2, -2.240e-5
4.368e+2, -2.244e-5
4.369e+2, -2.246e-5
4.370e+2, -2.243e-5
4.371e+2, -2.240e-5
4.372e+2, -2.247e-5
4.373e+2, -2.239e-5
4.374e+2, -2.248e-5
4.375e+2, -2.243e-5
4.376e+2, -2.238e-5
4.377e+2, -2.237e-5
4.378e+2, -2.245e-5
4.379e+2, -2.243e-5
4.380e+2, -2.236e-5
4.381e+2, -2.246e-5
4.382e+2, -2.250e-5
4.383e+2, -2.245e-5
4.384e+2, -2.243e-5
4.385e+2, -2.241e-5
4.386e+2, -2.236e-5
4.387e+2, -2.245e-5
4.388e+2, -2.248e-5
4.389e+2, -2.244e-5
4.390e+2, -2.254e-5
4.391e+2, -2.262e-5
4.392e+2, -2.250e-5
4.393e+2, -2.241e-5
4.394e+2, -2.245e-5
4.395e+2, -2.251e-5
4.396e+2, -2.248e-5
4.397e+2, -2.250e-5
4.398e+2, -2.237e-5
4.399e+2, -2.253e-5
4.400e+2, -2.245e-5
4.401e+2, -2.244e-5
4.402e+2, -2.244e-5
4.403e+2, -2.245e-5
4.404e+2, -2.239e-5
4.405e+2, -2.245e-5
4.406e+2, -2.239e-5
4.407e+2, -2.239e-5
4.408e+2, -2.249e-5
4.409e+2, -2.243e-5
4.410e+2, -2.318e-5
4.411e+2, -2.292e-5
4.412e+2, -2.218e-5
4.413e+2, -7.344e-6
4.414e+2, -7.764e-7
4.415e+2, -7.550e-6
4.416e+2, -1.410e-5
4.417e+2, -1.250e-5
4.418e+2, -1.264e-5
4.419e+2, -1.265e-5
4.420e+2, -1.261e-5
4.421e+2, -1.262e-5
4.422e+2, -1.264e-5
4.423e+2, -1.257e-5
4.424e+2, -1.258e-5
4.425e+2, -1.254e-5
4.426e+2, -1.264e-5
4.427e+2, -1.267e-5
4.428e+2, -1.263e-5
4.429e+2, -1.262e-5
4.430e+2, -1.261e-5
4.431e+2, -1.262e-5
4.432e+2, -1.262e-5
4.433e+2, -1.260e-5
4.434e+2, -1.259e-5
4.435e+2, -1.262e-5
4.436e+2, -1.268e-5
4.437e+2, -1.258e-5
4.438e+2, -1.256e-5
4.439e+2, -1.259e-5
4.440e+2, -1.259e-5
4.441e+2, -1.262e-5
4.442e+2, -1.265e-5
4.443e+2, -1.265e-5
4.444e+2, -1.263e-5
4.445e+2, -1.257e-5
4.446e+2, -1.256e-5
4.447e+2, -1.261e-5
4.448e+2, -1.262e-5
4.449e+2, -1.259e-5
4.450e+2, -1.258e-5
4.451e+2, -1.260e-5
4.452e+2, -1.261e-5
4.453e+2, -1.265e-5
4.454e+2, -1.260e-5
4.455e+2, -1.266e-5
4.456e+2, -1.261e-5
4.457e+2, -1.258e-5
4.458e+2, -1.258e-5
4.459e+2, -1.255e-5
4.460e+2, -1.262e-5
4.461e+2, -1.266e-5
4.462e+2, -1.263e-5
4.463e+2, -1.261e-5
4.464e+2, -1.261e-5
4.465e+2, -1.259e-5
4.466e+2, -1.261e-5
4.467e+2, -1.259e-5
4.468e+2, -1.261e-5
4.469e+2, -1.253e-5
4.470e+2, -1.260e-5
4.471e+2, -1.259e-5
4.472e+2, -1.261e-5
4.473e+2, -1.262e-5
4.474e+2, -1.262e-5
4.475e+2, -1.259e-5
4.476e+2, -1.259e-5
4.477e+2, -1.261e-5
4.478e+2, -1.256e-5
4.479e+2, -1.258e-5
4.480e+2, -1.265e-5
4.481e+2, -1.258e-5
4.482e+2, -1.259e-5
4.483e+2, -1.261e-5
4.484e+2, -1.262e-5
4.485e+2, -1.262e-5
4.486e+2, -1.270e-5
4.487e+2, -1.271e-5
4.488e+2, -1.270e-5
4.489e+2, -1.270e-5
4.490e+2, -1.269e-5
4.491e+2, -1.268e-5
4.492e+2, -1.263e-5
4.493e+2, -1.262e-5
4.494e+2, -1.258e-5
4.495e+2, -1.264e-5
4.496e+2, -1.262e-5
4.497e+2, -1.261e-5
4.498e+2, -1.258e-5
4.499e+2, -1.262e-5
4.500e+2, -1.262e-5
4.501e+2, -1.262e-5
4.502e+2, -1.255e-5
4.503e+2, -1.260e-5
4.504e+2, -1.258e-5
4.505e+2, -1.256e-5
4.506e+2, -1.258e-5
4.507e+2, -1.260e-5
4.508e+2, -1.261e-5
4.509e+2, -1.261e-5
4.510e+2, -1.267e-5
4.511e+2, -1.258e-5
4.512e+2, -1.262e-5
4.513e+2, -1.263e-5
4.514e+2, -1.262e-5
4.515e+2, -1.261e-5
4.516e+2, -1.259e-5
4.517e+2, -1.265e-5
4.518e+2, -1.266e-5
4.519e+2, -1.263e-5
4.520e+2, -1.261e-5
4.521e+2, -1.262e-5
4.522e+2, -1.262e-5
4.523e+2, -1.263e-5
4.524e+2, -1.254e-5
4.525e+2, -1.264e-5
4.526e+2, -1.271e-5
4.527e+2, -1.265e-5
4.528e+2, -1.325e-5
4.529e+2, -1.588e-5
4.530e+2, -1.586e-5
4.531e+2, -1.585e-5
4.532e+2, -1.585e-5
4.533e+2, -1.587e-5
4.534e+2, -1.592e-5
4.535e+2, -1.597e-5
4.536e+2, -1.595e-5
4.537e+2, -1.592e-5
4.538e+2, -1.590e-5
4.539e+2, -1.593e-5
4.540e+2, -1.598e-5
4.541e+2, -1.587e-5
4.542e+2, -1.595e-5
4.543e+2, -1.596e-5
4.544e+2, -1.597e-5
4.545e+2, -1.596e-5
4.546e+2, -1.598e-5
4.547e+2, -1.599e-5
4.548e+2, -1.602e-5
4.549e+2, -1.596e-5
4.550e+2, -1.600e-5
4.551e+2, -1.605e-5
4.552e+2, -1.606e-5
4.553e+2, -1.595e-5
4.554e+2, -1.597e-5
4.555e+2, -1.599e-5
4.556e+2, -1.601e-5
4.557e+2, -1.597e-5
4.558e+2, -1.618e-5
4.559e+2, -1.604e-5
4.560e+2, -1.602e-5
4.561e+2, -1.602e-5
4.562e+2, -1.601e-5
4.563e+2, -1.603e-5
4.564e+2, -1.600e-5
4.565e+2, -1.597e-5
4.566e+2, -1.606e-5
4.567e+2, -1.599e-5
4.568e+2, -1.604e-5
4.569e+2, -1.594e-5
4.570e+2, -1.589e-5
4.571e+2, -1.595e-5
4.572e+2, -1.597e-5
4.573e+2, -1.600e-5
4.574e+2, -1.595e-5
4.575e+2, -1.606e-5
4.576e+2, -1.604e-5
4.577e+2, -1.601e-5
4.578e+2, -1.594e-5
4.579e+2, -1.599e-5
4.580e+2, -1.605e-5
4.581e+2, -1.598e-5
4.582e+2, -1.599e-5
4.583e+2, -1.601e-5
4.584e+2, -1.606e-5
4.585e+2, -1.603e-5
4.586e+2, -1.601e-5
4.587e+2, -1.606e-5
4.588e+2, -1.596e-5
4.589e+2, -1.599e-5
4.590e+2, -1.599e-5
4.591e+2, -1.599e-5
4.592e+2, -1.605e-5
4.593e+2, -1.601e-5
4.594e+2, -1.603e-5
4.595e+2, -1.604e-5
4.596e+2, -1.597e-5
4.597e+2, -1.597e-5
4.598e+2, -1.598e-5
4.599e+2, -1.594e-5
4.600e+2, -1.596e-5
4.601e+2, -1.597e-5
4.602e+2, -1.601e-5
4.603e+2, -1.599e-5
4.604e+2, -1.602e-5
4.605e+2, -1.599e-5
4.606e+2, -1.601e-5
4.607e+2, -1.602e-5
4.608e+2, -1.601e-5
4.609e+2, -1.609e-5
4.610e+2, -1.648e-5
4.611e+2, -1.915e-5
4.612e+2, -1.912e-5
4.613e+2, -1.908e-5
4.614e+2, -1.906e-5
4.615e+2, -1.914e-5
4.616e+2, -1.914e-5
4.617e+2, -1.913e-5
4.618e+2, -1.918e-5
4.619e+2, -1.927e-5
4.620e+2, -1.926e-5
4.621e+2, -1.919e-5
4.622e+2, -1.917e-5
4.623e+2, -1.913e-5
4.624e+2, -1.915e-5
4.625e+2, -1.911e-5
4.626e+2, -1.912e-5
4.627e+2, -1.900e-5
4.628e+2, -1.906e-5
4.629e+2, -1.910e-5
4.630e+2, -1.908e-5
4.631e+2, -1.907e-5
4.632e+2, -1.908e-5
4.633e+2, -1.912e-5
4.634e+2, -1.908e-5
4.635e+2, -1.911e-5
4.636e+2, -1.893e-5
4.637e+2, -1.917e-5
4.638e+2, -1.914e-5
4.639e+2, -1.910e-5
4.640e+2, -1.909e-5
4.641e+2, -1.915e-5
4.642e+2, -1.913e-5
4.643e+2, -1.913e-5
4.644e+2, -1.912e-5
4.645e+2, -1.922e-5
4.646e+2, -1.911e-5
4.647e+2, -1.919e-5
4.648e+2, -1.913e-5
4.649e+2, -1.918e-5
4.650e+2, -1.913e-5
4.651e+2, -1.916e-5
4.652e+2, -1.915e-5
4.653e+2, -1.920e-5
4.654e+2, -1.925e-5
4.655e+2, -1.922e-5
4.656e+2, -1.912e-5
4.657e+2, -1.915e-5
4.658e+2, -1.913e-5
4.659e+2, -1.910e-5
4.660e+2, -1.906e-5
4.661e+2, -1.924e-5
4.662e+2, -1.913e-5
4.663e+2, -1.917e-5
4.664e+2, -1.908e-5
4.665e+2, -1.914e-5
4.666e+2, -1.910e-5
4.667e+2, -1.915e-5
4.668e+2, -1.912e-5
4.669e+2, -1.905e-5
4.670e+2, -1.919e-5
4.671e+2, -1.912e-5
4.672e+2, -1.908e-5
4.673e+2, -1.915e-5
4.674e+2, -1.916e-5
4.675e+2, -1.917e-5
4.676e+2, -1.921e-5
4.677e+2, -1.915e-5
4.678e+2, -1.905e-5
4.679e+2, -1.912e-5
4.680e+2, -1.911e-5
4.681e+2, -1.916e-5
4.682e+2, -1.914e-5
4.683e+2, -1.912e-5
4.684e+2, -1.910e-5
4.685e+2, -1.919e-5
4.686e+2, -1.917e-5
4.687e+2, -1.931e-5
4.688e+2, -1.920e-5
4.689e+2, -1.914e-5
4.690e+2, -1.915e-5
4.691e+2, -1.911e-5
4.692e+2, -1.919e-5
4.693e+2, -2.143e-5
4.694e+2, -2.146e-5
4.695e+2, -2.158e-5
4.696e+2, -2.161e-5
4.697e+2, -2.150e-5
4.698e+2, -2.149e-5
4.699e+2, -2.146e-5
4.700e+2, -2.148e-5
4.701e+2, -2.147e-5
4.702e+2, -2.135e-5
4.703e+2, -2.149e-5
4.704e+2, -2.166e-5
4.705e+2, -2.147e-5
4.706e+2, -2.143e-5
4.707e+2, -2.145e-5
4.708e+2, -2.148e-5
4.709e+2, -2.150e-5
4.710e+2, -2.148e-5
4.711e+2, -2.136e-5
4.712e+2, -2.159e-5
4.713e+2, -2.152e-5
4.714e+2, -2.150e-5
4.715e+2, -2.145e-5
4.716e+2, -2.144e-5
4.717e+2, -2.149e-5
4.718e+2, -2.154e-5
4.719e+2, -2.149e-5
4.720e+2, -2.149e-5
4.721e+2, -2.160e-5
4.722e+2, -2.155e-5
4.723e+2, -2.149e-5
4.724e+2, -2.149e-5
4.725e+2, -2.151e-5
4.726e+2, -2.148e-5
4.727e+2, -2.154e-5
4.728e+2, -2.143e-5
4.729e+2, -2.150e-5
4.730e+2, -2.144e-5
4.731e+2, -2.142e-5
4.732e+2, -2.146e-5
4.733e+2, -2.151e-5
4.734e+2, -2.150e-5
4.735e+2, -2.150e-5
4.736e+2, -2.148e-5
4.737e+2, -2.143e-5
4.738e+2, -2.136e-5
4.739e+2, -2.160e-5
4.740e+2, -2.156e-5
4.741e+2, -2.156e-5
4.742e+2, -2.153e-5
4.743e+2, -2.151e-5
4.744e+2, -2.146e-5
4.745e+2, -2.145e-5
4.746e+2, -2.146e-5
4.747e+2, -2.141e-5
4.748e+2, -2.142e-5
4.749e+2, -2.152e-5
4.750e+2, -2.152e-5
4.751e+2, -2.152e-5
4.752e+2, -2.155e-5
4.753e+2, -2.146e-5
4.754e+2, -2.155e-5
4.755e+2, -2.166e-5
4.756e+2, -2.159e-5
4.757e+2, -2.154e-5
4.758e+2, -2.156e-5
4.759e+2, -2.156e-5
4.760e+2, -2.149e-5
4.761e+2, -2.159e-5
4.762e+2, -2.161e-5
4.763e+2, -2.152e-5
4.764e+2, -2.149e-5
4.765e+2, -2.156e-5
4.766e+2, -2.148e-5
4.767e+2, -2.142e-5
4.768e+2, -2.149e-5
4.769e+2, -2.150e-5
4.770e+2, -2.151e-5
4.771e+2, -2.152e-5
4.772e+2, -2.147e-5
4.773e+2, -2.145e-5
4.774e+2, -2.163e-5
4.775e+2, -2.315e-5
4.776e+2, -2.321e-5
4.777e+2, -2.323e-5
4.778e+2, -2.321e-5
4.779e+2, -2.321e-5
4.780e+2, -2.318e-5
4.781e+2, -2.322e-5
4.782e+2, -2.327e-5
4.783e+2, -2.323e-5
4.784e+2, -2.326e-5
4.785e+2, -2.330e-5
4.786e+2, -2.329e-5
4.787e+2, -2.324e-5
4.788e+2, -2.319e-5
4.789e+2, -2.320e-5
4.790e+2, -2.320e-5
4.791e+2, -2.320e-5
4.792e+2, -2.326e-5
4.793e+2, -2.319e-5
4.794e+2, -2.322e-5
4.795e+2, -2.319e-5
4.796e+2, -2.311e-5
4.797e+2, -2.332e-5
4.798e+2, -2.317e-5
4.799e+2, -2.316e-5
4.800e+2, -2.321e-5
4.801e+2, -2.318e-5
4.802e+2, -2.320e-5
4.803e+2, -2.318e-5
4.804e+2, -2.309e-5
4.805e+2, -2.330e-5
4.806e+2, -2.320e-5
4.807e+2, -2.325e-5
4.808e+2, -2.309e-5
4.809e+2, -2.321e-5
4.810e+2, -2.317e-5
4.811e+2, -2.319e-5
4.812e+2, -2.320e-5
4.813e+2, -2.315e-5
4.814e+2, -2.334e-5
4.815e+2, -2.338e-5
4.816e+2, -2.332e-5
4.817e+2, -2.320e-5
4.818e+2, -2.328e-5
4.819e+2, -2.326e-5
4.820e+2, -2.323e-5
4.821e+2, -2.316e-5
4.822e+2, -2.322e-5
4.823e+2, -2.322e-5
4.824e+2, -2.315e-5
4.825e+2, -2.328e-5
4.826e+2, -2.326e-5
4.827e+2, -2.324e-5
4.828e+2, -2.318e-5
4.829e+2, -2.322e-5
4.830e+2, -2.333e-5
4.831e+2, -2.327e-5
4.832e+2, -2.323e-5
4.833e+2, -2.325e-5
4.834e+2, -2.331e-5
4.835e+2, -2.333e-5
4.836e+2, -2.334e-5
4.837e+2, -2.323e-5
4.838e+2, -2.329e-5
4.839e+2, -2.327e-5
4.840e+2, -2.325e-5
4.841e+2, -2.333e-5
4.842e+2, -2.334e-5
4.843e+2, -2.340e-5
4.844e+2, -2.323e-5
4.845e+2, -2.321e-5
4.846e+2, -2.325e-5
4.847e+2, -2.327e-5
4.848e+2, -2.322e-5
4.849e+2, -2.338e-5
4.850e+2, -2.327e-5
4.851e+2, -2.343e-5
4.852e+2, -2.325e-5
4.853e+2, -2.321e-5
4.854e+2, -2.334e-5
4.855e+2, -2.333e-5
4.856e+2, -2.335e-5
4.857e+2, -2.468e-5
4.858e+2, -2.485e-5
4.859e+2, -2.477e-5
4.860e+2, -2.457e-5
4.861e+2, -2.454e-5
4.862e+2, -2.460e-5
4.863e+2, -2.467e-5
4.864e+2, -2.468e-5
4.865e+2, -2.461e-5
4.866e+2, -2.462e-5
4.867e+2, -2.478e-5
4.868e+2, -2.468e-5
4.869e+2, -2.466e-5
4.870e+2, -2.467e-5
4.871e+2, -2.465e-5
4.872e+2, -2.457e-5
4.873e+2, -2.465e-5
4.874e+2, -2.469e-5
4.875e+2, -2.464e-5
4.876e+2, -2.468e-5
4.877e+2, -2.470e-5
4.878e+2, -2.480e-5
4.879e+2, -2.463e-5
4.880e+2, -2.470e-5
4.881e+2, -2.469e-5
4.882e+2, -2.471e-5
4.883e+2, -2.468e-5
4.884e+2, -2.466e-5
4.885e+2, -2.463e-5
4.886e+2, -2.487e-5
4.887e+2, -2.470e-5
4.888e+2, -2.476e-5
4.889e+2, -2.479e-5
4.890e+2, -2.480e-5
4.891e+2, -2.477e-5
4.892e+2, -2.474e-5
4.893e+2, -2.464e-5
4.894e+2, -2.473e-5
4.895e+2, -2.474e-5
4.896e+2, -2.474e-5
4.897e+2, -2.470e-5
4.898e+2, -2.468e-5
4.899e+2, -2.471e-5
4.900e+2, -2.473e-5
4.901e+2, -2.475e-5
4.902e+2, -2.472e-5
4.903e+2, -2.467e-5
4.904e+2, -2.466e-5
4.905e+2, -2.464e-5
4.906e+2, -2.464e-5
4.907e+2, -2.459e-5
4.908e+2, -2.462e-5
4.909e+2, -2.472e-5
4.910e+2, -2.456e-5
4.911e+2, -2.463e-5
4.912e+2, -2.468e-5
4.913e+2, -2.465e-5
4.914e+2, -2.458e-5
4.915e+2, -2.465e-5
4.916e+2, -2.466e-5
4.917e+2, -2.472e-5
4.918e+2, -2.457e-5
4.919e+2, -2.483e-5
4.920e+2, -2.473e-5
4.921e+2, -2.471e-5
4.922e+2, -2.474e-5
4.923e+2, -2.463e-5
4.924e+2, -2.467e-5
4.925e+2, -2.485e-5
4.926e+2, -2.484e-5
4.927e+2, -2.469e-5
4.928e+2, -2.469e-5
4.929e+2, -2.468e-5
4.930e+2, -2.468e-5
4.931e+2, -2.470e-5
4.932e+2, -2.476e-5
4.933e+2, -2.472e-5
4.934e+2, -2.472e-5
4.935e+2, -2.468e-5
4.936e+2, -2.469e-5
4.937e+2, -2.474e-5
4.938e+2, -2.471e-5
4.939e+2, -2.545e-5
4.940e+2, -2.550e-5
4.941e+2, -2.542e-5
4.942e+2, -2.541e-5
4.943e+2, -2.555e-5
4.944e+2, -2.562e-5
4.945e+2, -2.569e-5
4.946e+2, -2.567e-5
4.947e+2, -2.561e-5
4.948e+2, -2.563e-5
4.949e+2, -2.560e-5
4.950e+2, -2.555e-5
4.951e+2, -2.574e-5
4.952e+2, -2.569e-5
4.953e+2, -2.575e-5
4.954e+2, -2.561e-5
4.955e+2, -2.544e-5
4.956e+2, -2.553e-5
4.957e+2, -2.557e-5
4.958e+2, -2.555e-5
4.959e+2, -2.560e-5
4.960e+2, -2.561e-5
4.961e+2, -2.558e-5
4.962e+2, -2.570e-5
4.963e+2, -2.553e-5
4.964e+2, -2.555e-5
4.965e+2, -2.556e-5
4.966e+2, -2.552e-5
4.967e+2, -2.555e-5
4.968e+2, -2.537e-5
4.969e+2, -2.567e-5
4.970e+2, -2.565e-5
4.971e+2, -2.553e-5
4.972e+2, -2.542e-5
4.973e+2, -2.544e-5
4.974e+2, -2.545e-5
4.975e+2, -2.554e-5
4.976e+2, -2.560e-5
4.977e+2, -2.565e-5
4.978e+2, -2.560e-5
4.979e+2, -2.570e-5
4.980e+2, -2.547e-5
4.981e+2, -2.557e-5
4.982e+2, -2.557e-5
4.983e+2, -2.552e-5
4.984e+2, -2.554e-5
4.985e+2, -2.551e-5
4.986e+2, -2.544e-5
4.987e+2, -2.559e-5
4.988e+2, -2.552e-5
4.989e+2, -2.552e-5
4.990e+2, -2.555e-5
4.991e+2, -2.571e-5
4.992e+2, -2.562e-5
4.993e+2, -2.560e-5
4.994e+2, -2.553e-5
4.995e+2, -2.569e-5
4.996e+2, -2.563e-5
4.997e+2, -2.564e-5
4.998e+2, -2.557e-5
4.999e+2, -2.554e-5
5.000e+2, -2.573e-5
5.001e+2, -2.556e-5
5.002e+2, -2.567e-5
5.003e+2, -2.574e-5
5.004e+2, -2.560e-5
5.005e+2, -2.562e-5
5.006e+2, -2.552e-5
5.007e+2, -2.551e-5
5.008e+2, -2.561e-5
5.009e+2, -2.562e-5
5.010e+2, -2.547e-5
5.011e+2, -2.552e-5
5.012e+2, -2.557e-5
5.013e+2, -2.562e-5
5.014e+2, -2.577e-5
5.015e+2, -2.574e-5
5.016e+2, -2.563e-5
5.017e+2, -2.560e-5
5.018e+2, -2.557e-5
5.019e+2, -2.559e-5
5.020e+2, -2.559e-5
5.021e+2, -2.628e-5
5.022e+2, -2.629e-5
5.023e+2, -2.653e-5
5.024e+2, -2.652e-5
5.025e+2, -2.653e-5
5.026e+2, -2.640e-5
5.027e+2, -2.648e-5
5.028e+2, -2.642e-5
5.029e+2, -2.639e-5
5.030e+2, -2.631e-5
5.031e+2, -2.653e-5
5.032e+2, -2.647e-5
5.033e+2, -2.640e-5
5.034e+2, -2.638e-5
5.035e+2, -2.632e-5
5.036e+2, -2.643e-5
5.037e+2, -2.636e-5
5.038e+2, -2.650e-5
5.039e+2, -2.655e-5
5.040e+2, -2.652e-5
5.041e+2, -2.632e-5
5.042e+2, -2.634e-5
5.043e+2, -2.636e-5
5.044e+2, -2.626e-5
5.045e+2, -2.630e-5
5.046e+2, -2.628e-5
5.047e+2, -2.619e-5
5.048e+2, -2.649e-5
5.049e+2, -2.642e-5
5.050e+2, -2.627e-5
5.051e+2, -2.633e-5
5.052e+2, -2.636e-5
5.053e+2, -2.637e-5
5.054e+2, -2.619e-5
5.055e+2, -2.643e-5
5.056e+2, -2.641e-5
5.057e+2, -2.639e-5
5.058e+2, -2.629e-5
5.059e+2, -2.641e-5
5.060e+2, -2.628e-5
5.061e+2, -2.626e-5
5.062e+2, -2.626e-5
5.063e+2, -2.630e-5
5.064e+2, -2.632e-5
5.065e+2, -2.628e-5
5.066e+2, -2.635e-5
5.067e+2, -2.639e-5
5.068e+2, -2.644e-5
5.069e+2, -2.632e-5
5.070e+2, -2.634e-5
5.071e+2, -2.634e-5
5.072e+2, -2.632e-5
5.073e+2, -2.626e-5
5.074e+2, -2.651e-5
5.075e+2, -2.647e-5
5.076e+2, -2.628e-5
5.077e+2, -2.637e-5
5.078e+2, -2.636e-5
5.079e+2, -2.640e-5
5.080e+2, -2.637e-5
5.081e+2, -2.629e-5
5.082e+2, -2.641e-5
5.083e+2, -2.643e-5
5.084e+2, -2.643e-5
5.085e+2, -2.621e-5
5.086e+2, -2.636e-5
5.087e+2, -2.637e-5
5.088e+2, -2.635e-5
5.089e+2, -2.646e-5
5.090e+2, -2.635e-5
5.091e+2, -2.628e-5
5.092e+2, -2.645e-5
5.093e+2, -2.630e-5
5.094e+2, -2.638e-5
5.095e+2, -2.629e-5
5.096e+2, -2.639e-5
5.097e+2, -2.632e-5
5.098e+2, -2.634e-5
5.099e+2, -2.634e-5
5.100e+2, -2.639e-5
5.101e+2, -2.640e-5
5.102e+2, -2.635e-5
5.103e+2, -2.660e-5
5.104e+2, -2.671e-5
5.105e+2, -2.679e-5
5.106e+2, -2.672e-5
5.107e+2, -2.688e-5
5.108e+2, -2.675e-5
5.109e+2, -2.664e-5
5.110e+2, -2.681e-5
5.111e+2, -2.670e-5
5.112e+2, -2.685e-5
5.113e+2, -2.678e-5
5.114e+2, -2.679e-5
5.115e+2, -2.680e-5
5.116e+2, -2.682e-5
5.117e+2, -2.679e-5
5.118e+2, -2.681e-5
5.119e+2, -2.673e-5
5.120e+2, -2.667e-5
5.121e+2, -2.671e-5
5.122e+2, -2.674e-5
5.123e+2, -2.674e-5
5.124e+2, -2.686e-5
5.125e+2, -2.681e-5
5.126e+2, -2.678e-5
5.127e+2, -2.672e-5
5.128e+2, -2.681e-5
5.129e+2, -2.678e-5
5.130e+2, -2.676e-5
5.131e+2, -2.673e-5
5.132e+2, -2.674e-5
5.133e+2, -2.667e-5
5.134e+2, -2.676e-5
5.135e+2, -2.677e-5
5.136e+2, -2.683e-5
5.137e+2, -2.679e-5
5.138e+2, -2.673e-5
5.139e+2, -2.680e-5
5.140e+2, -2.678e-5
5.141e+2, -2.677e-5
5.142e+2, -2.676e-5
5.143e+2, -2.692e-5
5.144e+2, -2.691e-5
5.145e+2, -2.686e-5
5.146e+2, -2.684e-5
5.147e+2, -2.684e-5
5.148e+2, -2.673e-5
5.149e+2, -2.700e-5
5.150e+2, -2.686e-5
5.151e+2, -2.697e-5
5.152e+2, -2.667e-5
5.153e+2, -2.676e-5
5.154e+2, -2.680e-5
5.155e+2, -2.680e-5
5.156e+2, -2.667e-5
5.157e+2, -2.657e-5
5.158e+2, -2.691e-5
5.159e+2, -2.681e-5
5.160e+2, -2.675e-5
5.161e+2, -2.668e-5
5.162e+2, -2.665e-5
5.163e+2, -2.665e-5
5.164e+2, -2.677e-5
5.165e+2, -2.674e-5
5.166e+2, -2.659e-5
5.167e+2, -2.688e-5
5.168e+2, -2.681e-5
5.169e+2, -2.681e-5
5.170e+2, -2.673e-5
5.171e+2, -2.670e-5
5.172e+2, -2.677e-5
5.173e+2, -2.675e-5
5.174e+2, -2.670e-5
5.175e+2, -2.668e-5
5.176e+2, -2.670e-5
5.177e+2, -2.667e-5
5.178e+2, -2.692e-5
5.179e+2, -2.669e-5
5.180e+2, -2.674e-5
5.181e+2, -2.667e-5
5.182e+2, -2.670e-5
5.183e+2, -2.670e-5
5.184e+2, -2.671e-5
5.185e+2, -2.697e-5
5.186e+2, -2.724e-5
5.187e+2, -2.728e-5
5.188e+2, -2.725e-5
5.189e+2, -2.731e-5
5.190e+2, -2.734e-5
5.191e+2, -2.729e-5
5.192e+2, -2.713e-5
5.193e+2, -2.740e-5
5.194e+2, -2.749e-5
5.195e+2, -2.732e-5
5.196e+2, -2.730e-5
5.197e+2, -2.739e-5
5.198e+2, -2.735e-5
5.199e+2, -2.731e-5
5.200e+2, -2.728e-5
5.201e+2, -2.756e-5
5.202e+2, -2.747e-5
5.203e+2, -2.735e-5
5.204e+2, -2.736e-5
5.205e+2, -2.731e-5
5.206e+2, -2.732e-5
5.207e+2, -2.739e-5
5.208e+2, -2.729e-5
5.209e+2, -2.736e-5
5.210e+2, -2.753e-5
5.211e+2, -2.732e-5
5.212e+2, -2.726e-5
5.213e+2, -2.731e-5
5.214e+2, -2.741e-5
5.215e+2, -2.731e-5
5.216e+2, -2.734e-5
5.217e+2, -2.714e-5
5.218e+2, -2.752e-5
5.219e+2, -2.740e-5
5.220e+2, -2.732e-5
5.221e+2, -2.723e-5
5.222e+2, -2.728e-5
5.223e+2, -2.730e-5
5.224e+2, -2.729e-5
5.225e+2, -2.707e-5
5.226e+2, -2.752e-5
5.227e+2, -2.736e-5
5.228e+2, -2.743e-5
5.229e+2, -2.720e-5
5.230e+2, -2.736e-5
5.231e+2, -2.733e-5
5.232e+2, -2.728e-5
5.233e+2, -2.747e-5
5.234e+2, -2.742e-5
5.235e+2, -2.743e-5
5.236e+2, -2.737e-5
5.237e+2, -2.732e-5
5.238e+2, -2.728e-5
5.239e+2, -2.722e-5
5.240e+2, -2.722e-5
5.241e+2, -2.717e-5
5.242e+2, -2.725e-5
5.243e+2, -2.724e-5
5.244e+2, -2.717e-5
5.245e+2, -2.721e-5
5.246e+2, -2.723e-5
5.247e+2, -2.715e-5
5.248e+2, -2.715e-5
5.249e+2, -2.728e-5
5.250e+2, -2.730e-5
5.251e+2, -2.725e-5
5.252e+2, -2.737e-5
5.253e+2, -2.738e-5
5.254e+2, -2.737e-5
5.255e+2, -2.722e-5
5.256e+2, -2.732e-5
5.257e+2, -2.732e-5
5.258e+2, -2.724e-5
5.259e+2, -2.716e-5
5.260e+2, -2.725e-5
5.261e+2, -2.732e-5
5.262e+2, -2.724e-5
5.263e+2, -2.723e-5
5.264e+2, -2.725e-5
5.265e+2, -2.723e-5
5.266e+2, -2.719e-5
5.267e+2, -2.744e-5
5.268e+2, -2.753e-5
5.269e+2, -2.761e-5
5.270e+2, -2.776e-5
5.271e+2, -2.763e-5
5.272e+2, -2.773e-5
5.273e+2, -2.770e-5
5.274e+2, -2.765e-5
5.275e+2, -2.762e-5
5.276e+2, -2.783e-5
5.277e+2, -2.790e-5
5.278e+2, -2.774e-5
5.279e+2, -2.776e-5
5.280e+2, -2.777e-5
5.281e+2, -2.784e-5
5.282e+2, -2.776e-5
5.283e+2, -2.773e-5
5.284e+2, -2.808e-5
5.285e+2, -2.787e-5
5.286e+2, -2.781e-5
5.287e+2, -2.778e-5
5.288e+2, -2.791e-5
5.289e+2, -2.784e-5
5.290e+2, -2.782e-5
5.291e+2, -2.777e-5
5.292e+2, -2.782e-5
5.293e+2, -2.780e-5
5.294e+2, -2.780e-5
5.295e+2, -2.799e-5
5.296e+2, -2.783e-5
5.297e+2, -2.780e-5
5.298e+2, -2.788e-5
5.299e+2, -2.778e-5
5.300e+2, -2.772e-5
5.301e+2, -2.780e-5
5.302e+2, -2.782e-5
5.303e+2, -2.769e-5
5.304e+2, -2.795e-5
5.305e+2, -2.798e-5
5.306e+2, -2.792e-5
5.307e+2, -2.780e-5
5.308e+2, -2.782e-5
5.309e+2, -2.783e-5
5.310e+2, -2.781e-5
5.311e+2, -2.778e-5
5.312e+2, -2.778e-5
5.313e+2, -2.766e-5
5.314e+2, -2.792e-5
5.315e+2, -2.773e-5
5.316e+2, -2.764e-5
5.317e+2, -2.783e-5
5.318e+2, -2.779e-5
5.319e+2, -2.785e-5
5.320e+2, -2.781e-5
5.321e+2, -2.782e-5
5.322e+2, -2.771e-5
5.323e+2, -2.776e-5
5.324e+2, -2.792e-5
5.325e+2, -2.786e-5
5.326e+2, -2.774e-5
5.327e+2, -2.769e-5
5.328e+2, -2.783e-5
5.329e+2, -2.778e-5
5.330e+2, -2.780e-5
5.331e+2, -2.781e-5
5.332e+2, -2.778e-5
5.333e+2, -2.778e-5
5.334e+2, -2.789e-5
5.335e+2, -2.781e-5
5.336e+2, -2.784e-5
5.337e+2, -2.787e-5
5.338e+2, -2.787e-5
5.339e+2, -2.791e-5
5.340e+2, -2.788e-5
5.341e+2, -2.785e-5
5.342e+2, -2.794e-5
5.343e+2, -2.797e-5
5.344e+2, -2.790e-5
5.345e+2, -2.783e-5
5.346e+2, -2.777e-5
5.347e+2, -2.778e-5
5.348e+2, -2.781e-5
5.349e+2, -2.782e-5
5.350e+2, -2.812e-5
5.351e+2, -2.819e-5
5.352e+2, -2.817e-5
5.353e+2, -2.808e-5
5.354e+2, -2.815e-5
5.355e+2, -2.817e-5
5.356e+2, -2.819e-5
5.357e+2, -2.819e-5
5.358e+2, -2.806e-5
5.359e+2, -2.825e-5
5.360e+2, -2.821e-5
5.361e+2, -2.833e-5
5.362e+2, -2.813e-5
5.363e+2, -2.824e-5
5.364e+2, -2.824e-5
5.365e+2, -2.821e-5
5.366e+2, -2.819e-5
5.367e+2, -2.815e-5
5.368e+2, -2.817e-5
5.369e+2, -2.811e-5
5.370e+2, -2.824e-5
5.371e+2, -2.821e-5
5.372e+2, -2.815e-5
5.373e+2, -2.821e-5
5.374e+2, -2.810e-5
5.375e+2, -2.803e-5
5.376e+2, -2.815e-5
5.377e+2, -2.815e-5
5.378e+2, -2.809e-5
5.379e+2, -2.829e-5
5.380e+2, -2.826e-5
5.381e+2, -2.811e-5
5.382e+2, -2.834e-5
5.383e+2, -2.821e-5
5.384e+2, -2.821e-5
5.385e+2, -2.828e-5
5.386e+2, -2.822e-5
5.387e+2, -2.816e-5
5.388e+2, -2.818e-5
5.389e+2, -2.837e-5
5.390e+2, -2.836e-5
5.391e+2, -2.811e-5
5.392e+2, -2.819e-5
5.393e+2, -2.833e-5
5.394e+2, -2.822e-5
5.395e+2, -2.820e-5
5.396e+2, -2.797e-5
5.397e+2, -2.831e-5
5.398e+2, -2.833e-5
5.399e+2, -2.824e-5
5.400e+2, -2.823e-5
5.401e+2, -2.820e-5
5.402e+2, -2.818e-5
5.403e+2, -2.803e-5
5.404e+2, -2.800e-5
5.405e+2, -2.832e-5
5.406e+2, -2.821e-5
5.407e+2, -2.822e-5
5.408e+2, -2.813e-5
5.409e+2, -2.819e-5
5.410e+2, -2.807e-5
5.411e+2, -2.832e-5
5.412e+2, -2.831e-5
5.413e+2, -2.825e-5
5.414e+2, -2.822e-5
5.415e+2, -2.827e-5
5.416e+2, -2.826e-5
5.417e+2, -2.821e-5
5.418e+2, -2.823e-5
5.419e+2, -2.821e-5
5.420e+2, -2.829e-5
5.421e+2, -2.825e-5
5.422e+2, -2.826e-5
5.423e+2, -2.815e-5
5.424e+2, -2.821e-5
5.425e+2, -2.824e-5
5.426e+2, -2.819e-5
5.427e+2, -2.834e-5
5.428e+2, -2.816e-5
5.429e+2, -2.838e-5
5.430e+2, -2.835e-5
5.431e+2, -2.881e-5
5.432e+2, -2.893e-5
5.433e+2, -2.893e-5
5.434e+2, -2.887e-5
5.435e+2, -2.879e-5
5.436e+2, -2.882e-5
5.437e+2, -2.887e-5
5.438e+2, -2.891e-5
5.439e+2, -2.882e-5
5.440e+2, -2.883e-5
5.441e+2, -2.876e-5
5.442e+2, -2.883e-5
5.443e+2, -2.891e-5
5.444e+2, -2.897e-5
5.445e+2, -2.880e-5
5.446e+2, -2.871e-5
5.447e+2, -2.900e-5
5.448e+2, -2.887e-5
5.449e+2, -2.879e-5
5.450e+2, -2.887e-5
5.451e+2, -2.890e-5
5.452e+2, -2.887e-5
5.453e+2, -2.887e-5
5.454e+2, -2.892e-5
5.455e+2, -2.904e-5
5.456e+2, -2.888e-5
5.457e+2, -2.895e-5
5.458e+2, -2.882e-5
5.459e+2, -2.888e-5
5.460e+2, -2.890e-5
5.461e+2, -2.895e-5
5.462e+2, -2.889e-5
5.463e+2, -2.897e-5
5.464e+2, -2.899e-5
5.465e+2, -2.890e-5
5.466e+2, -2.894e-5
5.467e+2, -2.890e-5
5.468e+2, -2.892e-5
5.469e+2, -2.890e-5
5.470e+2, -2.890e-5
5.471e+2, -2.875e-5
5.472e+2, -2.904e-5
5.473e+2, -2.897e-5
5.474e+2, -2.894e-5
5.475e+2, -2.887e-5
5.476e+2, -2.889e-5
5.477e+2, -2.891e-5
5.478e+2, -2.895e-5
5.479e+2, -2.887e-5
5.480e+2, -2.909e-5
5.481e+2, -2.887e-5
5.482e+2, -2.880e-5
5.483e+2, -2.885e-5
5.484e+2, -2.885e-5
5.485e+2, -2.883e-5
5.486e+2, -2.880e-5
5.487e+2, -2.878e-5
5.488e+2, -2.887e-5
5.489e+2, -2.886e-5
5.490e+2, -2.880e-5
5.491e+2, -2.869e-5
5.492e+2, -2.877e-5
5.493e+2, -2.886e-5
5.494e+2, -2.880e-5
5.495e+2, -2.873e-5
5.496e+2, -2.880e-5
5.497e+2, -2.878e-5
5.498e+2, -2.881e-5
5.499e+2, -2.884e-5
5.500e+2, -2.879e-5
5.501e+2, -2.884e-5
5.502e+2, -2.878e-5
5.503e+2, -2.876e-5
5.504e+2, -2.880e-5
5.505e+2, -2.875e-5
5.506e+2, -2.871e-5
5.507e+2, -2.865e-5
5.508e+2, -2.885e-5
5.509e+2, -2.880e-5
5.510e+2, -2.874e-5
5.511e+2, -2.876e-5
5.512e+2, -2.875e-5
5.513e+2, -2.877e-5
5.514e+2, -2.887e-5
5.515e+2, -2.893e-5
5.516e+2, -2.903e-5
5.517e+2, -2.900e-5
5.518e+2, -2.896e-5
5.519e+2, -2.921e-5
5.520e+2, -2.908e-5
5.521e+2, -2.901e-5
5.522e+2, -2.905e-5
5.523e+2, -2.903e-5
5.524e+2, -2.905e-5
5.525e+2, -2.928e-5
5.526e+2, -2.926e-5
5.527e+2, -2.914e-5
5.528e+2, -2.917e-5
5.529e+2, -2.924e-5
5.530e+2, -2.922e-5
5.531e+2, -2.920e-5
5.532e+2, -2.916e-5
5.533e+2, -2.905e-5
5.534e+2, -2.897e-5
5.535e+2, -2.915e-5
5.536e+2, -2.911e-5
5.537e+2, -2.904e-5
5.538e+2, -2.918e-5
5.539e+2, -2.914e-5
5.540e+2, -2.912e-5
5.541e+2, -2.908e-5
5.542e+2, -2.940e-5
5.543e+2, -2.921e-5
5.544e+2, -2.938e-5
5.545e+2, -2.928e-5
5.546e+2, -2.910e-5
5.547e+2, -2.917e-5
5.548e+2, -2.933e-5
5.549e+2, -2.915e-5
5.550e+2, -2.923e-5
5.551e+2, -2.926e-5
5.552e+2, -2.916e-5
5.553e+2, -2.916e-5
5.554e+2, -2.917e-5
5.555e+2, -2.909e-5
5.556e+2, -2.924e-5
5.557e+2, -2.920e-5
5.558e+2, -2.925e-5
5.559e+2, -2.924e-5
5.560e+2, -2.919e-5
5.561e+2, -2.918e-5
5.562e+2, -2.919e-5
5.563e+2, -2.929e-5
5.564e+2, -2.933e-5
5.565e+2, -2.934e-5
5.566e+2, -2.903e-5
5.567e+2, -2.902e-5
5.568e+2, -2.906e-5
5.569e+2, -2.910e-5
5.570e+2, -2.906e-5
5.571e+2, -2.909e-5
5.572e+2, -2.924e-5
5.573e+2, -2.925e-5
5.574e+2, -2.924e-5
5.575e+2, -2.914e-5
5.576e+2, -2.918e-5
5.577e+2, -2.919e-5
5.578e+2, -2.906e-5
5.579e+2, -2.891e-5
5.580e+2, -2.923e-5
5.581e+2, -2.927e-5
5.582e+2, -2.909e-5
5.583e+2, -2.909e-5
5.584e+2, -2.918e-5
5.585e+2, -2.910e-5
5.586e+2, -2.892e-5
5.587e+2, -2.929e-5
5.588e+2, -2.910e-5
5.589e+2, -2.908e-5
5.590e+2, -2.903e-5
5.591e+2, -2.906e-5
5.592e+2, -2.905e-5
5.593e+2, -2.907e-5
5.594e+2, -2.895e-5
5.595e+2, -2.909e-5
5.596e+2, -2.955e-5
5.597e+2, -2.944e-5
5.598e+2, -2.948e-5
5.599e+2, -2.945e-5
5.600e+2, -2.956e-5
5.601e+2, -2.949e-5
5.602e+2, -2.947e-5
5.603e+2, -2.937e-5
5.604e+2, -2.974e-5
5.605e+2, -2.962e-5
5.606e+2, -2.959e-5
5.607e+2, -2.956e-5
5.608e+2, -2.961e-5
5.609e+2, -2.965e-5
5.610e+2, -2.965e-5
5.611e+2, -2.955e-5
5.612e+2, -2.954e-5
5.613e+2, -2.953e-5
5.614e+2, -2.954e-5
5.615e+2, -2.969e-5
5.616e+2, -2.971e-5
5.617e+2, -2.973e-5
5.618e+2, -2.966e-5
5.619e+2, -2.974e-5
5.620e+2, -2.976e-5
5.621e+2, -2.996e-5
5.622e+2, -2.962e-5
5.623e+2, -2.970e-5
5.624e+2, -2.970e-5
5.625e+2, -2.957e-5
5.626e+2, -2.965e-5
5.627e+2, -2.973e-5
5.628e+2, -2.968e-5
5.629e+2, -2.956e-5
5.630e+2, -2.965e-5
5.631e+2, -2.982e-5
5.632e+2, -2.973e-5
5.633e+2, -2.974e-5
5.634e+2, -2.972e-5
5.635e+2, -2.971e-5
5.636e+2, -2.969e-5
5.637e+2, -2.968e-5
5.638e+2, -2.966e-5
5.639e+2, -2.957e-5
5.640e+2, -2.974e-5
5.641e+2, -2.968e-5
5.642e+2, -2.965e-5
5.643e+2, -2.969e-5
5.644e+2, -2.965e-5
5.645e+2, -2.953e-5
5.646e+2, -2.961e-5
5.647e+2, -2.976e-5
5.648e+2, -2.954e-5
5.649e+2, -2.963e-5
5.650e+2, -2.962e-5
5.651e+2, -2.956e-5
5.652e+2, -2.951e-5
5.653e+2, -2.961e-5
5.654e+2, -2.957e-5
5.655e+2, -2.978e-5
5.656e+2, -2.981e-5
5.657e+2, -2.958e-5
5.658e+2, -2.960e-5
5.659e+2, -2.962e-5
5.660e+2, -2.965e-5
5.661e+2, -2.964e-5
5.662e+2, -2.950e-5
5.663e+2, -2.979e-5
5.664e+2, -2.966e-5
5.665e+2, -2.969e-5
5.666e+2, -2.950e-5
5.667e+2, -2.957e-5
5.668e+2, -2.957e-5
5.669e+2, -2.950e-5
5.670e+2, -2.955e-5
5.671e+2, -2.952e-5
5.672e+2, -2.962e-5
5.673e+2, -2.954e-5
5.674e+2, -2.950e-5
5.675e+2, -2.949e-5
5.676e+2, -2.950e-5
5.677e+2, -2.940e-5
5.678e+2, -2.956e-5
5.679e+2, -2.952e-5
5.680e+2, -2.948e-5
5.681e+2, -2.959e-5
5.682e+2, -2.964e-5
5.683e+2, -2.982e-5
5.684e+2, -2.970e-5
5.685e+2, -2.963e-5
5.686e+2, -2.970e-5
5.687e+2, -2.966e-5
5.688e+2, -2.969e-5
5.689e+2, -2.973e-5
5.690e+2, -2.974e-5
5.691e+2, -2.977e-5
5.692e+2, -2.986e-5
5.693e+2, -2.981e-5
5.694e+2, -2.982e-5
5.695e+2, -2.981e-5
5.696e+2, -2.984e-5
5.697e+2, -3.000e-5
5.698e+2, -2.986e-5
5.699e+2, -2.985e-5
5.700e+2, -2.979e-5
5.701e+2, -2.979e-5
5.702e+2, -2.977e-5
5.703e+2, -2.979e-5
5.704e+2, -2.978e-5
5.705e+2, -2.968e-5
5.706e+2, -2.993e-5
5.707e+2, -2.988e-5
5.708e+2, -2.979e-5
5.709e+2, -2.979e-5
5.710e+2, -2.968e-5
5.711e+2, -2.980e-5
5.712e+2, -2.976e-5
5.713e+2, -2.961e-5
5.714e+2, -2.992e-5
5.715e+2, -2.993e-5
5.716e+2, -2.980e-5
5.717e+2, -2.986e-5
5.718e+2, -2.978e-5
5.719e+2, -2.965e-5
5.720e+2, -2.967e-5
5.721e+2, -2.987e-5
5.722e+2, -2.981e-5
5.723e+2, -2.983e-5
5.724e+2, -2.981e-5
5.725e+2, -2.979e-5
5.726e+2, -2.982e-5
5.727e+2, -2.985e-5
5.728e+2, -2.987e-5
5.729e+2, -2.988e-5
5.730e+2, -2.972e-5
5.731e+2, -2.973e-5
5.732e+2, -2.977e-5
5.733e+2, -2.977e-5
5.734e+2, -2.966e-5
5.735e+2, -2.971e-5
5.736e+2, -2.969e-5
5.737e+2, -2.962e-5
5.738e+2, -2.996e-5
5.739e+2, -2.969e-5
5.740e+2, -2.968e-5
5.741e+2, -2.970e-5
5.742e+2, -2.969e-5
5.743e+2, -2.967e-5
5.744e+2, -2.978e-5
5.745e+2, -2.975e-5
5.746e+2, -2.968e-5
5.747e+2, -2.985e-5
5.748e+2, -2.979e-5
5.749e+2, -2.974e-5
5.750e+2, -2.976e-5
5.751e+2, -2.983e-5
5.752e+2, -2.990e-5
5.753e+2, -2.978e-5
5.754e+2, -2.972e-5
5.755e+2, -2.994e-5
5.756e+2, -2.967e-5
5.757e+2, -2.969e-5
5.758e+2, -2.968e-5
5.759e+2, -2.952e-5
5.760e+2, -2.970e-5
5.761e+2, -2.966e-5
5.762e+2, -2.962e-5
5.763e+2, -2.986e-5
5.764e+2, -2.972e-5
5.765e+2, -2.989e-5
5.766e+2, -2.975e-5
5.767e+2, -2.982e-5
5.768e+2, -2.972e-5
5.769e+2, -2.970e-5
5.770e+2, -2.976e-5
5.771e+2, -2.976e-5
5.772e+2, -2.977e-5
5.773e+2, -2.971e-5
5.774e+2, -2.963e-5
5.775e+2, -2.984e-5
5.776e+2, -2.994e-5
5.777e+2, -2.979e-5
5.778e+2, -2.984e-5
5.779e+2, -2.978e-5
5.780e+2, -2.990e-5
5.781e+2, -2.994e-5
5.782e+2, -2.994e-5
5.783e+2, -2.972e-5
5.784e+2, -2.995e-5
5.785e+2, -2.996e-5
5.786e+2, -2.982e-5
5.787e+2, -2.982e-5
5.788e+2, -2.994e-5
5.789e+2, -2.990e-5
5.790e+2, -2.984e-5
5.791e+2, -2.987e-5
5.792e+2, -2.969e-5
5.793e+2, -2.973e-5
5.794e+2, -2.991e-5
5.795e+2, -2.989e-5
5.796e+2, -2.975e-5
5.797e+2, -2.987e-5
5.798e+2, -2.985e-5
5.799e+2, -2.965e-5
5.800e+2, -2.988e-5
5.801e+2, -3.028e-5
5.802e+2, -2.994e-5
5.803e+2, -2.992e-5
5.804e+2, -3.009e-5
5.805e+2, -2.982e-5
5.806e+2, -2.991e-5
5.807e+2, -2.990e-5
5.808e+2, -2.989e-5
5.809e+2, -2.966e-5
5.810e+2, -3.008e-5
5.811e+2, -3.005e-5
5.812e+2, -2.987e-5
5.813e+2, -2.973e-5
5.814e+2, -2.978e-5
5.815e+2, -2.990e-5
5.816e+2, -2.988e-5
5.817e+2, -2.990e-5
5.818e+2, -2.990e-5
5.819e+2, -2.993e-5
5.820e+2, -2.967e-5
5.821e+2, -2.987e-5
5.822e+2, -2.985e-5
5.823e+2, -2.981e-5
5.824e+2, -2.979e-5
5.825e+2, -2.987e-5
5.826e+2, -2.978e-5
5.827e+2, -3.002e-5
5.828e+2, -2.983e-5
5.829e+2, -2.974e-5
5.830e+2, -2.980e-5
5.831e+2, -2.976e-5
5.832e+2, -2.976e-5
5.833e+2, -2.979e-5
5.834e+2, -2.973e-5
5.835e+2, -2.974e-5
5.836e+2, -2.994e-5
5.837e+2, -2.985e-5
5.838e+2, -2.980e-5
5.839e+2, -2.973e-5
5.840e+2, -2.969e-5
5.841e+2, -2.960e-5
5.842e+2, -2.981e-5
5.843e+2, -2.993e-5
5.844e+2, -2.983e-5
5.845e+2, -3.016e-5
5.846e+2, -3.025e-5
5.847e+2, -3.000e-5
5.848e+2, -3.001e-5
5.849e+2, -3.010e-5
5.850e+2, -3.008e-5
5.851e+2, -3.005e-5
5.852e+2, -3.036e-5
5.853e+2, -3.012e-5
5.854e+2, -3.034e-5
5.855e+2, -3.021e-5
5.856e+2, -3.012e-5
5.857e+2, -3.022e-5
5.858e+2, -3.017e-5
5.859e+2, -3.015e-5
5.860e+2, -2.989e-5
5.861e+2, -3.041e-5
5.862e+2, -3.030e-5
5.863e+2, -3.007e-5
5.864e+2, -2.995e-5
5.865e+2, -3.004e-5
5.866e+2, -3.000e-5
5.867e+2, -2.995e-5
5.868e+2, -2.982e-5
5.869e+2, -3.012e-5
5.870e+2, -3.017e-5
5.871e+2, -3.010e-5
5.872e+2, -2.997e-5
5.873e+2, -2.991e-5
5.874e+2, -3.000e-5
5.875e+2, -3.009e-5
5.876e+2, -3.002e-5
5.877e+2, -3.015e-5
5.878e+2, -3.016e-5
5.879e+2, -3.018e-5
5.880e+2, -3.006e-5
5.881e+2, -3.014e-5
5.882e+2, -3.012e-5
5.883e+2, -3.011e-5
5.884e+2, -3.014e-5
5.885e+2, -3.005e-5
5.886e+2, -3.030e-5
5.887e+2, -3.010e-5
5.888e+2, -3.000e-5
5.889e+2, -2.994e-5
5.890e+2, -2.996e-5
5.891e+2, -3.003e-5
5.892e+2, -3.000e-5
5.893e+2, -3.009e-5
5.894e+2, -3.020e-5
5.895e+2, -2.995e-5
5.896e+2, -2.990e-5
5.897e+2, -2.995e-5
5.898e+2, -3.001e-5
5.899e+2, -3.008e-5
5.900e+2, -3.007e-5
5.901e+2, -3.018e-5
5.902e+2, -3.034e-5
5.903e+2, -3.017e-5
5.904e+2, -3.006e-5
5.905e+2, -2.999e-5
5.906e+2, -3.007e-5
5.907e+2, -3.006e-5
5.908e+2, -2.994e-5
5.909e+2, -2.984e-5
5.910e+2, -3.028e-5
5.911e+2, -3.018e-5
5.912e+2, -3.010e-5
5.913e+2, -3.002e-5
5.914e+2, -3.003e-5
5.915e+2, -3.005e-5
5.916e+2, -3.006e-5
5.917e+2, -2.987e-5
5.918e+2, -3.012e-5
5.919e+2, -3.007e-5
5.920e+2, -3.016e-5
5.921e+2, -2.996e-5
5.922e+2, -3.001e-5
5.923e+2, -2.981e-5
5.924e+2, -2.976e-5
5.925e+2, -2.985e-5
5.926e+2, -2.987e-5
5.927e+2, -2.984e-5
5.928e+2, -2.984e-5
5.929e+2, -2.997e-5
5.930e+2, -2.992e-5
5.931e+2, -2.983e-5
5.932e+2, -2.993e-5
5.933e+2, -2.997e-5
5.934e+2, -2.998e-5
5.935e+2, -2.997e-5
5.936e+2, -3.002e-5
5.937e+2, -3.009e-5
5.938e+2, -3.011e-5
5.939e+2, -2.988e-5
5.940e+2, -2.992e-5
5.941e+2, -2.997e-5
5.942e+2, -3.000e-5
5.943e+2, -3.002e-5
5.944e+2, -3.001e-5
5.945e+2, -3.021e-5
5.946e+2, -3.020e-5
5.947e+2, -3.011e-5
5.948e+2, -2.994e-5
5.949e+2, -3.007e-5
5.950e+2, -3.000e-5
5.951e+2, -2.994e-5
5.952e+2, -2.992e-5
5.953e+2, -2.995e-5
5.954e+2, -3.005e-5
5.955e+2, -2.988e-5
5.956e+2, -2.994e-5
5.957e+2, -2.989e-5
5.958e+2, -2.994e-5
5.959e+2, -2.996e-5
5.960e+2, -2.997e-5
5.961e+2, -2.995e-5
5.962e+2, -2.995e-5
5.963e+2, -2.995e-5
5.964e+2, -2.978e-5
5.965e+2, -2.999e-5
5.966e+2, -2.987e-5
5.967e+2, -2.986e-5
5.968e+2, -2.991e-5
5.969e+2, -2.985e-5
5.970e+2, -2.996e-5
5.971e+2, -2.991e-5
5.972e+2, -2.995e-5
5.973e+2, -3.002e-5
5.974e+2, -2.998e-5
5.975e+2, -2.994e-5
5.976e+2, -2.998e-5
5.977e+2, -3.001e-5
5.978e+2, -3.002e-5
5.979e+2, -3.007e-5
5.980e+2, -3.023e-5
5.981e+2, -3.011e-5
5.982e+2, -3.005e-5
5.983e+2, -3.000e-5
5.984e+2, -2.996e-5
5.985e+2, -2.992e-5
5.986e+2, -3.001e-5
5.987e+2, -3.001e-5
5.988e+2, -3.000e-5
5.989e+2, -2.995e-5
5.990e+2, -3.003e-5
5.991e+2, -3.002e-5
5.992e+2, -3.001e-5
5.993e+2, -2.995e-5
5.994e+2, -3.009e-5
5.995e+2, -3.006e-5
5.996e+2, -2.993e-5
5.997e+2, -2.996e-5
5.998e+2, -2.996e-5
5.999e+2, -2.994e-5
6.000e+2, -2.984e-5
6.001e+2, -3.011e-5
6.002e+2, -3.004e-5
6.003e+2, -2.999e-5
6.004e+2, -3.003e-5
6.005e+2, -2.994e-5
6.006e+2, -3.005e-5
6.007e+2, -2.997e-5
6.008e+2, -3.004e-5
6.009e+2, -3.006e-5
6.010e+2, -3.004e-5
6.011e+2, -3.013e-5
6.012e+2, -3.015e-5
6.013e+2, -3.005e-5
6.014e+2, -3.011e-5
6.015e+2, -3.017e-5
6.016e+2, -3.017e-5
6.017e+2, -3.020e-5
6.018e+2, -3.014e-5
6.019e+2, -3.029e-5
6.020e+2, -3.018e-5
6.021e+2, -3.016e-5
6.022e+2, -3.004e-5
6.023e+2, -3.012e-5
6.024e+2, -3.014e-5
6.025e+2, -3.010e-5
6.026e+2, -3.008e-5
6.027e+2, -3.017e-5
6.028e+2, -3.034e-5
6.029e+2, -3.020e-5
6.030e+2, -3.024e-5
6.031e+2, -3.019e-5
6.032e+2, -3.021e-5
6.033e+2, -3.019e-5
6.034e+2, -3.019e-5
6.035e+2, -3.011e-5
6.036e+2, -3.034e-5
6.037e+2, -3.029e-5
6.038e+2, -3.038e-5
6.039e+2, -3.041e-5
6.040e+2, -3.022e-5
6.041e+2, -3.022e-5
6.042e+2, -3.018e-5
6.043e+2, -3.014e-5
6.044e+2, -3.005e-5
6.045e+2, -3.004e-5
6.046e+2, -3.008e-5
6.047e+2, -3.028e-5
6.048e+2, -3.022e-5
6.049e+2, -3.011e-5
6.050e+2, -2.996e-5
6.051e+2, -3.011e-5
6.052e+2, -3.014e-5
6.053e+2, -3.004e-5
6.054e+2, -3.003e-5
6.055e+2, -3.017e-5
6.056e+2, -3.020e-5
6.057e+2, -3.028e-5
6.058e+2, -3.009e-5
6.059e+2, -3.003e-5
6.060e+2, -3.015e-5
6.061e+2, -3.018e-5
6.062e+2, -3.013e-5
6.063e+2, -2.988e-5
6.064e+2, -3.022e-5
6.065e+2, -3.021e-5
6.066e+2, -3.008e-5
6.067e+2, -3.017e-5
6.068e+2, -3.003e-5
6.069e+2, -3.014e-5
6.070e+2, -3.018e-5
6.071e+2, -3.014e-5
6.072e+2, -3.007e-5
6.073e+2, -2.995e-5
6.074e+2, -3.009e-5
6.075e+2, -3.015e-5
6.076e+2, -3.009e-5
6.077e+2, -3.006e-5
6.078e+2, -3.010e-5
6.079e+2, -3.014e-5
6.080e+2, -3.017e-5
6.081e+2, -3.005e-5
6.082e+2, -3.006e-5
6.083e+2, -3.021e-5
6.084e+2, -3.019e-5
6.085e+2, -3.017e-5
6.086e+2, -3.012e-5
6.087e+2, -3.007e-5
6.088e+2, -3.005e-5
6.089e+2, -3.012e-5
6.090e+2, -3.012e-5
6.091e+2, -3.012e-5
6.092e+2, -3.036e-5
6.093e+2, -3.044e-5
6.094e+2, -3.059e-5
6.095e+2, -3.044e-5
6.096e+2, -3.039e-5
6.097e+2, -3.049e-5
6.098e+2, -3.044e-5
6.099e+2, -3.028e-5
6.100e+2, -3.056e-5
6.101e+2, -3.062e-5
6.102e+2, -3.056e-5
6.103e+2, -3.029e-5
6.104e+2, -3.031e-5
6.105e+2, -3.040e-5
6.106e+2, -3.038e-5
6.107e+2, -3.038e-5
6.108e+2, -3.037e-5
6.109e+2, -3.043e-5
6.110e+2, -3.055e-5
6.111e+2, -3.036e-5
6.112e+2, -3.023e-5
6.113e+2, -3.033e-5
6.114e+2, -3.041e-5
6.115e+2, -3.039e-5
6.116e+2, -3.034e-5
6.117e+2, -3.037e-5
6.118e+2, -3.030e-5
6.119e+2, -3.052e-5
6.120e+2, -3.045e-5
6.121e+2, -3.039e-5
6.122e+2, -3.033e-5
6.123e+2, -3.041e-5
6.124e+2, -3.028e-5
6.125e+2, -3.045e-5
6.126e+2, -3.033e-5
6.127e+2, -3.029e-5
6.128e+2, -3.029e-5
6.129e+2, -3.041e-5
6.130e+2, -3.036e-5
6.131e+2, -3.041e-5
6.132e+2, -3.044e-5
6.133e+2, -3.037e-5
6.134e+2, -3.036e-5
6.135e+2, -3.038e-5
6.136e+2, -3.036e-5
6.137e+2, -3.053e-5
6.138e+2, -3.049e-5
6.139e+2, -3.044e-5
6.140e+2, -3.040e-5
6.141e+2, -3.038e-5
6.142e+2, -3.033e-5
6.143e+2, -3.020e-5
6.144e+2, -3.056e-5
6.145e+2, -3.056e-5
6.146e+2, -3.044e-5
6.147e+2, -3.039e-5
6.148e+2, -3.046e-5
6.149e+2, -3.047e-5
6.150e+2, -3.045e-5
6.151e+2, -3.038e-5
6.152e+2, -3.052e-5
6.153e+2, -3.060e-5
6.154e+2, -3.044e-5
6.155e+2, -3.051e-5
6.156e+2, -3.049e-5
6.157e+2, -3.051e-5
6.158e+2, -3.042e-5
6.159e+2, -3.049e-5
6.160e+2, -3.055e-5
6.161e+2, -3.052e-5
6.162e+2, -3.055e-5
6.163e+2, -3.036e-5
6.164e+2, -3.037e-5
6.165e+2, -3.037e-5
6.166e+2, -3.043e-5
6.167e+2, -3.039e-5
6.168e+2, -3.026e-5
6.169e+2, -3.029e-5
6.170e+2, -3.033e-5
6.171e+2, -3.068e-5
6.172e+2, -3.046e-5
6.173e+2, -3.051e-5
6.174e+2, -3.042e-5
6.175e+2, -3.061e-5
6.176e+2, -3.054e-5
6.177e+2, -3.069e-5
6.178e+2, -3.067e-5
6.179e+2, -3.060e-5
6.180e+2, -3.059e-5
6.181e+2, -3.054e-5
6.182e+2, -3.061e-5
6.183e+2, -3.065e-5
6.184e+2, -3.056e-5
6.185e+2, -3.063e-5
6.186e+2, -3.061e-5
6.187e+2, -3.059e-5
6.188e+2, -3.059e-5
6.189e+2, -3.063e-5
6.190e+2, -3.069e-5
6.191e+2, -3.071e-5
6.192e+2, -3.076e-5
6.193e+2, -3.065e-5
6.194e+2, -3.062e-5
6.195e+2, -3.070e-5
6.196e+2, -3.061e-5
6.197e+2, -3.055e-5
6.198e+2, -3.062e-5
6.199e+2, -3.048e-5
6.200e+2, -3.054e-5
6.201e+2, -3.047e-5
6.202e+2, -3.054e-5
6.203e+2, -3.062e-5
6.204e+2, -3.062e-5
6.205e+2, -3.061e-5
6.206e+2, -3.059e-5
6.207e+2, -3.069e-5
6.208e+2, -3.061e-5
6.209e+2, -3.050e-5
6.210e+2, -3.064e-5
6.211e+2, -3.073e-5
6.212e+2, -3.070e-5
6.213e+2, -3.096e-5
6.214e+2, -3.096e-5
6.215e+2, -3.078e-5
6.216e+2, -3.080e-5
6.217e+2, -3.079e-5
6.218e+2, -3.075e-5
6.219e+2, -3.082e-5
6.220e+2, -3.092e-5
6.221e+2, -3.075e-5
6.222e+2, -3.083e-5
6.223e+2, -3.070e-5
6.224e+2, -3.066e-5
6.225e+2, -3.070e-5
6.226e+2, -3.064e-5
6.227e+2, -3.063e-5
6.228e+2, -3.061e-5
6.229e+2, -3.087e-5
6.230e+2, -3.073e-5
6.231e+2, -3.070e-5
6.232e+2, -3.062e-5
6.233e+2, -3.071e-5
6.234e+2, -3.058e-5
6.235e+2, -3.046e-5
6.236e+2, -3.079e-5
6.237e+2, -3.075e-5
6.238e+2, -3.066e-5
6.239e+2, -3.073e-5
6.240e+2, -3.076e-5
6.241e+2, -3.071e-5
6.242e+2, -3.070e-5
6.243e+2, -3.063e-5
6.244e+2, -3.078e-5
6.245e+2, -3.064e-5
6.246e+2, -3.063e-5
6.247e+2, -3.067e-5
6.248e+2, -3.077e-5
6.249e+2, -3.073e-5
6.250e+2, -3.072e-5
6.251e+2, -3.081e-5
6.252e+2, -3.111e-5
6.253e+2, -3.141e-5
6.254e+2, -3.144e-5
6.255e+2, -3.137e-5
6.256e+2, -3.136e-5
6.257e+2, -3.131e-5
6.258e+2, -3.143e-5
6.259e+2, -3.150e-5
6.260e+2, -3.141e-5
6.261e+2, -3.143e-5
6.262e+2, -3.135e-5
6.263e+2, -3.132e-5
6.264e+2, -3.134e-5
6.265e+2, -3.122e-5
6.266e+2, -3.126e-5
6.267e+2, -3.138e-5
6.268e+2, -3.135e-5
6.269e+2, -3.138e-5
6.270e+2, -3.117e-5
6.271e+2, -3.137e-5
6.272e+2, -3.129e-5
6.273e+2, -3.123e-5
6.274e+2, -3.130e-5
6.275e+2, -3.134e-5
6.276e+2, -3.124e-5
6.277e+2, -3.124e-5
6.278e+2, -3.127e-5
6.279e+2, -3.138e-5
6.280e+2, -3.129e-5
6.281e+2, -3.137e-5
6.282e+2, -3.139e-5
6.283e+2, -3.132e-5
6.284e+2, -3.138e-5
6.285e+2, -3.137e-5
6.286e+2, -3.140e-5
6.287e+2, -3.137e-5
6.288e+2, -3.129e-5
6.289e+2, -3.124e-5
6.290e+2, -3.145e-5
6.291e+2, -3.144e-5
6.292e+2, -3.134e-5
6.293e+2, -3.134e-5
6.294e+2, -3.136e-5
6.295e+2, -3.139e-5
6.296e+2, -3.128e-5
6.297e+2, -3.140e-5
6.298e+2, -3.116e-5
6.299e+2, -3.156e-5
6.300e+2, -3.161e-5
6.301e+2, -3.139e-5
6.302e+2, -3.145e-5
6.303e+2, -3.142e-5
6.304e+2, -3.133e-5
6.305e+2, -3.147e-5
6.306e+2, -3.130e-5
6.307e+2, -3.125e-5
6.308e+2, -3.149e-5
6.309e+2, -3.147e-5
6.310e+2, -3.128e-5
6.311e+2, -3.129e-5
6.312e+2, -3.140e-5
6.313e+2, -3.130e-5
6.314e+2, -3.130e-5
6.315e+2, -3.129e-5
6.316e+2, -3.108e-5
6.317e+2, -3.137e-5
6.318e+2, -3.129e-5
6.319e+2, -3.128e-5
6.320e+2, -3.121e-5
6.321e+2, -3.120e-5
6.322e+2, -3.130e-5
6.323e+2, -3.130e-5
6.324e+2, -3.135e-5
6.325e+2, -3.153e-5
6.326e+2, -3.145e-5
6.327e+2, -3.137e-5
6.328e+2, -3.130e-5
6.329e+2, -3.132e-5
6.330e+2, -3.132e-5
6.331e+2, -3.132e-5
6.332e+2, -3.122e-5
6.333e+2, -3.125e-5
6.334e+2, -3.149e-5
6.335e+2, -3.148e-5
6.336e+2, -3.189e-5
6.337e+2, -3.169e-5
6.338e+2, -3.178e-5
6.339e+2, -3.172e-5
6.340e+2, -3.180e-5
6.341e+2, -3.177e-5
6.342e+2, -3.185e-5
6.343e+2, -3.187e-5
6.344e+2, -3.183e-5
6.345e+2, -3.181e-5
6.346e+2, -3.178e-5
6.347e+2, -3.183e-5
6.348e+2, -3.188e-5
6.349e+2, -3.187e-5
6.350e+2, -3.184e-5
6.351e+2, -3.196e-5
6.352e+2, -3.188e-5
6.353e+2, -3.185e-5
6.354e+2, -3.180e-5
6.355e+2, -3.191e-5
6.356e+2, -3.181e-5
6.357e+2, -3.188e-5
6.358e+2, -3.180e-5
6.359e+2, -3.161e-5
6.360e+2, -3.204e-5
6.361e+2, -3.203e-5
6.362e+2, -3.191e-5
6.363e+2, -3.174e-5
6.364e+2, -3.181e-5
6.365e+2, -3.186e-5
6.366e+2, -3.182e-5
6.367e+2, -3.178e-5
6.368e+2, -3.179e-5
6.369e+2, -3.191e-5
6.370e+2, -3.207e-5
6.371e+2, -3.184e-5
6.372e+2, -3.189e-5
6.373e+2, -3.192e-5
6.374e+2, -3.187e-5
6.375e+2, -3.188e-5
6.376e+2, -3.162e-5
6.377e+2, -3.205e-5
6.378e+2, -3.203e-5
6.379e+2, -3.174e-5
6.380e+2, -3.188e-5
6.381e+2, -3.180e-5
6.382e+2, -3.185e-5
6.383e+2, -3.182e-5
6.384e+2, -3.184e-5
6.385e+2, -3.165e-5
6.386e+2, -3.184e-5
6.387e+2, -3.177e-5
6.388e+2, -3.172e-5
6.389e+2, -3.169e-5
6.390e+2, -3.181e-5
6.391e+2, -3.191e-5
6.392e+2, -3.190e-5
6.393e+2, -3.176e-5
6.394e+2, -3.203e-5
6.395e+2, -3.190e-5
6.396e+2, -3.191e-5
6.397e+2, -3.172e-5
6.398e+2, -3.182e-5
6.399e+2, -3.188e-5
6.400e+2, -3.182e-5
6.401e+2, -3.185e-5
6.402e+2, -3.185e-5
6.403e+2, -3.211e-5
6.404e+2, -3.194e-5
6.405e+2, -3.194e-5
6.406e+2, -3.176e-5
6.407e+2, -3.185e-5
6.408e+2, -3.181e-5
6.409e+2, -3.177e-5
6.410e+2, -3.147e-5
6.411e+2, -3.202e-5
6.412e+2, -3.185e-5
6.413e+2, -3.172e-5
6.414e+2, -3.178e-5
6.415e+2, -3.178e-5
6.416e+2, -3.216e-5
6.417e+2, -3.264e-5
6.418e+2, -3.259e-5
6.419e+2, -3.285e-5
6.420e+2, -3.261e-5
6.421e+2, -3.275e-5
6.422e+2, -3.268e-5
6.423e+2, -3.286e-5
6.424e+2, -3.268e-5
6.425e+2, -3.267e-5
6.426e+2, -3.263e-5
6.427e+2, -3.254e-5
6.428e+2, -3.285e-5
6.429e+2, -3.266e-5
6.430e+2, -3.266e-5
6.431e+2, -3.260e-5
6.432e+2, -3.247e-5
6.433e+2, -3.250e-5
6.434e+2, -3.260e-5
6.435e+2, -3.259e-5
6.436e+2, -3.250e-5
6.437e+2, -3.277e-5
6.438e+2, -3.283e-5
6.439e+2, -3.257e-5
6.440e+2, -3.263e-5
6.441e+2, -3.277e-5
6.442e+2, -3.278e-5
6.443e+2, -3.275e-5
6.444e+2, -3.249e-5
6.445e+2, -3.280e-5
6.446e+2, -3.281e-5
6.447e+2, -3.257e-5
6.448e+2, -3.254e-5
6.449e+2, -3.257e-5
6.450e+2, -3.271e-5
6.451e+2, -3.272e-5
6.452e+2, -3.263e-5
6.453e+2, -3.259e-5
6.454e+2, -3.287e-5
6.455e+2, -3.288e-5
6.456e+2, -3.268e-5
6.457e+2, -3.277e-5
6.458e+2, -3.278e-5
6.459e+2, -3.269e-5
6.460e+2, -3.274e-5
6.461e+2, -3.272e-5
6.462e+2, -3.279e-5
6.463e+2, -3.295e-5
6.464e+2, -3.284e-5
6.465e+2, -3.273e-5
6.466e+2, -3.275e-5
6.467e+2, -3.279e-5
6.468e+2, -3.269e-5
6.469e+2, -3.263e-5
6.470e+2, -3.297e-5
6.471e+2, -3.279e-5
6.472e+2, -3.263e-5
6.473e+2, -3.270e-5
6.474e+2, -3.256e-5
6.475e+2, -3.258e-5
6.476e+2, -3.272e-5
6.477e+2, -3.272e-5
6.478e+2, -3.256e-5
6.479e+2, -3.259e-5
6.480e+2, -3.276e-5
6.481e+2, -3.262e-5
6.482e+2, -3.267e-5
6.483e+2, -3.266e-5
6.484e+2, -3.264e-5
6.485e+2, -3.272e-5
6.486e+2, -3.272e-5
6.487e+2, -3.269e-5
6.488e+2, -3.277e-5
6.489e+2, -3.282e-5
6.490e+2, -3.270e-5
6.491e+2, -3.266e-5
6.492e+2, -3.266e-5
6.493e+2, -3.268e-5
6.494e+2, -3.262e-5
6.495e+2, -3.254e-5
6.496e+2, -3.277e-5
6.497e+2, -3.268e-5
6.498e+2, -3.282e-5
6.499e+2, -3.344e-5
6.500e+2, -3.354e-5
6.501e+2, -3.352e-5
6.502e+2, -3.346e-5
6.503e+2, -3.325e-5
6.504e+2, -3.366e-5
6.505e+2, -3.381e-5
6.506e+2, -3.378e-5
6.507e+2, -3.375e-5
6.508e+2, -3.375e-5
6.509e+2, -3.377e-5
6.510e+2, -3.377e-5
6.511e+2, -3.374e-5
6.512e+2, -3.362e-5
6.513e+2, -3.390e-5
6.514e+2, -3.360e-5
6.515e+2, -3.374e-5
6.516e+2, -3.362e-5
6.517e+2, -3.373e-5
6.518e+2, -3.373e-5
6.519e+2, -3.369e-5
6.520e+2, -3.367e-5
6.521e+2, -3.384e-5
6.522e+2, -3.371e-5
6.523e+2, -3.366e-5
6.524e+2, -3.376e-5
6.525e+2, -3.372e-5
6.526e+2, -3.362e-5
6.527e+2, -3.363e-5
6.528e+2, -3.367e-5
6.529e+2, -3.372e-5
6.530e+2, -3.381e-5
6.531e+2, -3.365e-5
6.532e+2, -3.364e-5
6.533e+2, -3.365e-5
6.534e+2, -3.371e-5
6.535e+2, -3.371e-5
6.536e+2, -3.379e-5
6.537e+2, -3.372e-5
6.538e+2, -3.377e-5
6.539e+2, -3.364e-5
6.540e+2, -3.362e-5
6.541e+2, -3.357e-5
6.542e+2, -3.356e-5
6.543e+2, -3.362e-5
6.544e+2, -3.369e-5
6.545e+2, -3.367e-5
6.546e+2, -3.369e-5
6.547e+2, -3.360e-5
6.548e+2, -3.371e-5
6.549e+2, -3.369e-5
6.550e+2, -3.381e-5
6.551e+2, -3.375e-5
6.552e+2, -3.359e-5
6.553e+2, -3.384e-5
6.554e+2, -3.380e-5
6.555e+2, -3.371e-5
6.556e+2, -3.369e-5
6.557e+2, -3.358e-5
6.558e+2, -3.373e-5
6.559e+2, -3.370e-5
6.560e+2, -3.358e-5
6.561e+2, -3.370e-5
6.562e+2, -3.384e-5
6.563e+2, -3.380e-5
6.564e+2, -3.377e-5
6.565e+2, -3.372e-5
6.566e+2, -3.359e-5
6.567e+2, -3.366e-5
6.568e+2, -3.361e-5
6.569e+2, -3.380e-5
6.570e+2, -3.370e-5
6.571e+2, -3.382e-5
6.572e+2, -3.370e-5
6.573e+2, -3.365e-5
6.574e+2, -3.378e-5
6.575e+2, -3.377e-5
6.576e+2, -3.371e-5
6.577e+2, -3.365e-5
6.578e+2, -3.360e-5
6.579e+2, -3.351e-5
6.580e+2, -3.340e-5
6.581e+2, -3.337e-5
6.582e+2, -3.358e-5
6.583e+2, -3.341e-5
6.584e+2, -3.347e-5
6.585e+2, -3.357e-5
6.586e+2, -3.372e-5
6.587e+2, -3.369e-5
6.588e+2, -3.367e-5
6.589e+2, -3.372e-5
6.590e+2, -3.398e-5
6.591e+2, -3.374e-5
6.592e+2, -3.389e-5
6.593e+2, -3.383e-5
6.594e+2, -3.387e-5
6.595e+2, -3.384e-5
6.596e+2, -3.388e-5
6.597e+2, -3.361e-5
6.598e+2, -3.403e-5
6.599e+2, -3.404e-5
6.600e+2, -3.377e-5
6.601e+2, -3.378e-5
6.602e+2, -3.384e-5
6.603e+2, -3.375e-5
6.604e+2, -3.384e-5
6.605e+2, -3.391e-5
6.606e+2, -3.404e-5
6.607e+2, -3.370e-5
6.608e+2, -3.368e-5
6.609e+2, -3.364e-5
6.610e+2, -3.364e-5
6.611e+2, -3.377e-5
6.612e+2, -3.361e-5
6.613e+2, -3.340e-5
6.614e+2, -3.396e-5
6.615e+2, -3.391e-5
6.616e+2, -3.385e-5
6.617e+2, -3.375e-5
6.618e+2, -3.385e-5
6.619e+2, -3.385e-5
6.620e+2, -3.386e-5
6.621e+2, -3.377e-5
6.622e+2, -3.392e-5
6.623e+2, -3.394e-5
6.624e+2, -3.387e-5
6.625e+2, -3.377e-5
6.626e+2, -3.374e-5
6.627e+2, -3.391e-5
6.628e+2, -3.387e-5
6.629e+2, -3.379e-5
6.630e+2, -3.360e-5
6.631e+2, -3.397e-5
6.632e+2, -3.395e-5
6.633e+2, -3.396e-5
6.634e+2, -3.396e-5
6.635e+2, -3.388e-5
6.636e+2, -3.381e-5
6.637e+2, -3.383e-5
6.638e+2, -3.378e-5
6.639e+2, -3.380e-5
6.640e+2, -3.374e-5
6.641e+2, -3.387e-5
6.642e+2, -3.392e-5
6.643e+2, -3.381e-5
6.644e+2, -3.385e-5
6.645e+2, -3.383e-5
6.646e+2, -3.384e-5
6.647e+2, -3.364e-5
6.648e+2, -3.394e-5
6.649e+2, -3.377e-5
6.650e+2, -3.374e-5
6.651e+2, -3.374e-5
6.652e+2, -3.370e-5
6.653e+2, -3.377e-5
6.654e+2, -3.378e-5
6.655e+2, -3.371e-5
6.656e+2, -3.357e-5
6.657e+2, -3.385e-5
6.658e+2, -3.374e-5
6.659e+2, -3.389e-5
6.660e+2, -3.370e-5
6.661e+2, -3.375e-5
6.662e+2, -3.337e-5
6.663e+2, -3.338e-5
6.664e+2, -3.335e-5
6.665e+2, -3.324e-5
6.666e+2, -3.362e-5
6.667e+2, -3.325e-5
6.668e+2, -3.333e-5
6.669e+2, -3.333e-5
6.670e+2, -3.343e-5
6.671e+2, -3.340e-5
6.672e+2, -3.341e-5
6.673e+2, -3.342e-5
6.674e+2, -3.355e-5
6.675e+2, -3.343e-5
6.676e+2, -3.349e-5
6.677e+2, -3.347e-5
6.678e+2, -3.349e-5
6.679e+2, -3.350e-5
6.680e+2, -3.342e-5
6.681e+2, -3.358e-5
6.682e+2, -3.325e-5
6.683e+2, -3.353e-5
6.684e+2, -3.339e-5
6.685e+2, -3.343e-5
6.686e+2, -3.337e-5
6.687e+2, -3.338e-5
6.688e+2, -3.353e-5
6.689e+2, -3.360e-5
6.690e+2, -3.350e-5
6.691e+2, -3.343e-5
6.692e+2, -3.377e-5
6.693e+2, -3.364e-5
6.694e+2, -3.352e-5
6.695e+2, -3.353e-5
6.696e+2, -3.341e-5
6.697e+2, -3.354e-5
6.698e+2, -3.338e-5
6.699e+2, -3.329e-5
6.700e+2, -3.376e-5
6.701e+2, -3.351e-5
6.702e+2, -3.362e-5
6.703e+2, -3.355e-5
6.704e+2, -3.354e-5
6.705e+2, -3.358e-5
6.706e+2, -3.348e-5
6.707e+2, -3.360e-5
6.708e+2, -3.364e-5
6.709e+2, -3.359e-5
6.710e+2, -3.348e-5
6.711e+2, -3.340e-5
6.712e+2, -3.335e-5
6.713e+2, -3.339e-5
6.714e+2, -3.325e-5
6.715e+2, -3.345e-5
6.716e+2, -3.329e-5
6.717e+2, -3.354e-5
6.718e+2, -3.357e-5
6.719e+2, -3.343e-5
6.720e+2, -3.324e-5
6.721e+2, -3.343e-5
6.722e+2, -3.342e-5
6.723e+2, -3.352e-5
6.724e+2, -3.338e-5
6.725e+2, -3.373e-5
6.726e+2, -3.362e-5
6.727e+2, -3.355e-5
6.728e+2, -3.365e-5
6.729e+2, -3.350e-5
6.730e+2, -3.362e-5
6.731e+2, -3.353e-5
6.732e+2, -3.340e-5
6.733e+2, -3.345e-5
6.734e+2, -3.360e-5
6.735e+2, -3.373e-5
6.736e+2, -3.366e-5
6.737e+2, -3.353e-5
6.738e+2, -3.350e-5
6.739e+2, -3.356e-5
6.740e+2, -3.357e-5
6.741e+2, -3.348e-5
6.742e+2, -3.352e-5
6.743e+2, -3.371e-5
6.744e+2, -3.275e-5
6.745e+2, -3.273e-5
6.746e+2, -3.291e-5
6.747e+2, -3.292e-5
6.748e+2, -3.285e-5
6.749e+2, -3.295e-5
6.750e+2, -3.282e-5
6.751e+2, -3.297e-5
6.752e+2, -3.282e-5
6.753e+2, -3.281e-5
6.754e+2, -3.281e-5
6.755e+2, -3.283e-5
6.756e+2, -3.296e-5
6.757e+2, -3.291e-5
6.758e+2, -3.289e-5
6.759e+2, -3.294e-5
6.760e+2, -3.277e-5
6.761e+2, -3.317e-5
6.762e+2, -3.309e-5
6.763e+2, -3.307e-5
6.764e+2, -3.280e-5
6.765e+2, -3.287e-5
6.766e+2, -3.292e-5
6.767e+2, -3.287e-5
6.768e+2, -3.284e-5
6.769e+2, -3.274e-5
6.770e+2, -3.271e-5
6.771e+2, -3.282e-5
6.772e+2, -3.282e-5
6.773e+2, -3.275e-5
6.774e+2, -3.276e-5
6.775e+2, -3.280e-5
6.776e+2, -3.273e-5
6.777e+2, -3.269e-5
6.778e+2, -3.270e-5
6.779e+2, -3.275e-5
6.780e+2, -3.273e-5
6.781e+2, -3.298e-5
6.782e+2, -3.296e-5
6.783e+2, -3.276e-5
6.784e+2, -3.274e-5
6.785e+2, -3.293e-5
6.786e+2, -3.286e-5
6.787e+2, -3.283e-5
6.788e+2, -3.270e-5
6.789e+2, -3.298e-5
6.790e+2, -3.285e-5
6.791e+2, -3.285e-5
6.792e+2, -3.272e-5
6.793e+2, -3.281e-5
6.794e+2, -3.279e-5
6.795e+2, -3.288e-5
6.796e+2, -3.269e-5
6.797e+2, -3.282e-5
6.798e+2, -3.269e-5
6.799e+2, -3.288e-5
6.800e+2, -3.272e-5
6.801e+2, -3.283e-5
6.802e+2, -3.283e-5
6.803e+2, -3.279e-5
6.804e+2, -3.281e-5
6.805e+2, -3.293e-5
6.806e+2, -3.280e-5
6.807e+2, -3.275e-5
6.808e+2, -3.282e-5
6.809e+2, -3.273e-5
6.810e+2, -3.269e-5
6.811e+2, -3.271e-5
6.812e+2, -3.272e-5
6.813e+2, -3.273e-5
6.814e+2, -3.275e-5
6.815e+2, -3.275e-5
6.816e+2, -3.276e-5
6.817e+2, -3.278e-5
6.818e+2, -3.284e-5
6.819e+2, -3.278e-5
6.820e+2, -3.268e-5
6.821e+2, -3.268e-5
6.822e+2, -3.265e-5
6.823e+2, -3.273e-5
6.824e+2, -3.274e-5
6.825e+2, -3.267e-5
6.826e+2, -3.207e-5
6.827e+2, -3.221e-5
6.828e+2, -3.220e-5
6.829e+2, -3.226e-5
6.830e+2, -3.221e-5
6.831e+2, -3.214e-5
6.832e+2, -3.258e-5
6.833e+2, -3.249e-5
6.834e+2, -3.246e-5
6.835e+2, -3.234e-5
6.836e+2, -3.238e-5
6.837e+2, -3.233e-5
6.838e+2, -3.231e-5
6.839e+2, -3.200e-5
6.840e+2, -3.256e-5
6.841e+2, -3.233e-5
6.842e+2, -3.220e-5
6.843e+2, -3.226e-5
6.844e+2, -3.239e-5
6.845e+2, -3.245e-5
6.846e+2, -3.237e-5
6.847e+2, -3.240e-5
6.848e+2, -3.202e-5
6.849e+2, -3.244e-5
6.850e+2, -3.229e-5
6.851e+2, -3.227e-5
6.852e+2, -3.232e-5
6.853e+2, -3.234e-5
6.854e+2, -3.231e-5
6.855e+2, -3.231e-5
6.856e+2, -3.234e-5
6.857e+2, -3.224e-5
6.858e+2, -3.228e-5
6.859e+2, -3.233e-5
6.860e+2, -3.227e-5
6.861e+2, -3.223e-5
6.862e+2, -3.230e-5
6.863e+2, -3.235e-5
6.864e+2, -3.228e-5
6.865e+2, -3.219e-5
6.866e+2, -3.249e-5
6.867e+2, -3.251e-5
6.868e+2, -3.243e-5
6.869e+2, -3.239e-5
6.870e+2, -3.237e-5
6.871e+2, -3.227e-5
6.872e+2, -3.226e-5
6.873e+2, -3.218e-5
6.874e+2, -3.232e-5
6.875e+2, -3.239e-5
6.876e+2, -3.246e-5
6.877e+2, -3.231e-5
6.878e+2, -3.230e-5
6.879e+2, -3.219e-5
6.880e+2, -3.208e-5
6.881e+2, -3.229e-5
6.882e+2, -3.227e-5
6.883e+2, -3.224e-5
6.884e+2, -3.222e-5
6.885e+2, -3.220e-5
6.886e+2, -3.229e-5
6.887e+2, -3.221e-5
6.888e+2, -3.235e-5
6.889e+2, -3.231e-5
6.890e+2, -3.229e-5
6.891e+2, -3.217e-5
6.892e+2, -3.257e-5
6.893e+2, -3.238e-5
6.894e+2, -3.243e-5
6.895e+2, -3.231e-5
6.896e+2, -3.232e-5
6.897e+2, -3.240e-5
6.898e+2, -3.223e-5
6.899e+2, -3.240e-5
6.900e+2, -3.231e-5
6.901e+2, -3.230e-5
6.902e+2, -3.234e-5
6.903e+2, -3.222e-5
6.904e+2, -3.235e-5
6.905e+2, -3.233e-5
6.906e+2, -3.219e-5
6.907e+2, -3.235e-5
6.908e+2, -3.214e-5
6.909e+2, -3.224e-5
6.910e+2, -3.212e-5
6.911e+2, -3.204e-5
6.912e+2, -3.223e-5
6.913e+2, -3.214e-5
6.914e+2, -3.235e-5
6.915e+2, -3.235e-5
6.916e+2, -3.229e-5
6.917e+2, -3.242e-5
6.918e+2, -3.228e-5
6.919e+2, -3.238e-5
6.920e+2, -3.231e-5
6.921e+2, -3.236e-5
6.922e+2, -3.253e-5
6.923e+2, -3.244e-5
6.924e+2, -3.233e-5
6.925e+2, -3.241e-5
6.926e+2, -3.240e-5
6.927e+2, -3.234e-5
6.928e+2, -3.235e-5
6.929e+2, -3.213e-5
6.930e+2, -3.254e-5
6.931e+2, -3.238e-5
6.932e+2, -3.241e-5
6.933e+2, -3.237e-5
6.934e+2, -3.236e-5
6.935e+2, -3.230e-5
6.936e+2, -3.227e-5
6.937e+2, -3.235e-5
6.938e+2, -3.222e-5
6.939e+2, -3.245e-5
6.940e+2, -3.229e-5
6.941e+2, -3.236e-5
6.942e+2, -3.215e-5
6.943e+2, -3.222e-5
6.944e+2, -3.235e-5
6.945e+2, -3.229e-5
6.946e+2, -3.209e-5
6.947e+2, -3.253e-5
6.948e+2, -3.246e-5
6.949e+2, -3.236e-5
6.950e+2, -3.223e-5
6.951e+2, -3.237e-5
6.952e+2, -3.241e-5
6.953e+2, -3.238e-5
6.954e+2, -3.210e-5
6.955e+2, -3.263e-5
6.956e+2, -3.245e-5
6.957e+2, -3.236e-5
6.958e+2, -3.232e-5
6.959e+2, -3.240e-5
6.960e+2, -3.248e-5
6.961e+2, -3.246e-5
6.962e+2, -3.246e-5
6.963e+2, -3.254e-5
6.964e+2, -3.258e-5
6.965e+2, -3.225e-5
6.966e+2, -3.225e-5
6.967e+2, -3.238e-5
6.968e+2, -3.229e-5
6.969e+2, -3.236e-5
6.970e+2, -3.227e-5
6.971e+2, -3.226e-5
6.972e+2, -3.260e-5
6.973e+2, -3.240e-5
6.974e+2, -3.241e-5
6.975e+2, -3.245e-5
6.976e+2, -3.223e-5
6.977e+2, -3.233e-5
6.978e+2, -3.223e-5
6.979e+2, -3.235e-5
6.980e+2, -3.253e-5
6.981e+2, -3.246e-5
6.982e+2, -3.230e-5
6.983e+2, -3.233e-5
6.984e+2, -3.230e-5
6.985e+2, -3.227e-5
6.986e+2, -3.234e-5
6.987e+2, -3.238e-5
6.988e+2, -3.223e-5
6.989e+2, -3.234e-5
6.990e+2, -3.231e-5
6.991e+2, -3.258e-5
6.992e+2, -3.235e-5
6.993e+2, -3.232e-5
6.994e+2, -3.245e-5
6.995e+2, -3.259e-5
6.996e+2, -3.282e-5
6.997e+2, -3.269e-5
6.998e+2, -3.287e-5
6.999e+2, -3.253e-5
7.000e+2, -3.253e-5
7.001e+2, -3.256e-5
7.002e+2, -3.260e-5
7.003e+2, -3.253e-5
7.004e+2, -3.251e-5
7.005e+2, -3.229e-5
7.006e+2, -3.237e-5
7.007e+2, -3.244e-5
7.008e+2, -3.242e-5
7.009e+2, -3.256e-5
7.010e+2, -3.242e-5
7.011e+2, -3.248e-5
7.012e+2, -3.251e-5
7.013e+2, -3.252e-5
7.014e+2, -3.253e-5
7.015e+2, -3.240e-5
7.016e+2, -3.258e-5
7.017e+2, -3.242e-5
7.018e+2, -3.246e-5
7.019e+2, -3.235e-5
7.020e+2, -3.251e-5
7.021e+2, -3.238e-5
7.022e+2, -3.246e-5
7.023e+2, -3.241e-5
7.024e+2, -3.234e-5
7.025e+2, -3.245e-5
7.026e+2, -3.241e-5
7.027e+2, -3.243e-5
7.028e+2, -3.241e-5
7.029e+2, -3.242e-5
7.030e+2, -3.233e-5
7.031e+2, -3.242e-5
7.032e+2, -3.255e-5
7.033e+2, -3.252e-5
7.034e+2, -3.259e-5
7.035e+2, -3.242e-5
7.036e+2, -3.248e-5
7.037e+2, -3.248e-5
7.038e+2, -3.250e-5
7.039e+2, -3.232e-5
7.040e+2, -3.260e-5
7.041e+2, -3.271e-5
7.042e+2, -3.251e-5
7.043e+2, -3.251e-5
7.044e+2, -3.244e-5
7.045e+2, -3.236e-5
7.046e+2, -3.249e-5
7.047e+2, -3.241e-5
7.048e+2, -3.271e-5
7.049e+2, -3.264e-5
7.050e+2, -3.272e-5
7.051e+2, -3.240e-5
7.052e+2, -3.244e-5
7.053e+2, -3.246e-5
7.054e+2, -3.243e-5
7.055e+2, -3.256e-5
7.056e+2, -3.241e-5
7.057e+2, -3.227e-5
7.058e+2, -3.241e-5
7.059e+2, -3.258e-5
7.060e+2, -3.251e-5
7.061e+2, -3.242e-5
7.062e+2, -3.234e-5
7.063e+2, -3.236e-5
7.064e+2, -3.237e-5
7.065e+2, -3.235e-5
7.066e+2, -3.242e-5
7.067e+2, -3.241e-5
7.068e+2, -3.263e-5
7.069e+2, -3.256e-5
7.070e+2, -3.270e-5
7.071e+2, -3.239e-5
7.072e+2, -3.245e-5
7.073e+2, -3.252e-5
7.074e+2, -3.230e-5
7.075e+2, -3.226e-5
7.076e+2, -3.255e-5
7.077e+2, -3.257e-5
7.078e+2, -3.262e-5
7.079e+2, -3.263e-5
7.080e+2, -3.260e-5
7.081e+2, -3.250e-5
7.082e+2, -3.255e-5
7.083e+2, -3.257e-5
7.084e+2, -3.239e-5
7.085e+2, -3.271e-5
7.086e+2, -3.261e-5
7.087e+2, -3.257e-5
7.088e+2, -3.257e-5
7.089e+2, -3.265e-5
7.090e+2, -3.257e-5
7.091e+2, -3.275e-5
7.092e+2, -3.282e-5
7.093e+2, -3.259e-5
7.094e+2, -3.253e-5
7.095e+2, -3.258e-5
7.096e+2, -3.258e-5
7.097e+2, -3.268e-5
7.098e+2, -3.260e-5
7.099e+2, -3.258e-5
7.100e+2, -3.265e-5
7.101e+2, -3.250e-5
7.102e+2, -3.257e-5
7.103e+2, -3.256e-5
7.104e+2, -3.255e-5
7.105e+2, -3.253e-5
7.106e+2, -3.242e-5
7.107e+2, -3.252e-5
7.108e+2, -3.253e-5
7.109e+2, -3.259e-5
7.110e+2, -3.264e-5
7.111e+2, -3.273e-5
7.112e+2, -3.252e-5
7.113e+2, -3.279e-5
7.114e+2, -3.299e-5
7.115e+2, -3.276e-5
7.116e+2, -3.280e-5
7.117e+2, -3.271e-5
7.118e+2, -3.265e-5
7.119e+2, -3.257e-5
7.120e+2, -3.275e-5
7.121e+2, -3.280e-5
7.122e+2, -3.267e-5
7.123e+2, -3.273e-5
7.124e+2, -3.274e-5
7.125e+2, -3.270e-5
7.126e+2, -3.264e-5
7.127e+2, -3.264e-5
7.128e+2, -3.239e-5
7.129e+2, -3.274e-5
7.130e+2, -3.268e-5
7.131e+2, -3.265e-5
7.132e+2, -3.251e-5
7.133e+2, -3.259e-5
7.134e+2, -3.255e-5
7.135e+2, -3.262e-5
7.136e+2, -3.259e-5
7.137e+2, -3.272e-5
7.138e+2, -3.282e-5
7.139e+2, -3.285e-5
7.140e+2, -3.260e-5
7.141e+2, -3.270e-5
7.142e+2, -3.275e-5
7.143e+2, -3.274e-5
7.144e+2, -3.270e-5
7.145e+2, -3.232e-5
7.146e+2, -3.290e-5
7.147e+2, -3.276e-5
7.148e+2, -3.277e-5
7.149e+2, -3.251e-5
7.150e+2, -3.270e-5
7.151e+2, -3.266e-5
7.152e+2, -3.262e-5
7.153e+2, -3.242e-5
7.154e+2, -3.274e-5
7.155e+2, -3.336e-5
7.156e+2, -3.330e-5
7.157e+2, -3.313e-5
7.158e+2, -3.315e-5
7.159e+2, -3.320e-5
7.160e+2, -3.312e-5
7.161e+2, -3.345e-5
7.162e+2, -3.340e-5
7.163e+2, -3.316e-5
7.164e+2, -3.321e-5
7.165e+2, -3.328e-5
7.166e+2, -3.318e-5
7.167e+2, -3.316e-5
7.168e+2, -3.324e-5
7.169e+2, -3.322e-5
7.170e+2, -3.295e-5
7.171e+2, -3.335e-5
7.172e+2, -3.323e-5
7.173e+2, -3.316e-5
7.174e+2, -3.319e-5
7.175e+2, -3.323e-5
7.176e+2, -3.318e-5
7.177e+2, -3.318e-5
7.178e+2, -3.301e-5
7.179e+2, -3.329e-5
7.180e+2, -3.322e-5
7.181e+2, -3.316e-5
7.182e+2, -3.306e-5
7.183e+2, -3.305e-5
7.184e+2, -3.316e-5
7.185e+2, -3.315e-5
7.186e+2, -3.316e-5
7.187e+2, -3.304e-5
7.188e+2, -3.333e-5
7.189e+2, -3.338e-5
7.190e+2, -3.324e-5
7.191e+2, -3.320e-5
7.192e+2, -3.327e-5
7.193e+2, -3.321e-5
7.194e+2, -3.333e-5
7.195e+2, -3.354e-5
7.196e+2, -3.345e-5
7.197e+2, -3.336e-5
7.198e+2, -3.328e-5
7.199e+2, -3.327e-5
7.200e+2, -3.329e-5
7.201e+2, -3.335e-5
7.202e+2, -3.321e-5
7.203e+2, -3.340e-5
7.204e+2, -3.350e-5
7.205e+2, -3.333e-5
7.206e+2, -3.323e-5
7.207e+2, -3.322e-5
7.208e+2, -3.318e-5
7.209e+2, -3.321e-5
7.210e+2, -3.313e-5
7.211e+2, -3.336e-5
7.212e+2, -3.330e-5
7.213e+2, -3.328e-5
7.214e+2, -3.309e-5
7.215e+2, -3.320e-5
7.216e+2, -3.315e-5
7.217e+2, -3.317e-5
7.218e+2, -3.320e-5
7.219e+2, -3.318e-5
7.220e+2, -3.321e-5
7.221e+2, -3.309e-5
7.222e+2, -3.333e-5
7.223e+2, -3.323e-5
7.224e+2, -3.318e-5
7.225e+2, -3.311e-5
7.226e+2, -3.328e-5
7.227e+2, -3.331e-5
7.228e+2, -3.326e-5
7.229e+2, -3.311e-5
7.230e+2, -3.312e-5
7.231e+2, -3.341e-5
7.232e+2, -3.323e-5
7.233e+2, -3.333e-5
7.234e+2, -3.334e-5
7.235e+2, -3.327e-5
7.236e+2, -3.396e-5
7.237e+2, -3.418e-5
7.238e+2, -3.406e-5
7.239e+2, -3.413e-5
7.240e+2, -3.414e-5
7.241e+2, -3.412e-5
7.242e+2, -3.408e-5
7.243e+2, -3.407e-5
7.244e+2, -3.416e-5
7.245e+2, -3.417e-5
7.246e+2, -3.418e-5
7.247e+2, -3.412e-5
7.248e+2, -3.409e-5
7.249e+2, -3.418e-5
7.250e+2, -3.407e-5
7.251e+2, -3.395e-5
7.252e+2, -3.407e-5
7.253e+2, -3.400e-5
7.254e+2, -3.423e-5
7.255e+2, -3.420e-5
7.256e+2, -3.411e-5
7.257e+2, -3.407e-5
7.258e+2, -3.411e-5
7.259e+2, -3.414e-5
7.260e+2, -3.414e-5
7.261e+2, -3.401e-5
7.262e+2, -3.432e-5
7.263e+2, -3.426e-5
7.264e+2, -3.434e-5
7.265e+2, -3.449e-5
7.266e+2, -3.426e-5
7.267e+2, -3.420e-5
7.268e+2, -3.426e-5
7.269e+2, -3.430e-5
7.270e+2, -3.415e-5
7.271e+2, -3.442e-5
7.272e+2, -3.413e-5
7.273e+2, -3.425e-5
7.274e+2, -3.410e-5
7.275e+2, -3.399e-5
7.276e+2, -3.422e-5
7.277e+2, -3.421e-5
7.278e+2, -3.419e-5
7.279e+2, -3.401e-5
7.280e+2, -3.431e-5
7.281e+2, -3.429e-5
7.282e+2, -3.424e-5
7.283e+2, -3.411e-5
7.284e+2, -3.418e-5
7.285e+2, -3.416e-5
7.286e+2, -3.414e-5
7.287e+2, -3.410e-5
7.288e+2, -3.415e-5
7.289e+2, -3.444e-5
7.290e+2, -3.411e-5
7.291e+2, -3.417e-5
7.292e+2, -3.415e-5
7.293e+2, -3.416e-5
7.294e+2, -3.417e-5
7.295e+2, -3.420e-5
7.296e+2, -3.417e-5
7.297e+2, -3.413e-5
7.298e+2, -3.423e-5
7.299e+2, -3.416e-5
7.300e+2, -3.404e-5
7.301e+2, -3.401e-5
7.302e+2, -3.415e-5
7.303e+2, -3.424e-5
7.304e+2, -3.419e-5
7.305e+2, -3.408e-5
7.306e+2, -3.406e-5
7.307e+2, -3.437e-5
7.308e+2, -3.421e-5
7.309e+2, -3.413e-5
7.310e+2, -3.406e-5
7.311e+2, -3.420e-5
7.312e+2, -3.412e-5
7.313e+2, -3.411e-5
7.314e+2, -3.430e-5
7.315e+2, -3.428e-5
7.316e+2, -3.411e-5
7.317e+2, -3.410e-5
7.318e+2, -3.444e-5
7.319e+2, -3.456e-5
7.320e+2, -3.459e-5
7.321e+2, -3.462e-5
7.322e+2, -3.451e-5
7.323e+2, -3.492e-5
7.324e+2, -3.475e-5
7.325e+2, -3.480e-5
7.326e+2, -3.476e-5
7.327e+2, -3.473e-5
7.328e+2, -3.473e-5
7.329e+2, -3.467e-5
7.330e+2, -3.461e-5
7.331e+2, -3.485e-5
7.332e+2, -3.501e-5
7.333e+2, -3.476e-5
7.334e+2, -3.482e-5
7.335e+2, -3.469e-5
7.336e+2, -3.461e-5
7.337e+2, -3.468e-5
7.338e+2, -3.464e-5
7.339e+2, -3.454e-5
7.340e+2, -3.460e-5
7.341e+2, -3.495e-5
7.342e+2, -3.471e-5
7.343e+2, -3.475e-5
7.344e+2, -3.475e-5
7.345e+2, -3.476e-5
7.346e+2, -3.457e-5
7.347e+2, -3.482e-5
7.348e+2, -3.486e-5
7.349e+2, -3.472e-5
7.350e+2, -3.469e-5
7.351e+2, -3.465e-5
7.352e+2, -3.471e-5
7.353e+2, -3.475e-5
7.354e+2, -3.469e-5
7.355e+2, -3.453e-5
7.356e+2, -3.442e-5
7.357e+2, -3.479e-5
7.358e+2, -3.482e-5
7.359e+2, -3.475e-5
7.360e+2, -3.476e-5
7.361e+2, -3.479e-5
7.362e+2, -3.471e-5
7.363e+2, -3.479e-5
7.364e+2, -3.453e-5
7.365e+2, -3.495e-5
7.366e+2, -3.477e-5
7.367e+2, -3.465e-5
7.368e+2, -3.471e-5
7.369e+2, -3.471e-5
7.370e+2, -3.470e-5
7.371e+2, -3.478e-5
7.372e+2, -3.464e-5
7.373e+2, -3.487e-5
7.374e+2, -3.508e-5
7.375e+2, -3.482e-5
7.376e+2, -3.458e-5
7.377e+2, -3.469e-5
7.378e+2, -3.476e-5
7.379e+2, -3.472e-5
7.380e+2, -3.481e-5
7.381e+2, -3.484e-5
7.382e+2, -3.485e-5
7.383e+2, -3.475e-5
7.384e+2, -3.467e-5
7.385e+2, -3.476e-5
7.386e+2, -3.469e-5
7.387e+2, -3.471e-5
7.388e+2, -3.437e-5
7.389e+2, -3.488e-5
7.390e+2, -3.468e-5
7.391e+2, -3.470e-5
7.392e+2, -3.466e-5
7.393e+2, -3.463e-5
7.394e+2, -3.467e-5
7.395e+2, -3.472e-5
7.396e+2, -3.453e-5
7.397e+2, -3.474e-5
7.398e+2, -3.460e-5
7.399e+2, -3.463e-5
7.400e+2, -3.479e-5
7.401e+2, -3.525e-5
7.402e+2, -3.869e-5
7.403e+2, -2.158e-5
7.404e+2, -8.124e-7
7.405e+2, -1.287e-5
7.406e+2, -3.678e-5
7.407e+2, -2.807e-5
7.408e+2, -2.948e-5
7.409e+2, -2.955e-5
7.410e+2, -2.940e-5
7.411e+2, -2.942e-5
7.412e+2, -2.966e-5
7.413e+2, -2.942e-5
7.414e+2, -2.936e-5
7.415e+2, -2.960e-5
7.416e+2, -2.959e-5
7.417e+2, -2.955e-5
7.418e+2, -2.955e-5
7.419e+2, -2.950e-5
7.420e+2, -2.959e-5
7.421e+2, -2.980e-5
7.422e+2, -2.979e-5
7.423e+2, -2.959e-5
7.424e+2, -2.957e-5
7.425e+2, -2.949e-5
7.426e+2, -2.954e-5
7.427e+2, -2.955e-5
7.428e+2, -2.953e-5
7.429e+2, -2.965e-5
7.430e+2, -2.972e-5
7.431e+2, -2.962e-5
7.432e+2, -2.950e-5
7.433e+2, -2.953e-5
7.434e+2, -2.963e-5
7.435e+2, -2.956e-5
7.436e+2, -2.954e-5
7.437e+2, -2.955e-5
7.438e+2, -2.976e-5
7.439e+2, -2.976e-5
7.440e+2, -2.982e-5
7.441e+2, -2.959e-5
7.442e+2, -2.968e-5
7.443e+2, -2.960e-5
7.444e+2, -2.954e-5
7.445e+2, -2.944e-5
7.446e+2, -2.962e-5
7.447e+2, -2.960e-5
7.448e+2, -2.965e-5
7.449e+2, -2.956e-5
7.450e+2, -2.951e-5
7.451e+2, -2.948e-5
7.452e+2, -2.947e-5
7.453e+2, -2.944e-5
7.454e+2, -2.938e-5
7.455e+2, -2.972e-5
7.456e+2, -2.962e-5
7.457e+2, -2.953e-5
7.458e+2, -2.953e-5
7.459e+2, -2.952e-5
7.460e+2, -2.958e-5
7.461e+2, -2.944e-5
7.462e+2, -2.948e-5
7.463e+2, -2.949e-5
7.464e+2, -2.950e-5
7.465e+2, -2.952e-5
7.466e+2, -2.959e-5
7.467e+2, -2.940e-5
7.468e+2, -2.943e-5
7.469e+2, -2.950e-5
7.470e+2, -2.945e-5
7.471e+2, -2.949e-5
7.472e+2, -2.952e-5
7.473e+2, -2.939e-5
7.474e+2, -2.966e-5
7.475e+2, -2.965e-5
7.476e+2, -2.935e-5
7.477e+2, -2.950e-5
7.478e+2, -2.946e-5
7.479e+2, -2.958e-5
7.480e+2, -2.963e-5
7.481e+2, -2.953e-5
7.482e+2, -2.990e-5
7.483e+2, -2.969e-5
7.484e+2, -2.969e-5
7.485e+2, -2.953e-5
7.486e+2, -2.964e-5
7.487e+2, -2.961e-5
7.488e+2, -2.955e-5
7.489e+2, -2.945e-5
7.490e+2, -2.979e-5
7.491e+2, -2.972e-5
7.492e+2, -2.960e-5
7.493e+2, -2.960e-5
7.494e+2, -2.951e-5
7.495e+2, -2.951e-5
7.496e+2, -2.955e-5
7.497e+2, -2.950e-5
7.498e+2, -2.944e-5
7.499e+2, -2.973e-5
7.500e+2, -2.958e-5
7.501e+2, -2.943e-5
7.502e+2, -2.945e-5
7.503e+2, -2.958e-5
7.504e+2, -2.952e-5
7.505e+2, -2.949e-5
7.506e+2, -2.947e-5
7.507e+2, -2.948e-5
7.508e+2, -2.957e-5
7.509e+2, -2.974e-5
7.510e+2, -2.958e-5
7.511e+2, -2.952e-5
7.512e+2, -2.951e-5
7.513e+2, -2.961e-5
7.514e+2, -2.951e-5
7.515e+2, -2.939e-5
7.516e+2, -2.958e-5
7.517e+2, -2.957e-5
7.518e+2, -2.974e-5
7.519e+2, -3.073e-5
7.520e+2, -3.068e-5
7.521e+2, -3.073e-5
7.522e+2, -3.067e-5
7.523e+2, -3.055e-5
7.524e+2, -3.085e-5
7.525e+2, -3.069e-5
7.526e+2, -3.064e-5
7.527e+2, -3.070e-5
7.528e+2, -3.076e-5
7.529e+2, -3.060e-5
7.530e+2, -3.099e-5
7.531e+2, -3.100e-5
7.532e+2, -3.097e-5
7.533e+2, -3.089e-5
7.534e+2, -3.089e-5
7.535e+2, -3.088e-5
7.536e+2, -3.082e-5
7.537e+2, -3.101e-5
7.538e+2, -3.089e-5
7.539e+2, -3.079e-5
7.540e+2, -3.086e-5
7.541e+2, -3.087e-5
7.542e+2, -3.093e-5
7.543e+2, -3.084e-5
7.544e+2, -3.083e-5
7.545e+2, -3.083e-5
7.546e+2, -3.089e-5
7.547e+2, -3.087e-5
7.548e+2, -3.073e-5
7.549e+2, -3.079e-5
7.550e+2, -3.099e-5
7.551e+2, -3.086e-5
7.552e+2, -3.105e-5
7.553e+2, -3.103e-5
7.554e+2, -3.077e-5
7.555e+2, -3.082e-5
7.556e+2, -3.088e-5
7.557e+2, -3.082e-5
7.558e+2, -3.078e-5
7.559e+2, -3.080e-5
7.560e+2, -3.075e-5
7.561e+2, -3.068e-5
7.562e+2, -3.070e-5
7.563e+2, -3.081e-5
7.564e+2, -3.081e-5
7.565e+2, -3.080e-5
7.566e+2, -3.088e-5
7.567e+2, -3.087e-5
7.568e+2, -3.086e-5
7.569e+2, -3.084e-5
7.570e+2, -3.080e-5
7.571e+2, -3.083e-5
7.572e+2, -3.073e-5
7.573e+2, -3.085e-5
7.574e+2, -3.086e-5
7.575e+2, -3.083e-5
7.576e+2, -3.078e-5
7.577e+2, -3.076e-5
7.578e+2, -3.101e-5
7.579e+2, -3.082e-5
7.580e+2, -3.072e-5
7.581e+2, -3.073e-5
7.582e+2, -3.080e-5
7.583e+2, -3.082e-5
7.584e+2, -3.073e-5
7.585e+2, -3.078e-5
7.586e+2, -3.085e-5
7.587e+2, -3.086e-5
7.588e+2, -3.076e-5
7.589e+2, -3.073e-5
7.590e+2, -3.075e-5
7.591e+2, -3.075e-5
7.592e+2, -3.070e-5
7.593e+2, -3.052e-5
7.594e+2, -3.105e-5
7.595e+2, -3.097e-5
7.596e+2, -3.069e-5
7.597e+2, -3.071e-5
7.598e+2, -3.068e-5
7.599e+2, -3.078e-5
7.600e+2, -3.070e-5
7.601e+2, -3.103e-5
7.602e+2, -3.138e-5
7.603e+2, -3.120e-5
7.604e+2, -3.123e-5
7.605e+2, -3.111e-5
7.606e+2, -3.129e-5
7.607e+2, -3.124e-5
7.608e+2, -3.132e-5
7.609e+2, -3.117e-5
7.610e+2, -3.109e-5
7.611e+2, -3.150e-5
7.612e+2, -3.137e-5
7.613e+2, -3.131e-5
7.614e+2, -3.127e-5
7.615e+2, -3.139e-5
7.616e+2, -3.135e-5
7.617e+2, -3.137e-5
7.618e+2, -3.123e-5
7.619e+2, -3.126e-5
7.620e+2, -3.159e-5
7.621e+2, -3.151e-5
7.622e+2, -3.143e-5
7.623e+2, -3.144e-5
7.624e+2, -3.141e-5
7.625e+2, -3.152e-5
7.626e+2, -3.139e-5
7.627e+2, -3.175e-5
7.628e+2, -3.151e-5
7.629e+2, -3.144e-5
7.630e+2, -3.141e-5
7.631e+2, -3.145e-5
7.632e+2, -3.132e-5
7.633e+2, -3.135e-5
7.634e+2, -3.136e-5
7.635e+2, -3.139e-5
7.636e+2, -3.124e-5
7.637e+2, -3.137e-5
7.638e+2, -3.132e-5
7.639e+2, -3.133e-5
7.640e+2, -3.131e-5
7.641e+2, -3.131e-5
7.642e+2, -3.124e-5
7.643e+2, -3.135e-5
7.644e+2, -3.139e-5
7.645e+2, -3.137e-5
7.646e+2, -3.129e-5
7.647e+2, -3.137e-5
7.648e+2, -3.139e-5
7.649e+2, -3.150e-5
7.650e+2, -3.140e-5
7.651e+2, -3.128e-5
7.652e+2, -3.132e-5
7.653e+2, -3.143e-5
7.654e+2, -3.131e-5
7.655e+2, -3.119e-5
7.656e+2, -3.147e-5
7.657e+2, -3.140e-5
7.658e+2, -3.131e-5
7.659e+2, -3.128e-5
7.660e+2, -3.129e-5
7.661e+2, -3.135e-5
7.662e+2, -3.132e-5
7.663e+2, -3.123e-5
7.664e+2, -3.139e-5
7.665e+2, -3.149e-5
7.666e+2, -3.142e-5
7.667e+2, -3.138e-5
7.668e+2, -3.136e-5
7.669e+2, -3.138e-5
7.670e+2, -3.143e-5
7.671e+2, -3.144e-5
7.672e+2, -3.127e-5
7.673e+2, -3.156e-5
7.674e+2, -3.138e-5
7.675e+2, -3.150e-5
7.676e+2, -3.131e-5
7.677e+2, -3.145e-5
7.678e+2, -3.142e-5
7.679e+2, -3.135e-5
7.680e+2, -3.143e-5
7.681e+2, -3.142e-5
7.682e+2, -3.162e-5
7.683e+2, -3.232e-5
7.684e+2, -3.224e-5
7.685e+2, -3.217e-5
7.686e+2, -3.227e-5
7.687e+2, -3.228e-5
7.688e+2, -3.237e-5
7.689e+2, -3.240e-5
7.690e+2, -3.227e-5
7.691e+2, -3.239e-5
7.692e+2, -3.248e-5
7.693e+2, -3.235e-5
7.694e+2, -3.239e-5
7.695e+2, -3.237e-5
7.696e+2, -3.226e-5
7.697e+2, -3.235e-5
7.698e+2, -3.220e-5
7.699e+2, -3.214e-5
7.700e+2, -3.238e-5
7.701e+2, -3.219e-5
7.702e+2, -3.220e-5
7.703e+2, -3.223e-5
7.704e+2, -3.225e-5
7.705e+2, -3.223e-5
7.706e+2, -3.223e-5
7.707e+2, -3.219e-5
7.708e+2, -3.244e-5
7.709e+2, -3.242e-5
7.710e+2, -3.227e-5
7.711e+2, -3.232e-5
7.712e+2, -3.233e-5
7.713e+2, -3.232e-5
7.714e+2, -3.224e-5
7.715e+2, -3.209e-5
7.716e+2, -3.254e-5
7.717e+2, -3.245e-5
7.718e+2, -3.238e-5
7.719e+2, -3.230e-5
7.720e+2, -3.238e-5
7.721e+2, -3.228e-5
7.722e+2, -3.223e-5
7.723e+2, -3.238e-5
7.724e+2, -3.243e-5
7.725e+2, -3.240e-5
7.726e+2, -3.221e-5
7.727e+2, -3.229e-5
7.728e+2, -3.238e-5
7.729e+2, -3.232e-5
7.730e+2, -3.227e-5
7.731e+2, -3.223e-5
7.732e+2, -3.248e-5
7.733e+2, -3.238e-5
7.734e+2, -3.243e-5
7.735e+2, -3.238e-5
7.736e+2, -3.230e-5
7.737e+2, -3.221e-5
7.738e+2, -3.225e-5
7.739e+2, -3.231e-5
7.740e+2, -3.226e-5
7.741e+2, -3.210e-5
7.742e+2, -3.247e-5
7.743e+2, -3.229e-5
7.744e+2, -3.221e-5
7.745e+2, -3.236e-5
7.746e+2, -3.226e-5
7.747e+2, -3.232e-5
7.748e+2, -3.224e-5
7.749e+2, -3.220e-5
7.750e+2, -3.206e-5
7.751e+2, -3.238e-5
7.752e+2, -3.237e-5
7.753e+2, -3.214e-5
7.754e+2, -3.211e-5
7.755e+2, -3.219e-5
7.756e+2, -3.226e-5
7.757e+2, -3.223e-5
7.758e+2, -3.208e-5
7.759e+2, -3.196e-5
7.760e+2, -3.238e-5
7.761e+2, -3.238e-5
7.762e+2, -3.229e-5
7.763e+2, -3.229e-5
7.764e+2, -3.226e-5
7.765e+2, -3.373e-5
7.766e+2, -3.417e-5
7.767e+2, -3.431e-5
7.768e+2, -3.428e-5
7.769e+2, -3.421e-5
7.770e+2, -3.418e-5
7.771e+2, -3.421e-5
7.772e+2, -3.423e-5
7.773e+2, -3.425e-5
7.774e+2, -3.416e-5
7.775e+2, -3.418e-5
7.776e+2, -3.457e-5
7.777e+2, -3.437e-5
7.778e+2, -3.443e-5
7.779e+2, -3.422e-5
7.780e+2, -3.430e-5
7.781e+2, -3.430e-5
7.782e+2, -3.420e-5
7.783e+2, -3.453e-5
7.784e+2, -3.436e-5
7.785e+2, -3.449e-5
7.786e+2, -3.426e-5
7.787e+2, -3.436e-5
7.788e+2, -3.431e-5
7.789e+2, -3.429e-5
7.790e+2, -3.437e-5
7.791e+2, -3.432e-5
7.792e+2, -3.427e-5
7.793e+2, -3.442e-5
7.794e+2, -3.447e-5
7.795e+2, -3.435e-5
7.796e+2, -3.436e-5
7.797e+2, -3.439e-5
7.798e+2, -3.434e-5
7.799e+2, -3.410e-5
7.800e+2, -3.440e-5
7.801e+2, -3.432e-5
7.802e+2, -3.444e-5
7.803e+2, -3.436e-5
7.804e+2, -3.430e-5
7.805e+2, -3.426e-5
7.806e+2, -3.412e-5
7.807e+2, -3.420e-5
7.808e+2, -3.423e-5
7.809e+2, -3.427e-5
7.810e+2, -3.418e-5
7.811e+2, -3.408e-5
7.812e+2, -3.416e-5
7.813e+2, -3.415e-5
7.814e+2, -3.430e-5
7.815e+2, -3.423e-5
7.816e+2, -3.436e-5
7.817e+2, -3.441e-5
7.818e+2, -3.427e-5
7.819e+2, -3.442e-5
7.820e+2, -3.445e-5
7.821e+2, -3.447e-5
7.822e+2, -3.424e-5
7.823e+2, -3.437e-5
7.824e+2, -3.437e-5
7.825e+2, -3.435e-5
7.826e+2, -3.416e-5
7.827e+2, -3.409e-5
7.828e+2, -3.446e-5
7.829e+2, -3.442e-5
7.830e+2, -3.425e-5
7.831e+2, -3.433e-5
7.832e+2, -3.444e-5
7.833e+2, -3.443e-5
7.834e+2, -3.435e-5
7.835e+2, -3.451e-5
7.836e+2, -3.440e-5
7.837e+2, -3.456e-5
7.838e+2, -3.427e-5
7.839e+2, -3.428e-5
7.840e+2, -3.425e-5
7.841e+2, -3.424e-5
7.842e+2, -3.422e-5
7.843e+2, -3.400e-5
7.844e+2, -3.436e-5
7.845e+2, -3.439e-5
7.846e+2, -3.451e-5
7.847e+2, -3.506e-5
7.848e+2, -3.550e-5
7.849e+2, -3.550e-5
7.850e+2, -3.549e-5
7.851e+2, -3.562e-5
7.852e+2, -3.554e-5
7.853e+2, -3.579e-5
7.854e+2, -3.568e-5
7.855e+2, -3.562e-5
7.856e+2, -3.552e-5
7.857e+2, -3.564e-5
7.858e+2, -3.560e-5
7.859e+2, -3.545e-5
7.860e+2, -3.557e-5
7.861e+2, -3.539e-5
7.862e+2, -3.572e-5
7.863e+2, -3.571e-5
7.864e+2, -3.574e-5
7.865e+2, -3.542e-5
7.866e+2, -3.552e-5
7.867e+2, -3.558e-5
7.868e+2, -3.556e-5
7.869e+2, -3.550e-5
7.870e+2, -3.546e-5
7.871e+2, -3.566e-5
7.872e+2, -3.568e-5
7.873e+2, -3.552e-5
7.874e+2, -3.536e-5
7.875e+2, -3.541e-5
7.876e+2, -3.559e-5
7.877e+2, -3.564e-5
7.878e+2, -3.559e-5
7.879e+2, -3.592e-5
7.880e+2, -3.599e-5
7.881e+2, -3.589e-5
7.882e+2, -3.560e-5
7.883e+2, -3.556e-5
7.884e+2, -3.557e-5
7.885e+2, -3.565e-5
7.886e+2, -3.551e-5
7.887e+2, -3.554e-5
7.888e+2, -3.594e-5
7.889e+2, -3.557e-5
7.890e+2, -3.573e-5
7.891e+2, -3.545e-5
7.892e+2, -3.557e-5
7.893e+2, -3.558e-5
7.894e+2, -3.555e-5
7.895e+2, -3.556e-5
7.896e+2, -3.581e-5
7.897e+2, -3.568e-5
7.898e+2, -3.557e-5
7.899e+2, -3.555e-5
7.900e+2, -3.552e-5
7.901e+2, -3.558e-5
7.902e+2, -3.565e-5
7.903e+2, -3.551e-5
7.904e+2, -3.560e-5
7.905e+2, -3.565e-5
7.906e+2, -3.559e-5
7.907e+2, -3.567e-5
7.908e+2, -3.565e-5
7.909e+2, -3.562e-5
7.910e+2, -3.563e-5
7.911e+2, -3.551e-5
7.912e+2, -3.529e-5
7.913e+2, -3.595e-5
7.914e+2, -3.587e-5
7.915e+2, -3.567e-5
7.916e+2, -3.552e-5
7.917e+2, -3.560e-5
7.918e+2, -3.561e-5
7.919e+2, -3.558e-5
7.920e+2, -3.557e-5
7.921e+2, -3.549e-5
7.922e+2, -3.576e-5
7.923e+2, -3.556e-5
7.924e+2, -3.547e-5
7.925e+2, -3.554e-5
7.926e+2, -3.565e-5
7.927e+2, -3.559e-5
7.928e+2, -3.552e-5
7.929e+2, -3.457e-5
7.930e+2, -3.458e-5
7.931e+2, -3.445e-5
7.932e+2, -3.429e-5
7.933e+2, -3.446e-5
7.934e+2, -3.451e-5
7.935e+2, -3.463e-5
7.936e+2, -3.458e-5
7.937e+2, -3.454e-5
7.938e+2, -3.473e-5
7.939e+2, -3.474e-5
7.940e+2, -3.460e-5
7.941e+2, -3.470e-5
7.942e+2, -3.458e-5
7.943e+2, -3.464e-5
7.944e+2, -3.466e-5
7.945e+2, -3.456e-5
7.946e+2, -3.462e-5
7.947e+2, -3.476e-5
7.948e+2, -3.468e-5
7.949e+2, -3.474e-5
7.950e+2, -3.468e-5
7.951e+2, -3.460e-5
7.952e+2, -3.468e-5
7.953e+2, -3.458e-5
7.954e+2, -3.474e-5
7.955e+2, -3.472e-5
7.956e+2, -3.472e-5
7.957e+2, -3.472e-5
7.958e+2, -3.471e-5
7.959e+2, -3.461e-5
7.960e+2, -3.476e-5
7.961e+2, -3.482e-5
7.962e+2, -3.483e-5
7.963e+2, -3.465e-5
7.964e+2, -3.463e-5
7.965e+2, -3.464e-5
7.966e+2, -3.464e-5
7.967e+2, -3.470e-5
7.968e+2, -3.461e-5
7.969e+2, -3.464e-5
7.970e+2, -3.483e-5
7.971e+2, -3.477e-5
7.972e+2, -3.475e-5
7.973e+2, -3.465e-5
7.974e+2, -3.465e-5
7.975e+2, -3.466e-5
7.976e+2, -3.462e-5
7.977e+2, -3.453e-5
7.978e+2, -3.487e-5
7.979e+2, -3.474e-5
7.980e+2, -3.471e-5
7.981e+2, -3.451e-5
7.982e+2, -3.463e-5
7.983e+2, -3.460e-5
7.984e+2, -3.453e-5
7.985e+2, -3.468e-5
7.986e+2, -3.469e-5
7.987e+2, -3.482e-5
7.988e+2, -3.481e-5
7.989e+2, -3.455e-5
7.990e+2, -3.470e-5
7.991e+2, -3.470e-5
7.992e+2, -3.451e-5
7.993e+2, -3.441e-5
7.994e+2, -3.474e-5
7.995e+2, -3.463e-5
7.996e+2, -3.455e-5
7.997e+2, -3.462e-5
7.998e+2, -3.458e-5
7.999e+2, -3.451e-5
8.000e+2, -3.450e-5
8.001e+2, -3.446e-5
8.002e+2, -3.460e-5
8.003e+2, -3.445e-5
8.004e+2, -3.458e-5
8.005e+2, -3.449e-5
8.006e+2, -3.466e-5
8.007e+2, -3.460e-5
8.008e+2, -3.451e-5
8.009e+2, -3.452e-5
8.010e+2, -3.443e-5
8.011e+2, -3.318e-5
8.012e+2, -3.250e-5
8.013e+2, -3.242e-5
8.014e+2, -3.242e-5
8.015e+2, -3.223e-5
8.016e+2, -3.229e-5
8.017e+2, -3.244e-5
8.018e+2, -3.247e-5
8.019e+2, -3.254e-5
8.020e+2, -3.231e-5
8.021e+2, -3.273e-5
8.022e+2, -3.259e-5
8.023e+2, -3.258e-5
8.024e+2, -3.243e-5
8.025e+2, -3.250e-5
8.026e+2, -3.244e-5
8.027e+2, -3.250e-5
8.028e+2, -3.234e-5
8.029e+2, -3.267e-5
8.030e+2, -3.248e-5
8.031e+2, -3.241e-5
8.032e+2, -3.241e-5
8.033e+2, -3.247e-5
8.034e+2, -3.257e-5
8.035e+2, -3.264e-5
8.036e+2, -3.256e-5
8.037e+2, -3.254e-5
8.038e+2, -3.240e-5
8.039e+2, -3.266e-5
8.040e+2, -3.238e-5
8.041e+2, -3.249e-5
8.042e+2, -3.253e-5
8.043e+2, -3.252e-5
8.044e+2, -3.258e-5
8.045e+2, -3.256e-5
8.046e+2, -3.256e-5
8.047e+2, -3.258e-5
8.048e+2, -3.241e-5
8.049e+2, -3.268e-5
8.050e+2, -3.262e-5
8.051e+2, -3.266e-5
8.052e+2, -3.264e-5
8.053e+2, -3.250e-5
8.054e+2, -3.258e-5
8.055e+2, -3.256e-5
8.056e+2, -3.255e-5
8.057e+2, -3.252e-5
8.058e+2, -3.248e-5
8.059e+2, -3.257e-5
8.060e+2, -3.257e-5
8.061e+2, -3.261e-5
8.062e+2, -3.250e-5
8.063e+2, -3.254e-5
8.064e+2, -3.243e-5
8.065e+2, -3.243e-5
8.066e+2, -3.246e-5
8.067e+2, -3.255e-5
8.068e+2, -3.249e-5
8.069e+2, -3.250e-5
8.070e+2, -3.250e-5
8.070e+2, -3.248e-5
8.071e+2, -3.241e-5
8.072e+2, -3.251e-5
8.073e+2, -3.272e-5
8.074e+2, -3.252e-5
8.075e+2, -3.256e-5
8.076e+2, -3.256e-5
8.077e+2, -3.249e-5
8.078e+2, -3.248e-5
8.079e+2, -3.271e-5
8.080e+2, -3.271e-5
8.081e+2, -3.261e-5
8.082e+2, -3.255e-5
8.083e+2, -3.254e-5
8.084e+2, -3.255e-5
8.085e+2, -3.253e-5
8.086e+2, -3.255e-5
8.087e+2, -3.240e-5
8.088e+2, -3.272e-5
8.089e+2, -3.243e-5
8.090e+2, -3.264e-5
8.091e+2, -3.260e-5
8.092e+2, -3.118e-5
8.093e+2, -3.017e-5
8.094e+2, -3.017e-5
8.095e+2, -3.041e-5
8.096e+2, -3.026e-5
8.097e+2, -3.027e-5
8.098e+2, -3.038e-5
8.099e+2, -3.036e-5
8.100e+2, -3.039e-5
8.101e+2, -3.039e-5
8.102e+2, -3.022e-5
8.103e+2, -3.030e-5
8.104e+2, -3.028e-5
8.105e+2, -3.032e-5
8.106e+2, -3.029e-5
8.107e+2, -3.030e-5
8.108e+2, -3.023e-5
8.109e+2, -3.032e-5
8.110e+2, -3.042e-5
8.111e+2, -3.034e-5
8.112e+2, -3.032e-5
8.113e+2, -3.028e-5
8.114e+2, -3.019e-5
8.115e+2, -3.019e-5
8.116e+2, -3.029e-5
8.117e+2, -3.031e-5
8.118e+2, -3.027e-5
8.119e+2, -3.028e-5
8.120e+2, -3.034e-5
8.121e+2, -3.029e-5
8.122e+2, -3.022e-5
8.123e+2, -3.005e-5
8.124e+2, -3.055e-5
8.125e+2, -3.036e-5
8.126e+2, -3.020e-5
8.127e+2, -3.018e-5
8.128e+2, -3.024e-5
8.129e+2, -3.026e-5
8.130e+2, -3.022e-5
8.131e+2, -3.022e-5
8.132e+2, -3.026e-5
8.133e+2, -3.028e-5
8.134e+2, -3.025e-5
8.135e+2, -3.026e-5
8.136e+2, -3.025e-5
8.137e+2, -3.032e-5
8.138e+2, -3.026e-5
8.139e+2, -3.021e-5
8.140e+2, -3.018e-5
8.141e+2, -3.039e-5
8.142e+2, -3.042e-5
8.143e+2, -3.030e-5
8.144e+2, -3.026e-5
8.145e+2, -3.024e-5
8.146e+2, -3.030e-5
8.147e+2, -3.028e-5
8.148e+2, -3.025e-5
8.149e+2, -3.027e-5
8.150e+2, -3.049e-5
8.151e+2, -3.052e-5
8.152e+2, -3.042e-5
8.153e+2, -3.026e-5
8.154e+2, -3.040e-5
8.155e+2, -3.047e-5
8.156e+2, -3.032e-5
8.157e+2, -3.027e-5
8.158e+2, -3.038e-5
8.159e+2, -3.035e-5
8.160e+2, -3.034e-5
8.161e+2, -3.044e-5
8.162e+2, -3.052e-5
8.163e+2, -3.060e-5
8.164e+2, -3.036e-5
8.165e+2, -3.035e-5
8.166e+2, -3.039e-5
8.167e+2, -3.042e-5
8.168e+2, -3.033e-5
8.169e+2, -3.036e-5
8.170e+2, -3.040e-5
8.171e+2, -3.025e-5
8.172e+2, -3.064e-5
8.173e+2, -3.039e-5
8.174e+2, -2.965e-5
8.175e+2, -2.880e-5
8.176e+2, -2.889e-5
8.177e+2, -2.879e-5
8.178e+2, -2.879e-5
8.179e+2, -2.879e-5
8.180e+2, -2.874e-5
8.181e+2, -2.889e-5
8.182e+2, -2.884e-5
8.183e+2, -2.883e-5
8.184e+2, -2.882e-5
8.185e+2, -2.885e-5
8.186e+2, -2.884e-5
8.187e+2, -2.885e-5
8.188e+2, -2.883e-5
8.189e+2, -2.881e-5
8.190e+2, -2.900e-5
8.191e+2, -2.889e-5
8.192e+2, -2.894e-5
8.193e+2, -2.894e-5
8.194e+2, -2.894e-5
8.195e+2, -2.889e-5
8.196e+2, -2.878e-5
8.197e+2, -2.909e-5
8.198e+2, -2.893e-5
8.199e+2, -2.893e-5
8.200e+2, -2.893e-5
8.201e+2, -2.896e-5
8.202e+2, -2.893e-5
8.203e+2, -2.890e-5
8.204e+2, -2.874e-5
8.205e+2, -2.911e-5
8.206e+2, -2.905e-5
8.207e+2, -2.883e-5
8.208e+2, -2.900e-5
8.209e+2, -2.896e-5
8.210e+2, -2.903e-5
8.211e+2, -2.900e-5
8.212e+2, -2.907e-5
8.213e+2, -2.905e-5
8.214e+2, -2.896e-5
8.215e+2, -2.887e-5
8.216e+2, -2.893e-5
8.217e+2, -2.902e-5
8.218e+2, -2.898e-5
8.219e+2, -2.902e-5
8.220e+2, -2.900e-5
8.221e+2, -2.900e-5
8.222e+2, -2.889e-5
8.223e+2, -2.921e-5
8.224e+2, -2.909e-5
8.225e+2, -2.894e-5
8.226e+2, -2.889e-5
8.227e+2, -2.894e-5
8.228e+2, -2.891e-5
8.229e+2, -2.874e-5
8.230e+2, -2.908e-5
8.231e+2, -2.897e-5
8.232e+2, -2.883e-5
8.233e+2, -2.880e-5
8.234e+2, -2.885e-5
8.235e+2, -2.886e-5
8.236e+2, -2.880e-5
8.237e+2, -2.877e-5
8.238e+2, -2.878e-5
8.239e+2, -2.888e-5
8.240e+2, -2.898e-5
8.241e+2, -2.897e-5
8.242e+2, -2.881e-5
8.243e+2, -2.886e-5
8.244e+2, -2.897e-5
8.245e+2, -2.891e-5
8.246e+2, -2.884e-5
8.247e+2, -2.865e-5
8.248e+2, -2.902e-5
8.249e+2, -2.900e-5
8.250e+2, -2.887e-5
8.251e+2, -2.882e-5
8.252e+2, -2.898e-5
8.253e+2, -2.886e-5
8.254e+2, -2.894e-5
8.255e+2, -2.877e-5
8.256e+2, -2.812e-5
8.257e+2, -2.814e-5
8.258e+2, -2.801e-5
8.259e+2, -2.808e-5
8.260e+2, -2.806e-5
8.261e+2, -2.806e-5
8.262e+2, -2.807e-5
8.263e+2, -2.794e-5
8.264e+2, -2.816e-5
8.265e+2, -2.803e-5
8.266e+2, -2.800e-5
8.267e+2, -2.808e-5
8.268e+2, -2.814e-5
8.269e+2, -2.818e-5
8.270e+2, -2.809e-5
8.271e+2, -2.795e-5
8.272e+2, -2.814e-5
8.273e+2, -2.826e-5
8.274e+2, -2.825e-5
8.275e+2, -2.817e-5
8.276e+2, -2.813e-5
8.277e+2, -2.814e-5
8.278e+2, -2.817e-5
8.279e+2, -2.799e-5
8.280e+2, -2.810e-5
8.281e+2, -2.828e-5
8.282e+2, -2.820e-5
8.283e+2, -2.813e-5
8.284e+2, -2.814e-5
8.285e+2, -2.820e-5
8.286e+2, -2.817e-5
8.287e+2, -2.811e-5
8.288e+2, -2.800e-5
8.289e+2, -2.829e-5
8.290e+2, -2.816e-5
8.291e+2, -2.812e-5
8.292e+2, -2.803e-5
8.293e+2, -2.814e-5
8.294e+2, -2.811e-5
8.295e+2, -2.813e-5
8.296e+2, -2.807e-5
8.297e+2, -2.795e-5
8.298e+2, -2.816e-5
8.299e+2, -2.803e-5
8.300e+2, -2.802e-5
8.301e+2, -2.800e-5
8.302e+2, -2.803e-5
8.303e+2, -2.807e-5
8.304e+2, -2.805e-5
8.305e+2, -2.789e-5
8.306e+2, -2.829e-5
8.307e+2, -2.820e-5
8.308e+2, -2.800e-5
8.309e+2, -2.819e-5
8.310e+2, -2.819e-5
8.311e+2, -2.811e-5
8.312e+2, -2.810e-5
8.313e+2, -2.796e-5
8.314e+2, -2.829e-5
8.315e+2, -2.814e-5
8.316e+2, -2.814e-5
8.317e+2, -2.797e-5
8.318e+2, -2.794e-5
8.319e+2, -2.806e-5
8.320e+2, -2.806e-5
8.321e+2, -2.809e-5
8.322e+2, -2.807e-5
8.323e+2, -2.834e-5
8.324e+2, -2.827e-5
8.325e+2, -2.820e-5
8.326e+2, -2.822e-5
8.327e+2, -2.821e-5
8.328e+2, -2.816e-5
8.329e+2, -2.815e-5
8.330e+2, -2.801e-5
8.331e+2, -2.826e-5
8.332e+2, -2.813e-5
8.333e+2, -2.799e-5
8.334e+2, -2.794e-5
8.335e+2, -2.803e-5
8.336e+2, -2.797e-5
8.337e+2, -2.795e-5
8.338e+2, -2.791e-5
8.339e+2, -2.803e-5
8.340e+2, -2.790e-5
8.341e+2, -2.821e-5
8.342e+2, -2.831e-5
8.343e+2, -2.842e-5
8.344e+2, -2.820e-5
8.345e+2, -2.824e-5
8.346e+2, -2.824e-5
8.347e+2, -2.816e-5
8.348e+2, -2.813e-5
8.349e+2, -2.812e-5
8.350e+2, -2.834e-5
8.351e+2, -2.830e-5
8.352e+2, -2.817e-5
8.353e+2, -2.820e-5
8.354e+2, -2.814e-5
8.355e+2, -2.810e-5
8.356e+2, -2.818e-5
8.357e+2, -2.832e-5
8.358e+2, -2.840e-5
8.359e+2, -2.827e-5
8.360e+2, -2.815e-5
8.361e+2, -2.823e-5
8.362e+2, -2.821e-5
8.363e+2, -2.813e-5
8.364e+2, -2.817e-5
8.365e+2, -2.825e-5
8.366e+2, -2.821e-5
8.367e+2, -2.831e-5
8.368e+2, -2.818e-5
8.369e+2, -2.810e-5
8.370e+2, -2.815e-5
8.371e+2, -2.819e-5
8.372e+2, -2.815e-5
8.373e+2, -2.806e-5
8.374e+2, -2.799e-5
8.375e+2, -2.819e-5
8.376e+2, -2.811e-5
8.377e+2, -2.822e-5
8.378e+2, -2.802e-5
8.379e+2, -2.820e-5
8.380e+2, -2.816e-5
8.381e+2, -2.817e-5
8.382e+2, -2.830e-5
8.383e+2, -2.834e-5
8.384e+2, -2.820e-5
8.385e+2, -2.809e-5
8.386e+2, -2.808e-5
8.387e+2, -2.814e-5
8.388e+2, -2.821e-5
8.389e+2, -2.820e-5
8.390e+2, -2.821e-5
8.391e+2, -2.834e-5
8.392e+2, -2.837e-5
8.393e+2, -2.808e-5
8.394e+2, -2.823e-5
8.395e+2, -2.816e-5
8.396e+2, -2.811e-5
8.397e+2, -2.801e-5
8.398e+2, -2.816e-5
8.399e+2, -2.814e-5
8.400e+2, -2.803e-5
8.401e+2, -2.805e-5
8.402e+2, -2.804e-5
8.403e+2, -2.803e-5
8.404e+2, -2.801e-5
8.405e+2, -2.804e-5
8.406e+2, -2.815e-5
8.407e+2, -2.810e-5
8.408e+2, -2.805e-5
8.409e+2, -2.802e-5
8.410e+2, -2.808e-5
8.411e+2, -2.808e-5
8.412e+2, -2.799e-5
8.413e+2, -2.807e-5
8.414e+2, -2.798e-5
8.415e+2, -2.801e-5
8.416e+2, -2.801e-5
8.417e+2, -2.801e-5
8.418e+2, -2.804e-5
8.419e+2, -2.808e-5
8.420e+2, -2.802e-5
8.421e+2, -2.829e-5
8.422e+2, -2.829e-5
8.423e+2, -2.826e-5
8.424e+2, -2.817e-5
8.425e+2, -2.823e-5
8.426e+2, -2.829e-5
8.427e+2, -2.822e-5
8.428e+2, -2.814e-5
8.429e+2, -2.838e-5
8.430e+2, -2.849e-5
8.431e+2, -2.821e-5
8.432e+2, -2.822e-5
8.433e+2, -2.829e-5
8.434e+2, -2.832e-5
8.435e+2, -2.833e-5
8.436e+2, -2.820e-5
8.437e+2, -2.840e-5
8.438e+2, -2.840e-5
8.439e+2, -2.853e-5
8.440e+2, -2.823e-5
8.441e+2, -2.823e-5
8.442e+2, -2.826e-5
8.443e+2, -2.835e-5
8.444e+2, -2.831e-5
8.445e+2, -2.804e-5
8.446e+2, -2.837e-5
8.447e+2, -2.838e-5
8.448e+2, -2.827e-5
8.449e+2, -2.833e-5
8.450e+2, -2.834e-5
8.451e+2, -2.836e-5
8.452e+2, -2.831e-5
8.453e+2, -2.818e-5
8.454e+2, -2.834e-5
8.455e+2, -2.848e-5
8.456e+2, -2.837e-5
8.457e+2, -2.824e-5
8.458e+2, -2.835e-5
8.459e+2, -2.830e-5
8.460e+2, -2.825e-5
8.461e+2, -2.831e-5
8.462e+2, -2.819e-5
8.463e+2, -2.825e-5
8.464e+2, -2.820e-5
8.465e+2, -2.820e-5
8.466e+2, -2.835e-5
8.467e+2, -2.830e-5
8.468e+2, -2.828e-5
8.469e+2, -2.831e-5
8.470e+2, -2.849e-5
8.471e+2, -2.847e-5
8.472e+2, -2.833e-5
8.473e+2, -2.835e-5
8.474e+2, -2.839e-5
8.475e+2, -2.837e-5
8.476e+2, -2.832e-5
8.477e+2, -2.833e-5
8.478e+2, -2.829e-5
8.479e+2, -2.841e-5
8.480e+2, -2.841e-5
8.481e+2, -2.834e-5
8.482e+2, -2.828e-5
8.483e+2, -2.826e-5
8.484e+2, -2.828e-5
8.485e+2, -2.833e-5
8.486e+2, -2.831e-5
8.487e+2, -2.833e-5
8.488e+2, -2.824e-5
8.489e+2, -2.834e-5
8.490e+2, -2.837e-5
8.491e+2, -2.840e-5
8.492e+2, -2.840e-5
8.493e+2, -2.842e-5
8.494e+2, -2.842e-5
8.495e+2, -2.841e-5
8.496e+2, -2.838e-5
8.497e+2, -2.836e-5
8.498e+2, -2.828e-5
8.499e+2, -2.841e-5
8.500e+2, -2.841e-5
8.501e+2, -2.831e-5
8.502e+2, -2.823e-5
8.503e+2, -2.845e-5
8.504e+2, -2.849e-5
8.505e+2, -2.847e-5
8.506e+2, -2.876e-5
8.507e+2, -2.876e-5
8.508e+2, -2.874e-5
8.509e+2, -2.865e-5
8.510e+2, -2.860e-5
8.511e+2, -2.850e-5
8.512e+2, -2.856e-5
8.513e+2, -2.854e-5
8.514e+2, -2.848e-5
8.515e+2, -2.844e-5
8.516e+2, -2.864e-5
8.517e+2, -2.866e-5
8.518e+2, -2.845e-5
8.519e+2, -2.857e-5
8.520e+2, -2.852e-5
8.521e+2, -2.848e-5
8.522e+2, -2.848e-5
8.523e+2, -2.841e-5
8.524e+2, -2.858e-5
8.525e+2, -2.843e-5
8.526e+2, -2.845e-5
8.527e+2, -2.837e-5
8.528e+2, -2.843e-5
8.529e+2, -2.848e-5
8.530e+2, -2.852e-5
8.531e+2, -2.845e-5
8.532e+2, -2.839e-5
8.533e+2, -2.872e-5
8.534e+2, -2.857e-5
8.535e+2, -2.854e-5
8.536e+2, -2.838e-5
8.537e+2, -2.863e-5
8.538e+2, -2.849e-5
8.539e+2, -2.853e-5
8.540e+2, -2.842e-5
8.541e+2, -2.845e-5
8.542e+2, -2.849e-5
8.543e+2, -2.842e-5
8.544e+2, -2.863e-5
8.545e+2, -2.852e-5
8.546e+2, -2.832e-5
8.547e+2, -2.856e-5
8.548e+2, -2.857e-5
8.549e+2, -2.853e-5
8.550e+2, -2.852e-5
8.551e+2, -2.845e-5
8.552e+2, -2.858e-5
8.553e+2, -2.865e-5
8.554e+2, -2.849e-5
8.555e+2, -2.853e-5
8.556e+2, -2.857e-5
8.557e+2, -2.848e-5
8.558e+2, -2.846e-5
8.559e+2, -2.847e-5
8.560e+2, -2.842e-5
8.561e+2, -2.856e-5
8.562e+2, -2.851e-5
8.563e+2, -2.850e-5
8.564e+2, -2.843e-5
8.565e+2, -2.847e-5
8.566e+2, -2.843e-5
8.567e+2, -2.848e-5
8.568e+2, -2.841e-5
8.569e+2, -2.844e-5
8.570e+2, -2.852e-5
8.571e+2, -2.844e-5
8.572e+2, -2.848e-5
8.573e+2, -2.848e-5
8.574e+2, -2.848e-5
8.575e+2, -2.846e-5
8.576e+2, -2.847e-5
8.577e+2, -2.863e-5
8.578e+2, -2.869e-5
8.579e+2, -2.845e-5
8.580e+2, -2.841e-5
8.581e+2, -2.846e-5
8.582e+2, -2.845e-5
8.583e+2, -2.845e-5
8.584e+2, -2.913e-5
8.585e+2, -3.076e-5
8.586e+2, -3.059e-5
8.587e+2, -3.091e-5
8.588e+2, -3.095e-5
8.589e+2, -3.084e-5
8.590e+2, -3.099e-5
8.591e+2, -3.081e-5
8.592e+2, -3.079e-5
8.593e+2, -3.081e-5
8.594e+2, -3.082e-5
8.595e+2, -3.075e-5
8.596e+2, -3.101e-5
8.597e+2, -3.092e-5
8.598e+2, -3.079e-5
8.599e+2, -3.087e-5
8.600e+2, -3.089e-5
8.601e+2, -3.084e-5
8.602e+2, -3.078e-5
8.603e+2, -3.083e-5
8.604e+2, -3.084e-5
8.605e+2, -3.106e-5
8.606e+2, -3.103e-5
8.607e+2, -3.105e-5
8.608e+2, -3.094e-5
8.609e+2, -3.104e-5
8.610e+2, -3.091e-5
8.611e+2, -3.084e-5
8.612e+2, -3.085e-5
8.613e+2, -3.090e-5
8.614e+2, -3.121e-5
8.615e+2, -3.091e-5
8.616e+2, -3.074e-5
8.617e+2, -3.086e-5
8.618e+2, -3.097e-5
8.619e+2, -3.079e-5
8.620e+2, -3.089e-5
8.621e+2, -3.100e-5
8.622e+2, -3.100e-5
8.623e+2, -3.084e-5
8.624e+2, -3.093e-5
8.625e+2, -3.091e-5
8.626e+2, -3.083e-5
8.627e+2, -3.092e-5
8.628e+2, -3.094e-5
8.629e+2, -3.118e-5
8.630e+2, -3.084e-5
8.631e+2, -3.096e-5
8.632e+2, -3.089e-5
8.633e+2, -3.087e-5
8.634e+2, -3.095e-5
8.635e+2, -3.090e-5
8.636e+2, -3.080e-5
8.637e+2, -3.079e-5
8.638e+2, -3.099e-5
8.639e+2, -3.082e-5
8.640e+2, -3.094e-5
8.641e+2, -3.079e-5
8.642e+2, -3.096e-5
8.643e+2, -3.087e-5
8.644e+2, -3.082e-5
8.645e+2, -3.086e-5
8.646e+2, -3.099e-5
8.647e+2, -3.107e-5
8.648e+2, -3.098e-5
8.649e+2, -3.091e-5
8.650e+2, -3.104e-5
8.651e+2, -3.105e-5
8.652e+2, -3.104e-5
8.653e+2, -3.098e-5
8.654e+2, -3.071e-5
8.655e+2, -3.103e-5
8.656e+2, -3.104e-5
8.657e+2, -3.101e-5
8.658e+2, -3.099e-5
8.659e+2, -3.095e-5
8.660e+2, -3.095e-5
8.661e+2, -3.103e-5
8.662e+2, -3.085e-5
8.663e+2, -3.082e-5
8.664e+2, -3.113e-5
8.665e+2, -3.093e-5
8.666e+2, -3.463e-5
8.667e+2, -4.592e-5
8.668e+2, -4.563e-5
8.669e+2, -4.574e-5
8.670e+2, -4.570e-5
8.671e+2, -4.553e-5
8.672e+2, -4.611e-5
8.673e+2, -4.621e-5
8.674e+2, -4.601e-5
8.675e+2, -4.577e-5
8.676e+2, -4.582e-5
8.677e+2, -4.589e-5
8.678e+2, -4.588e-5
8.679e+2, -4.591e-5
8.680e+2, -4.599e-5
8.681e+2, -4.605e-5
8.682e+2, -4.636e-5
8.683e+2, -4.632e-5
8.684e+2, -4.619e-5
8.685e+2, -4.610e-5
8.686e+2, -4.619e-5
8.687e+2, -4.632e-5
8.688e+2, -4.599e-5
8.689e+2, -4.556e-5
8.690e+2, -4.592e-5
8.691e+2, -4.604e-5
8.692e+2, -4.614e-5
8.693e+2, -4.611e-5
8.694e+2, -4.656e-5
8.695e+2, -4.626e-5
8.696e+2, -4.607e-5
8.697e+2, -4.604e-5
8.698e+2, -4.585e-5
8.699e+2, -4.606e-5
8.700e+2, -4.580e-5
8.701e+2, -4.619e-5
8.702e+2, -4.624e-5
8.703e+2, -4.614e-5
8.704e+2, -4.591e-5
8.705e+2, -4.608e-5
8.706e+2, -4.590e-5
8.707e+2, -4.590e-5
8.708e+2, -4.588e-5
8.709e+2, -4.551e-5
8.710e+2, -4.616e-5
8.711e+2, -4.595e-5
8.712e+2, -4.632e-5
8.713e+2, -4.592e-5
8.714e+2, -4.602e-5
8.715e+2, -4.578e-5
8.716e+2, -4.583e-5
8.717e+2, -4.608e-5
8.718e+2, -4.646e-5
8.719e+2, -4.593e-5
8.720e+2, -4.617e-5
8.721e+2, -4.587e-5
8.722e+2, -4.574e-5
8.723e+2, -4.590e-5
8.724e+2, -4.620e-5
8.725e+2, -4.603e-5
8.726e+2, -4.585e-5
8.727e+2, -4.636e-5
8.728e+2, -4.584e-5
8.729e+2, -4.610e-5
8.730e+2, -4.574e-5
8.731e+2, -4.621e-5
8.732e+2, -4.597e-5
8.733e+2, -4.584e-5
8.734e+2, -4.560e-5
8.735e+2, -4.585e-5
8.736e+2, -4.575e-5
8.737e+2, -4.633e-5
8.738e+2, -4.648e-5
8.739e+2, -4.615e-5
8.740e+2, -4.585e-5
8.741e+2, -4.638e-5
8.742e+2, -4.612e-5
8.743e+2, -4.615e-5
8.744e+2, -4.587e-5
8.745e+2, -4.582e-5
8.746e+2, -4.578e-5
8.747e+2, -4.585e-5
8.748e+2, -5.959e-5
8.749e+2, -7.665e-5
8.750e+2, -7.630e-5
8.751e+2, -7.625e-5
8.752e+2, -7.591e-5
8.753e+2, -7.666e-5
8.754e+2, -7.698e-5
8.755e+2, -7.685e-5
8.756e+2, -7.714e-5
8.757e+2, -7.689e-5
8.758e+2, -7.708e-5
8.759e+2, -7.676e-5
8.760e+2, -7.674e-5
8.761e+2, -7.676e-5
8.762e+2, -7.663e-5
8.763e+2, -7.683e-5
8.764e+2, -7.686e-5
8.765e+2, -7.704e-5
8.766e+2, -7.700e-5
8.767e+2, -7.712e-5
8.768e+2, -7.698e-5
8.769e+2, -7.669e-5
8.770e+2, -7.721e-5
8.771e+2, -7.704e-5
8.772e+2, -7.696e-5
8.773e+2, -7.683e-5
8.774e+2, -7.729e-5
8.775e+2, -7.702e-5
8.776e+2, -7.711e-5
8.777e+2, -7.704e-5
8.778e+2, -7.708e-5
8.779e+2, -7.668e-5
8.780e+2, -7.698e-5
8.781e+2, -7.720e-5
8.782e+2, -7.684e-5
8.783e+2, -7.662e-5
8.784e+2, -7.723e-5
8.785e+2, -7.692e-5
8.786e+2, -7.675e-5
8.787e+2, -7.696e-5
8.788e+2, -7.685e-5
8.789e+2, -7.678e-5
8.790e+2, -7.649e-5
8.791e+2, -7.701e-5
8.792e+2, -7.730e-5
8.793e+2, -7.712e-5
8.794e+2, -7.681e-5
8.795e+2, -7.698e-5
8.796e+2, -7.712e-5
8.797e+2, -7.681e-5
8.798e+2, -7.654e-5
8.799e+2, -7.663e-5
8.800e+2, -7.622e-5
8.801e+2, -7.685e-5
8.802e+2, -7.699e-5
8.803e+2, -7.698e-5
8.804e+2, -7.664e-5
8.805e+2, -7.670e-5
8.806e+2, -7.715e-5
8.807e+2, -7.708e-5
8.808e+2, -7.697e-5
8.809e+2, -7.746e-5
8.810e+2, -7.717e-5
8.811e+2, -7.696e-5
8.812e+2, -7.657e-5
8.813e+2, -7.705e-5
8.814e+2, -7.708e-5
8.815e+2, -7.688e-5
8.816e+2, -7.680e-5
8.817e+2, -7.719e-5
8.818e+2, -7.683e-5
8.819e+2, -7.715e-5
8.820e+2, -7.712e-5
8.821e+2, -7.693e-5
8.822e+2, -7.654e-5
8.823e+2, -7.690e-5
8.824e+2, -7.700e-5
8.825e+2, -7.683e-5
8.826e+2, -7.724e-5
8.827e+2, -7.706e-5
8.828e+2, -7.666e-5
8.829e+2, -7.701e-5
8.830e+2, -9.623e-5
8.831e+2, -1.065e-4
8.832e+2, -1.066e-4
8.833e+2, -1.064e-4
8.834e+2, -1.069e-4
8.835e+2, -1.067e-4
8.836e+2, -1.066e-4
8.837e+2, -1.070e-4
8.838e+2, -1.074e-4
8.839e+2, -1.071e-4
8.840e+2, -1.068e-4
8.841e+2, -1.070e-4
8.842e+2, -1.070e-4
8.843e+2, -1.070e-4
8.844e+2, -1.074e-4
8.845e+2, -1.069e-4
8.846e+2, -1.072e-4
8.847e+2, -1.075e-4
8.848e+2, -1.073e-4
8.849e+2, -1.071e-4
8.850e+2, -1.070e-4
8.851e+2, -1.069e-4
8.852e+2, -1.066e-4
8.853e+2, -1.069e-4
8.854e+2, -1.071e-4
8.855e+2, -1.069e-4
8.856e+2, -1.070e-4
8.857e+2, -1.071e-4
8.858e+2, -1.073e-4
8.859e+2, -1.072e-4
8.860e+2, -1.071e-4
8.861e+2, -1.069e-4
8.862e+2, -1.071e-4
8.863e+2, -1.072e-4
8.864e+2, -1.067e-4
8.865e+2, -1.072e-4
8.866e+2, -1.074e-4
8.867e+2, -1.074e-4
8.868e+2, -1.072e-4
8.869e+2, -1.072e-4
8.870e+2, -1.067e-4
8.871e+2, -1.070e-4
8.872e+2, -1.068e-4
8.873e+2, -1.067e-4
8.874e+2, -1.064e-4
8.875e+2, -1.067e-4
8.876e+2, -1.070e-4
8.877e+2, -1.066e-4
8.878e+2, -1.073e-4
8.879e+2, -1.071e-4
8.880e+2, -1.072e-4
8.881e+2, -1.071e-4
8.882e+2, -1.067e-4
8.883e+2, -1.066e-4
8.884e+2, -1.067e-4
8.885e+2, -1.067e-4
8.886e+2, -1.068e-4
8.887e+2, -1.072e-4
8.888e+2, -1.069e-4
8.889e+2, -1.074e-4
8.890e+2, -1.069e-4
8.891e+2, -1.070e-4
8.892e+2, -1.068e-4
8.893e+2, -1.069e-4
8.894e+2, -1.068e-4
8.895e+2, -1.069e-4
8.896e+2, -1.071e-4
8.897e+2, -1.072e-4
8.898e+2, -1.071e-4
8.899e+2, -1.067e-4
8.900e+2, -1.070e-4
8.901e+2, -1.071e-4
8.902e+2, -1.069e-4
8.903e+2, -1.068e-4
8.904e+2, -1.078e-4
8.905e+2, -1.070e-4
8.906e+2, -1.074e-4
8.907e+2, -1.071e-4
8.908e+2, -1.072e-4
8.909e+2, -1.069e-4
8.910e+2, -1.072e-4
8.911e+2, -1.068e-4
8.912e+2, -1.104e-4
8.913e+2, -1.151e-4
8.914e+2, -1.165e-4
8.915e+2, -1.164e-4
8.916e+2, -1.160e-4
8.917e+2, -1.160e-4
8.918e+2, -1.163e-4
8.919e+2, -1.159e-4
8.920e+2, -1.155e-4
8.921e+2, -1.163e-4
8.922e+2, -1.165e-4
8.923e+2, -1.158e-4
8.924e+2, -1.160e-4
8.925e+2, -1.160e-4
8.926e+2, -1.154e-4
8.927e+2, -1.160e-4
8.928e+2, -1.157e-4
8.929e+2, -1.154e-4
8.930e+2, -1.156e-4
8.931e+2, -1.156e-4
8.932e+2, -1.157e-4
8.933e+2, -1.156e-4
8.934e+2, -1.149e-4
8.935e+2, -1.160e-4
8.936e+2, -1.159e-4
8.937e+2, -1.157e-4
8.938e+2, -1.159e-4
8.939e+2, -1.156e-4
8.940e+2, -1.160e-4
8.941e+2, -1.162e-4
8.942e+2, -1.160e-4
8.943e+2, -1.155e-4
8.944e+2, -1.159e-4
8.945e+2, -1.161e-4
8.946e+2, -1.160e-4
8.947e+2, -1.155e-4
8.948e+2, -1.159e-4
8.949e+2, -1.161e-4
8.950e+2, -1.159e-4
8.951e+2, -1.158e-4
8.952e+2, -1.152e-4
8.953e+2, -1.159e-4
8.954e+2, -1.163e-4
8.955e+2, -1.158e-4
8.956e+2, -1.160e-4
8.957e+2, -1.163e-4
8.958e+2, -1.158e-4
8.959e+2, -1.158e-4
8.960e+2, -1.158e-4
8.961e+2, -1.157e-4
8.962e+2, -1.157e-4
8.963e+2, -1.157e-4
8.964e+2, -1.160e-4
8.965e+2, -1.158e-4
8.966e+2, -1.158e-4
8.967e+2, -1.163e-4
8.968e+2, -1.154e-4
8.969e+2, -1.165e-4
8.970e+2, -1.163e-4
8.971e+2, -1.166e-4
8.972e+2, -1.160e-4
8.973e+2, -1.162e-4
8.974e+2, -1.161e-4
8.975e+2, -1.162e-4
8.976e+2, -1.162e-4
8.977e+2, -1.166e-4
8.978e+2, -1.163e-4
8.979e+2, -1.157e-4
8.980e+2, -1.156e-4
8.981e+2, -1.159e-4
8.982e+2, -1.162e-4
8.983e+2, -1.160e-4
8.984e+2, -1.158e-4
8.985e+2, -1.156e-4
8.986e+2, -1.162e-4
8.987e+2, -1.161e-4
8.988e+2, -1.158e-4
8.989e+2, -1.156e-4
8.990e+2, -1.161e-4
8.991e+2, -1.160e-4
8.992e+2, -1.161e-4
8.993e+2, -1.162e-4
8.994e+2, -1.135e-4
8.995e+2, -1.079e-4
8.996e+2, -1.086e-4
8.997e+2, -1.084e-4
8.998e+2, -1.083e-4
8.999e+2, -1.084e-4
9.000e+2, -1.087e-4
9.001e+2, -1.084e-4
9.002e+2, -1.084e-4
9.003e+2, -1.079e-4
9.004e+2, -1.084e-4
9.005e+2, -1.084e-4
9.006e+2, -1.080e-4
9.007e+2, -1.085e-4
9.008e+2, -1.084e-4
9.009e+2, -1.080e-4
9.010e+2, -1.083e-4
9.011e+2, -1.086e-4
9.012e+2, -1.084e-4
9.013e+2, -1.084e-4
9.014e+2, -1.082e-4
9.015e+2, -1.080e-4
9.016e+2, -1.081e-4
9.017e+2, -1.084e-4
9.018e+2, -1.083e-4
9.019e+2, -1.083e-4
9.020e+2, -1.081e-4
9.021e+2, -1.079e-4
9.022e+2, -1.087e-4
9.023e+2, -1.082e-4
9.024e+2, -1.087e-4
9.025e+2, -1.083e-4
9.026e+2, -1.088e-4
9.027e+2, -1.085e-4
9.028e+2, -1.086e-4
9.029e+2, -1.083e-4
9.030e+2, -1.079e-4
9.031e+2, -1.090e-4
9.032e+2, -1.088e-4
9.033e+2, -1.083e-4
9.034e+2, -1.080e-4
9.035e+2, -1.080e-4
9.036e+2, -1.085e-4
9.037e+2, -1.085e-4
9.038e+2, -1.083e-4
9.039e+2, -1.072e-4
9.040e+2, -1.089e-4
9.041e+2, -1.083e-4
9.042e+2, -1.079e-4
9.043e+2, -1.083e-4
9.044e+2, -1.079e-4
9.045e+2, -1.083e-4
9.046e+2, -1.082e-4
9.047e+2, -1.078e-4
9.048e+2, -1.072e-4
9.049e+2, -1.083e-4
9.050e+2, -1.081e-4
9.051e+2, -1.080e-4
9.052e+2, -1.080e-4
9.053e+2, -1.082e-4
9.054e+2, -1.079e-4
9.055e+2, -1.082e-4
9.056e+2, -1.082e-4
9.057e+2, -1.077e-4
9.058e+2, -1.087e-4
9.059e+2, -1.083e-4
9.060e+2, -1.081e-4
9.061e+2, -1.083e-4
9.062e+2, -1.084e-4
9.063e+2, -1.085e-4
9.064e+2, -1.082e-4
9.065e+2, -1.084e-4
9.066e+2, -1.086e-4
9.067e+2, -1.080e-4
9.068e+2, -1.086e-4
9.069e+2, -1.084e-4
9.070e+2, -1.083e-4
9.071e+2, -1.082e-4
9.072e+2, -1.080e-4
9.073e+2, -1.080e-4
9.074e+2, -1.080e-4
9.075e+2, -1.080e-4
9.076e+2, -1.045e-4
9.077e+2, -9.116e-5
9.078e+2, -9.114e-5
9.079e+2, -9.077e-5
9.080e+2, -9.093e-5
9.081e+2, -9.109e-5
9.082e+2, -9.107e-5
9.083e+2, -9.084e-5
9.084e+2, -9.150e-5
9.085e+2, -9.136e-5
9.086e+2, -9.116e-5
9.087e+2, -9.095e-5
9.088e+2, -9.107e-5
9.089e+2, -9.125e-5
9.090e+2, -9.080e-5
9.091e+2, -9.097e-5
9.092e+2, -9.087e-5
9.093e+2, -9.127e-5
9.094e+2, -9.099e-5
9.095e+2, -9.126e-5
9.096e+2, -9.084e-5
9.097e+2, -9.099e-5
9.098e+2, -9.156e-5
9.099e+2, -9.130e-5
9.100e+2, -9.106e-5
9.101e+2, -9.122e-5
9.102e+2, -9.131e-5
9.103e+2, -9.072e-5
9.104e+2, -9.159e-5
9.105e+2, -9.111e-5
9.106e+2, -9.146e-5
9.107e+2, -9.088e-5
9.108e+2, -9.077e-5
9.109e+2, -9.101e-5
9.110e+2, -9.096e-5
9.111e+2, -9.088e-5
9.112e+2, -9.087e-5
9.113e+2, -9.061e-5
9.114e+2, -9.152e-5
9.115e+2, -9.117e-5
9.116e+2, -9.147e-5
9.117e+2, -9.117e-5
9.118e+2, -9.104e-5
9.119e+2, -9.108e-5
9.120e+2, -9.133e-5
9.121e+2, -9.109e-5
9.122e+2, -9.078e-5
9.123e+2, -9.039e-5
9.124e+2, -9.080e-5
9.125e+2, -9.107e-5
9.126e+2, -9.124e-5
9.127e+2, -9.081e-5
9.128e+2, -9.100e-5
9.129e+2, -9.126e-5
9.130e+2, -9.114e-5
9.131e+2, -9.053e-5
9.132e+2, -9.131e-5
9.133e+2, -9.129e-5
9.134e+2, -9.141e-5
9.135e+2, -9.103e-5
9.136e+2, -9.112e-5
9.137e+2, -9.116e-5
9.138e+2, -9.127e-5
9.139e+2, -9.087e-5
9.140e+2, -9.105e-5
9.141e+2, -9.171e-5
9.142e+2, -9.163e-5
9.143e+2, -9.111e-5
9.144e+2, -9.083e-5
9.145e+2, -9.128e-5
9.146e+2, -9.131e-5
9.147e+2, -9.115e-5
9.148e+2, -9.091e-5
9.149e+2, -9.134e-5
9.150e+2, -9.144e-5
9.151e+2, -9.167e-5
9.152e+2, -9.093e-5
9.153e+2, -9.109e-5
9.154e+2, -9.126e-5
9.155e+2, -9.112e-5
9.156e+2, -9.107e-5
9.157e+2, -9.058e-5
9.158e+2, -8.657e-5
9.159e+2, -6.869e-5
9.160e+2, -6.848e-5
9.161e+2, -6.834e-5
9.162e+2, -6.804e-5
9.163e+2, -6.818e-5
9.164e+2, -6.853e-5
9.165e+2, -6.847e-5
9.166e+2, -6.874e-5
9.167e+2, -6.886e-5
9.168e+2, -6.876e-5
9.169e+2, -6.863e-5
9.170e+2, -6.879e-5
9.171e+2, -6.882e-5
9.172e+2, -6.883e-5
9.173e+2, -6.823e-5
9.174e+2, -6.883e-5
9.175e+2, -6.867e-5
9.176e+2, -6.876e-5
9.177e+2, -6.880e-5
9.178e+2, -6.823e-5
9.179e+2, -6.881e-5
9.180e+2, -6.896e-5
9.181e+2, -6.882e-5
9.182e+2, -6.862e-5
9.183e+2, -6.851e-5
9.184e+2, -6.854e-5
9.185e+2, -6.839e-5
9.186e+2, -6.829e-5
9.187e+2, -6.861e-5
9.188e+2, -6.894e-5
9.189e+2, -6.866e-5
9.190e+2, -6.871e-5
9.191e+2, -6.843e-5
9.192e+2, -6.859e-5
9.193e+2, -6.878e-5
9.194e+2, -6.864e-5
9.195e+2, -6.828e-5
9.196e+2, -6.919e-5
9.197e+2, -6.858e-5
9.198e+2, -6.846e-5
9.199e+2, -6.850e-5
9.200e+2, -6.862e-5
9.201e+2, -6.854e-5
9.202e+2, -6.857e-5
9.203e+2, -6.849e-5
9.204e+2, -6.852e-5
9.205e+2, -6.894e-5
9.206e+2, -6.829e-5
9.207e+2, -6.849e-5
9.208e+2, -6.839e-5
9.209e+2, -6.837e-5
9.210e+2, -6.857e-5
9.211e+2, -6.853e-5
9.212e+2, -6.806e-5
9.213e+2, -6.890e-5
9.214e+2, -6.876e-5
9.215e+2, -6.833e-5
9.216e+2, -6.824e-5
9.217e+2, -6.829e-5
9.218e+2, -6.842e-5
9.219e+2, -6.832e-5
9.220e+2, -6.816e-5
9.221e+2, -6.806e-5
9.222e+2, -6.882e-5
9.223e+2, -6.832e-5
9.224e+2, -6.836e-5
9.225e+2, -6.849e-5
9.226e+2, -6.848e-5
9.227e+2, -6.831e-5
9.228e+2, -6.813e-5
9.229e+2, -6.865e-5
9.230e+2, -6.866e-5
9.231e+2, -6.826e-5
9.232e+2, -6.855e-5
9.233e+2, -6.851e-5
9.234e+2, -6.859e-5
9.235e+2, -6.844e-5
9.236e+2, -6.761e-5
9.237e+2, -6.891e-5
9.238e+2, -6.863e-5
9.239e+2, -6.795e-5
9.240e+2, -6.637e-5
9.241e+2, -4.559e-5
9.242e+2, -4.513e-5
9.243e+2, -4.521e-5
9.244e+2, -4.530e-5
9.245e+2, -4.495e-5
9.246e+2, -4.539e-5
9.247e+2, -4.539e-5
9.248e+2, -4.547e-5
9.249e+2, -4.550e-5
9.250e+2, -4.566e-5
9.251e+2, -4.563e-5
9.252e+2, -4.540e-5
9.253e+2, -4.546e-5
9.254e+2, -4.570e-5
9.255e+2, -4.554e-5
9.256e+2, -4.545e-5
9.257e+2, -4.552e-5
9.258e+2, -4.555e-5
9.259e+2, -4.541e-5
9.260e+2, -4.561e-5
9.261e+2, -4.543e-5
9.262e+2, -4.531e-5
9.263e+2, -4.557e-5
9.264e+2, -4.552e-5
9.265e+2, -4.531e-5
9.266e+2, -4.546e-5
9.267e+2, -4.560e-5
9.268e+2, -4.543e-5
9.269e+2, -4.546e-5
9.270e+2, -4.547e-5
9.271e+2, -4.544e-5
9.272e+2, -4.553e-5
9.273e+2, -4.547e-5
9.274e+2, -4.536e-5
9.275e+2, -4.523e-5
9.276e+2, -4.552e-5
9.277e+2, -4.549e-5
9.278e+2, -4.535e-5
9.279e+2, -4.538e-5
9.280e+2, -4.557e-5
9.281e+2, -4.550e-5
9.282e+2, -4.560e-5
9.283e+2, -4.536e-5
9.284e+2, -4.550e-5
9.285e+2, -4.548e-5
9.286e+2, -4.548e-5
9.287e+2, -4.561e-5
9.288e+2, -4.539e-5
9.289e+2, -4.556e-5
9.290e+2, -4.543e-5
9.291e+2, -4.558e-5
9.292e+2, -4.526e-5
9.293e+2, -4.542e-5
9.294e+2, -4.589e-5
9.295e+2, -4.582e-5
9.296e+2, -4.538e-5
9.297e+2, -4.541e-5
9.298e+2, -4.559e-5
9.299e+2, -4.541e-5
9.300e+2, -4.530e-5
9.301e+2, -4.550e-5
9.302e+2, -4.532e-5
9.303e+2, -4.544e-5
9.304e+2, -4.560e-5
9.305e+2, -4.559e-5
9.306e+2, -4.559e-5
9.307e+2, -4.546e-5
9.308e+2, -4.554e-5
9.309e+2, -4.567e-5
9.310e+2, -4.539e-5
9.311e+2, -4.540e-5
9.312e+2, -4.507e-5
9.313e+2, -4.534e-5
9.314e+2, -4.534e-5
9.315e+2, -4.556e-5
9.316e+2, -4.538e-5
9.317e+2, -4.540e-5
9.318e+2, -4.530e-5
9.319e+2, -4.516e-5
9.320e+2, -4.539e-5
9.321e+2, -4.541e-5
9.322e+2, -4.398e-5
9.323e+2, -3.256e-5
9.324e+2, -3.270e-5
9.325e+2, -3.282e-5
9.326e+2, -3.266e-5
9.327e+2, -3.264e-5
9.328e+2, -3.274e-5
9.329e+2, -3.270e-5
9.330e+2, -3.306e-5
9.331e+2, -3.292e-5
9.332e+2, -3.283e-5
9.333e+2, -3.290e-5
9.334e+2, -3.281e-5
9.335e+2, -3.269e-5
9.336e+2, -3.277e-5
9.337e+2, -3.255e-5
9.338e+2, -3.256e-5
9.339e+2, -3.276e-5
9.340e+2, -3.277e-5
9.341e+2, -3.286e-5
9.342e+2, -3.282e-5
9.343e+2, -3.273e-5
9.344e+2, -3.280e-5
9.345e+2, -3.283e-5
9.346e+2, -3.277e-5
9.347e+2, -3.299e-5
9.348e+2, -3.296e-5
9.349e+2, -3.278e-5
9.350e+2, -3.266e-5
9.351e+2, -3.271e-5
9.352e+2, -3.281e-5
9.353e+2, -3.290e-5
9.354e+2, -3.284e-5
9.355e+2, -3.298e-5
9.356e+2, -3.274e-5
9.357e+2, -3.297e-5
9.358e+2, -3.258e-5
9.359e+2, -3.270e-5
9.360e+2, -3.279e-5
9.361e+2, -3.283e-5
9.362e+2, -3.282e-5
9.363e+2, -3.292e-5
9.364e+2, -3.284e-5
9.365e+2, -3.274e-5
9.366e+2, -3.298e-5
9.367e+2, -3.272e-5
9.368e+2, -3.273e-5
9.369e+2, -3.254e-5
9.370e+2, -3.278e-5
9.371e+2, -3.290e-5
9.372e+2, -3.289e-5
9.373e+2, -3.288e-5
9.374e+2, -3.268e-5
9.375e+2, -3.280e-5
9.376e+2, -3.297e-5
9.377e+2, -3.287e-5
9.378e+2, -3.279e-5
9.379e+2, -3.290e-5
9.380e+2, -3.296e-5
9.381e+2, -3.293e-5
9.382e+2, -3.264e-5
9.383e+2, -3.289e-5
9.384e+2, -3.293e-5
9.385e+2, -3.321e-5
9.386e+2, -3.309e-5
9.387e+2, -3.290e-5
9.388e+2, -3.289e-5
9.389e+2, -3.289e-5
9.390e+2, -3.279e-5
9.391e+2, -3.287e-5
9.392e+2, -3.279e-5
9.393e+2, -3.284e-5
9.394e+2, -3.289e-5
9.395e+2, -3.286e-5
9.396e+2, -3.294e-5
9.397e+2, -3.286e-5
9.398e+2, -3.284e-5
9.399e+2, -3.257e-5
9.400e+2, -3.306e-5
9.401e+2, -3.311e-5
9.402e+2, -3.290e-5
9.403e+2, -3.290e-5
9.404e+2, -3.268e-5
9.405e+2, -2.771e-5
9.406e+2, -2.739e-5
9.407e+2, -2.768e-5
9.408e+2, -2.756e-5
9.409e+2, -2.750e-5
9.410e+2, -2.760e-5
9.411e+2, -2.771e-5
9.412e+2, -2.774e-5
9.413e+2, -2.769e-5
9.414e+2, -2.781e-5
9.415e+2, -2.792e-5
9.416e+2, -2.778e-5
9.417e+2, -2.771e-5
9.418e+2, -2.784e-5
9.419e+2, -2.787e-5
9.420e+2, -2.789e-5
9.421e+2, -2.786e-5
9.422e+2, -2.792e-5
9.423e+2, -2.800e-5
9.424e+2, -2.791e-5
9.425e+2, -2.786e-5
9.426e+2, -2.789e-5
9.427e+2, -2.786e-5
9.428e+2, -2.779e-5
9.429e+2, -2.775e-5
9.430e+2, -2.779e-5
9.431e+2, -2.770e-5
9.432e+2, -2.777e-5
9.433e+2, -2.796e-5
9.434e+2, -2.773e-5
9.435e+2, -2.766e-5
9.436e+2, -2.781e-5
9.437e+2, -2.777e-5
9.438e+2, -2.761e-5
9.439e+2, -2.769e-5
9.440e+2, -2.787e-5
9.441e+2, -2.782e-5
9.442e+2, -2.765e-5
9.443e+2, -2.778e-5
9.444e+2, -2.770e-5
9.445e+2, -2.781e-5
9.446e+2, -2.772e-5
9.447e+2, -2.769e-5
9.448e+2, -2.757e-5
9.449e+2, -2.792e-5
9.450e+2, -2.779e-5
9.451e+2, -2.770e-5
9.452e+2, -2.764e-5
9.453e+2, -2.770e-5
9.454e+2, -2.767e-5
9.455e+2, -2.777e-5
9.456e+2, -2.769e-5
9.457e+2, -2.776e-5
9.458e+2, -2.779e-5
9.459e+2, -2.805e-5
9.460e+2, -2.780e-5
9.461e+2, -2.786e-5
9.462e+2, -2.782e-5
9.463e+2, -2.764e-5
9.464e+2, -2.772e-5
9.465e+2, -2.768e-5
9.466e+2, -2.770e-5
9.467e+2, -2.768e-5
9.468e+2, -2.784e-5
9.469e+2, -2.775e-5
9.470e+2, -2.774e-5
9.471e+2, -2.775e-5
9.472e+2, -2.788e-5
9.473e+2, -2.786e-5
9.474e+2, -2.787e-5
9.475e+2, -2.776e-5
9.476e+2, -2.771e-5
9.477e+2, -2.794e-5
9.478e+2, -2.794e-5
9.479e+2, -2.783e-5
9.480e+2, -2.774e-5
9.481e+2, -2.785e-5
9.482e+2, -2.784e-5
9.483e+2, -2.768e-5
9.484e+2, -2.794e-5
9.485e+2, -2.777e-5
9.486e+2, -2.752e-5
9.487e+2, -2.754e-5
9.488e+2, -2.762e-5
9.489e+2, -2.762e-5
9.490e+2, -2.757e-5
9.491e+2, -2.760e-5
9.492e+2, -2.765e-5
9.493e+2, -2.772e-5
9.494e+2, -2.791e-5
9.495e+2, -2.794e-5
9.496e+2, -2.782e-5
9.497e+2, -2.779e-5
9.498e+2, -2.787e-5
9.499e+2, -2.785e-5
9.500e+2, -2.782e-5
9.501e+2, -2.789e-5
9.502e+2, -2.796e-5
9.503e+2, -2.791e-5
9.504e+2, -2.801e-5
9.505e+2, -2.793e-5
9.506e+2, -2.796e-5
9.507e+2, -2.791e-5
9.508e+2, -2.795e-5
9.509e+2, -2.802e-5
9.510e+2, -2.808e-5
9.511e+2, -2.798e-5
9.512e+2, -2.804e-5
9.513e+2, -2.801e-5
9.514e+2, -2.800e-5
9.515e+2, -2.799e-5
9.516e+2, -2.796e-5
9.517e+2, -2.788e-5
9.518e+2, -2.785e-5
9.519e+2, -2.796e-5
9.520e+2, -2.793e-5
9.521e+2, -2.789e-5
9.522e+2, -2.783e-5
9.523e+2, -2.792e-5
9.524e+2, -2.789e-5
9.525e+2, -2.775e-5
9.526e+2, -2.789e-5
9.527e+2, -2.789e-5
9.528e+2, -2.789e-5
9.529e+2, -2.789e-5
9.530e+2, -2.790e-5
9.531e+2, -2.792e-5
9.532e+2, -2.790e-5
9.533e+2, -2.787e-5
9.534e+2, -2.786e-5
9.535e+2, -2.798e-5
9.536e+2, -2.792e-5
9.537e+2, -2.795e-5
9.538e+2, -2.791e-5
9.539e+2, -2.795e-5
9.540e+2, -2.786e-5
9.541e+2, -2.777e-5
9.542e+2, -2.786e-5
9.543e+2, -2.787e-5
9.544e+2, -2.779e-5
9.545e+2, -2.796e-5
9.546e+2, -2.795e-5
9.547e+2, -2.785e-5
9.548e+2, -2.780e-5
9.549e+2, -2.793e-5
9.550e+2, -2.784e-5
9.551e+2, -2.789e-5
9.552e+2, -2.766e-5
9.553e+2, -2.764e-5
9.554e+2, -2.788e-5
9.555e+2, -2.790e-5
9.556e+2, -2.787e-5
9.557e+2, -2.781e-5
9.558e+2, -2.782e-5
9.559e+2, -2.778e-5
9.560e+2, -2.790e-5
9.561e+2, -2.778e-5
9.562e+2, -2.780e-5
9.563e+2, -2.783e-5
9.564e+2, -2.791e-5
9.565e+2, -2.789e-5
9.566e+2, -2.794e-5
9.567e+2, -2.792e-5
9.568e+2, -2.796e-5
9.569e+2, -3.730e-5
9.570e+2, -3.759e-5
9.571e+2, -3.794e-5
9.572e+2, -3.787e-5
9.573e+2, -3.784e-5
9.574e+2, -3.789e-5
9.575e+2, -3.786e-5
9.576e+2, -3.788e-5
9.577e+2, -3.777e-5
9.578e+2, -3.816e-5
9.579e+2, -3.818e-5
9.580e+2, -3.810e-5
9.581e+2, -3.796e-5
9.582e+2, -3.797e-5
9.583e+2, -3.769e-5
9.584e+2, -3.767e-5
9.585e+2, -3.742e-5
9.586e+2, -3.784e-5
9.587e+2, -3.776e-5
9.588e+2, -3.774e-5
9.589e+2, -3.754e-5
9.590e+2, -3.784e-5
9.591e+2, -3.763e-5
9.592e+2, -3.763e-5
9.593e+2, -3.753e-5
9.594e+2, -3.781e-5
9.595e+2, -3.753e-5
9.596e+2, -3.783e-5
9.597e+2, -3.767e-5
9.598e+2, -3.767e-5
9.599e+2, -3.783e-5
9.600e+2, -3.788e-5
9.601e+2, -3.748e-5
9.602e+2, -3.761e-5
9.603e+2, -3.766e-5
9.604e+2, -3.762e-5
9.605e+2, -3.767e-5
9.606e+2, -3.787e-5
9.607e+2, -3.796e-5
9.608e+2, -3.789e-5
9.609e+2, -3.771e-5
9.610e+2, -3.765e-5
9.611e+2, -3.773e-5
9.612e+2, -3.758e-5
9.613e+2, -3.725e-5
9.614e+2, -3.765e-5
9.615e+2, -3.781e-5
9.616e+2, -3.806e-5
9.617e+2, -3.766e-5
9.618e+2, -3.784e-5
9.619e+2, -3.786e-5
9.620e+2, -3.794e-5
9.621e+2, -3.805e-5
9.622e+2, -3.775e-5
9.623e+2, -3.773e-5
9.624e+2, -3.772e-5
9.625e+2, -3.784e-5
9.626e+2, -3.772e-5
9.627e+2, -3.798e-5
9.628e+2, -3.771e-5
9.629e+2, -3.771e-5
9.630e+2, -3.776e-5
9.631e+2, -3.752e-5
9.632e+2, -3.749e-5
9.633e+2, -3.785e-5
9.634e+2, -3.784e-5
9.635e+2, -3.791e-5
9.636e+2, -3.771e-5
9.637e+2, -3.776e-5
9.638e+2, -3.777e-5
9.639e+2, -3.764e-5
9.640e+2, -3.760e-5
9.641e+2, -3.778e-5
9.642e+2, -3.819e-5
9.643e+2, -3.782e-5
9.644e+2, -3.794e-5
9.645e+2, -3.781e-5
9.646e+2, -3.793e-5
9.647e+2, -3.771e-5
9.648e+2, -3.768e-5
9.649e+2, -3.760e-5
9.650e+2, -3.785e-5
9.651e+2, -6.382e-5
9.652e+2, -6.993e-5
9.653e+2, -6.944e-5
9.654e+2, -6.953e-5
9.655e+2, -6.936e-5
9.656e+2, -6.907e-5
9.657e+2, -6.915e-5
9.658e+2, -6.959e-5
9.659e+2, -6.941e-5
9.660e+2, -6.953e-5
9.661e+2, -6.965e-5
9.662e+2, -6.944e-5
9.663e+2, -6.969e-5
9.664e+2, -6.936e-5
9.665e+2, -6.924e-5
9.666e+2, -6.968e-5
9.667e+2, -6.946e-5
9.668e+2, -6.986e-5
9.669e+2, -7.003e-5
9.670e+2, -6.962e-5
9.671e+2, -6.956e-5
9.672e+2, -6.965e-5
9.673e+2, -6.966e-5
9.674e+2, -6.985e-5
9.675e+2, -6.920e-5
9.676e+2, -7.011e-5
9.677e+2, -6.965e-5
9.678e+2, -6.927e-5
9.679e+2, -6.932e-5
9.680e+2, -6.933e-5
9.681e+2, -6.968e-5
9.682e+2, -6.957e-5
9.683e+2, -6.944e-5
9.684e+2, -6.981e-5
9.685e+2, -6.956e-5
9.686e+2, -6.969e-5
9.687e+2, -6.974e-5
9.688e+2, -7.003e-5
9.689e+2, -6.990e-5
9.690e+2, -6.975e-5
9.691e+2, -6.906e-5
9.692e+2, -6.938e-5
9.693e+2, -6.917e-5
9.694e+2, -6.955e-5
9.695e+2, -6.974e-5
9.696e+2, -6.966e-5
9.697e+2, -6.951e-5
9.698e+2, -6.961e-5
9.699e+2, -6.933e-5
9.700e+2, -6.943e-5
9.701e+2, -6.921e-5
9.702e+2, -6.962e-5
9.703e+2, -7.021e-5
9.704e+2, -7.043e-5
9.705e+2, -6.975e-5
9.706e+2, -6.947e-5
9.707e+2, -6.936e-5
9.708e+2, -6.967e-5
9.709e+2, -6.966e-5
9.710e+2, -6.977e-5
9.711e+2, -6.935e-5
9.712e+2, -6.974e-5
9.713e+2, -6.979e-5
9.714e+2, -6.987e-5
9.715e+2, -6.969e-5
9.716e+2, -6.994e-5
9.717e+2, -6.963e-5
9.718e+2, -6.937e-5
9.719e+2, -6.969e-5
9.720e+2, -6.969e-5
9.721e+2, -6.936e-5
9.722e+2, -6.962e-5
9.723e+2, -6.964e-5
9.724e+2, -6.966e-5
9.725e+2, -6.953e-5
9.726e+2, -6.958e-5
9.727e+2, -6.961e-5
9.728e+2, -6.960e-5
9.729e+2, -6.963e-5
9.730e+2, -6.973e-5
9.731e+2, -6.999e-5
9.732e+2, -7.081e-5
9.733e+2, -1.094e-4
9.734e+2, -1.123e-4
9.735e+2, -1.122e-4
9.736e+2, -1.114e-4
9.737e+2, -1.115e-4
9.738e+2, -1.119e-4
9.739e+2, -1.120e-4
9.740e+2, -1.121e-4
9.741e+2, -1.122e-4
9.742e+2, -1.129e-4
9.743e+2, -1.120e-4
9.744e+2, -1.121e-4
9.745e+2, -1.124e-4
9.746e+2, -1.121e-4
9.747e+2, -1.118e-4
9.748e+2, -1.112e-4
9.749e+2, -1.116e-4
9.750e+2, -1.122e-4
9.751e+2, -1.124e-4
9.752e+2, -1.120e-4
9.753e+2, -1.122e-4
9.754e+2, -1.119e-4
9.755e+2, -1.116e-4
9.756e+2, -1.121e-4
9.757e+2, -1.114e-4
9.758e+2, -1.117e-4
9.759e+2, -1.120e-4
9.760e+2, -1.121e-4
9.761e+2, -1.122e-4
9.762e+2, -1.122e-4
9.763e+2, -1.119e-4
9.764e+2, -1.121e-4
9.765e+2, -1.118e-4
9.766e+2, -1.117e-4
9.767e+2, -1.120e-4
9.768e+2, -1.115e-4
9.769e+2, -1.125e-4
9.770e+2, -1.124e-4
9.771e+2, -1.119e-4
9.772e+2, -1.120e-4
9.773e+2, -1.120e-4
9.774e+2, -1.119e-4
9.775e+2, -1.117e-4
9.776e+2, -1.121e-4
9.777e+2, -1.124e-4
9.778e+2, -1.116e-4
9.779e+2, -1.122e-4
9.780e+2, -1.121e-4
9.781e+2, -1.116e-4
9.782e+2, -1.121e-4
9.783e+2, -1.118e-4
9.784e+2, -1.115e-4
9.785e+2, -1.115e-4
9.786e+2, -1.116e-4
9.787e+2, -1.126e-4
9.788e+2, -1.125e-4
9.789e+2, -1.121e-4
9.790e+2, -1.123e-4
9.791e+2, -1.121e-4
9.792e+2, -1.117e-4
9.793e+2, -1.117e-4
9.794e+2, -1.116e-4
9.795e+2, -1.115e-4
9.796e+2, -1.120e-4
9.797e+2, -1.122e-4
9.798e+2, -1.120e-4
9.799e+2, -1.119e-4
9.800e+2, -1.116e-4
9.801e+2, -1.125e-4
9.802e+2, -1.127e-4
9.803e+2, -1.120e-4
9.804e+2, -1.121e-4
9.805e+2, -1.118e-4
9.806e+2, -1.117e-4
9.807e+2, -1.122e-4
9.808e+2, -1.119e-4
9.809e+2, -1.122e-4
9.810e+2, -1.124e-4
9.811e+2, -1.124e-4
9.812e+2, -1.125e-4
9.813e+2, -1.125e-4
9.814e+2, -1.119e-4
9.815e+2, -1.379e-4
9.816e+2, -1.401e-4
9.817e+2, -1.399e-4
9.818e+2, -1.402e-4
9.819e+2, -1.408e-4
9.820e+2, -1.409e-4
9.821e+2, -1.409e-4
9.822e+2, -1.407e-4
9.823e+2, -1.408e-4
9.824e+2, -1.404e-4
9.825e+2, -1.410e-4
9.826e+2, -1.406e-4
9.827e+2, -1.409e-4
9.828e+2, -1.403e-4
9.829e+2, -1.405e-4
9.830e+2, -1.406e-4
9.831e+2, -1.405e-4
9.832e+2, -1.408e-4
9.833e+2, -1.405e-4
9.834e+2, -1.406e-4
9.835e+2, -1.405e-4
9.836e+2, -1.403e-4
9.837e+2, -1.402e-4
9.838e+2, -1.408e-4
9.839e+2, -1.411e-4
9.840e+2, -1.407e-4
9.841e+2, -1.403e-4
9.842e+2, -1.402e-4
9.843e+2, -1.400e-4
9.844e+2, -1.409e-4
9.845e+2, -1.404e-4
9.846e+2, -1.406e-4
9.847e+2, -1.406e-4
9.848e+2, -1.413e-4
9.849e+2, -1.408e-4
9.850e+2, -1.406e-4
9.851e+2, -1.406e-4
9.852e+2, -1.407e-4
9.853e+2, -1.407e-4
9.854e+2, -1.404e-4
9.855e+2, -1.407e-4
9.856e+2, -1.407e-4
9.857e+2, -1.408e-4
9.858e+2, -1.413e-4
9.859e+2, -1.402e-4
9.860e+2, -1.406e-4
9.861e+2, -1.411e-4
9.862e+2, -1.406e-4
9.863e+2, -1.403e-4
9.864e+2, -1.395e-4
9.865e+2, -1.406e-4
9.866e+2, -1.404e-4
9.867e+2, -1.405e-4
9.868e+2, -1.403e-4
9.869e+2, -1.407e-4
9.870e+2, -1.405e-4
9.871e+2, -1.408e-4
9.872e+2, -1.403e-4
9.873e+2, -1.397e-4
9.874e+2, -1.412e-4
9.875e+2, -1.407e-4
9.876e+2, -1.406e-4
9.877e+2, -1.406e-4
9.878e+2, -1.408e-4
9.879e+2, -1.404e-4
9.880e+2, -1.400e-4
9.881e+2, -1.407e-4
9.882e+2, -1.402e-4
9.883e+2, -1.409e-4
9.884e+2, -1.403e-4
9.885e+2, -1.410e-4
9.886e+2, -1.406e-4
9.887e+2, -1.407e-4
9.888e+2, -1.402e-4
9.889e+2, -1.401e-4
9.890e+2, -1.410e-4
9.891e+2, -1.412e-4
9.892e+2, -1.415e-4
9.893e+2, -1.400e-4
9.894e+2, -1.404e-4
9.895e+2, -1.409e-4
9.896e+2, -1.405e-4
9.897e+2, -1.466e-4
9.898e+2, -1.482e-4
9.899e+2, -1.489e-4
9.900e+2, -1.485e-4
9.901e+2, -1.475e-4
9.902e+2, -1.484e-4
9.903e+2, -1.490e-4
9.904e+2, -1.485e-4
9.905e+2, -1.486e-4
9.906e+2, -1.487e-4
9.907e+2, -1.484e-4
9.908e+2, -1.478e-4
9.909e+2, -1.485e-4
9.910e+2, -1.484e-4
9.911e+2, -1.486e-4
9.912e+2, -1.487e-4
9.913e+2, -1.483e-4
9.914e+2, -1.485e-4
9.915e+2, -1.492e-4
9.916e+2, -1.491e-4
9.917e+2, -1.481e-4
9.918e+2, -1.489e-4
9.919e+2, -1.485e-4
9.920e+2, -1.486e-4
9.921e+2, -1.487e-4
9.922e+2, -1.483e-4
9.923e+2, -1.486e-4
9.924e+2, -1.483e-4
9.925e+2, -1.485e-4
9.926e+2, -1.485e-4
9.927e+2, -1.479e-4
9.928e+2, -1.479e-4
9.929e+2, -1.488e-4
9.930e+2, -1.484e-4
9.931e+2, -1.480e-4
9.932e+2, -1.479e-4
9.933e+2, -1.482e-4
9.934e+2, -1.487e-4
9.935e+2, -1.482e-4
9.936e+2, -1.483e-4
9.937e+2, -1.484e-4
9.938e+2, -1.485e-4
9.939e+2, -1.484e-4
9.940e+2, -1.479e-4
9.941e+2, -1.477e-4
9.942e+2, -1.486e-4
9.943e+2, -1.488e-4
9.944e+2, -1.485e-4
9.945e+2, -1.488e-4
9.946e+2, -1.489e-4
9.947e+2, -1.488e-4
9.948e+2, -1.480e-4
9.949e+2, -1.495e-4
9.950e+2, -1.494e-4
9.951e+2, -1.487e-4
9.952e+2, -1.488e-4
9.953e+2, -1.485e-4
9.954e+2, -1.484e-4
9.955e+2, -1.473e-4
9.956e+2, -1.492e-4
9.957e+2, -1.486e-4
9.958e+2, -1.490e-4
9.959e+2, -1.488e-4
9.960e+2, -1.483e-4
9.961e+2, -1.482e-4
9.962e+2, -1.486e-4
9.963e+2, -1.486e-4
9.964e+2, -1.486e-4
9.965e+2, -1.481e-4
9.966e+2, -1.485e-4
9.967e+2, -1.484e-4
9.968e+2, -1.481e-4
9.969e+2, -1.484e-4
9.970e+2, -1.487e-4
9.971e+2, -1.485e-4
9.972e+2, -1.484e-4
9.973e+2, -1.483e-4
9.974e+2, -1.487e-4
9.975e+2, -1.476e-4
9.976e+2, -1.480e-4
9.977e+2, -1.486e-4
9.978e+2, -1.482e-4
9.979e+2, -1.488e-4
9.980e+2, -1.499e-4
9.981e+2, -1.500e-4
9.982e+2, -1.501e-4
9.983e+2, -1.500e-4
9.984e+2, -1.515e-4
9.985e+2, -1.515e-4
9.986e+2, -1.510e-4
9.987e+2, -1.509e-4
9.988e+2, -1.511e-4
9.989e+2, -1.512e-4
9.990e+2, -1.519e-4
9.991e+2, -1.511e-4
9.992e+2, -1.516e-4
9.993e+2, -1.521e-4
9.994e+2, -1.509e-4
9.995e+2, -1.510e-4
9.996e+2, -1.513e-4
9.997e+2, -1.516e-4
9.998e+2, -1.514e-4
9.999e+2, -1.509e-4
1.000e+3, -1.506e-4
1.000e+3, -1.509e-4
1.000e+3, -1.513e-4
1.000e+3, -1.514e-4
1.000e+3, -1.509e-4
1.001e+3, -1.509e-4
1.001e+3, -1.508e-4
1.001e+3, -1.507e-4
1.001e+3, -1.502e-4
1.001e+3, -1.508e-4
1.001e+3, -1.504e-4
1.001e+3, -1.513e-4
1.001e+3, -1.508e-4
1.001e+3, -1.507e-4
1.001e+3, -1.507e-4
1.002e+3, -1.509e-4
1.002e+3, -1.503e-4
1.002e+3, -1.505e-4
1.002e+3, -1.517e-4
1.002e+3, -1.508e-4
1.002e+3, -1.516e-4
1.002e+3, -1.510e-4
1.002e+3, -1.511e-4
1.002e+3, -1.513e-4
1.002e+3, -1.509e-4
1.003e+3, -1.505e-4
1.003e+3, -1.507e-4
1.003e+3, -1.513e-4
1.003e+3, -1.513e-4
1.003e+3, -1.513e-4
1.003e+3, -1.514e-4
1.003e+3, -1.513e-4
1.003e+3, -1.509e-4
1.003e+3, -1.506e-4
1.003e+3, -1.515e-4
1.004e+3, -1.513e-4
1.004e+3, -1.513e-4
1.004e+3, -1.510e-4
1.004e+3, -1.507e-4
1.004e+3, -1.512e-4
1.004e+3, -1.515e-4
1.004e+3, -1.512e-4
1.004e+3, -1.508e-4
1.004e+3, -1.514e-4
1.004e+3, -1.514e-4
1.005e+3, -1.513e-4
1.005e+3, -1.508e-4
1.005e+3, -1.512e-4
1.005e+3, -1.512e-4
1.005e+3, -1.513e-4
1.005e+3, -1.514e-4
1.005e+3, -1.507e-4
1.005e+3, -1.510e-4
1.005e+3, -1.513e-4
1.005e+3, -1.509e-4
1.006e+3, -1.507e-4
1.006e+3, -1.509e-4
1.006e+3, -1.509e-4
1.006e+3, -1.514e-4
1.006e+3, -1.508e-4
1.006e+3, -1.505e-4
1.006e+3, -1.463e-4
1.006e+3, -1.475e-4
1.006e+3, -1.658e-4
1.006e+3, -6.543e-5
1.007e+3, -9.646e-7
1.007e+3, -1.161e-4
1.007e+3, -2.096e-4
1.007e+3, -2.090e-4
1.007e+3, -2.099e-4
1.007e+3, -2.102e-4
1.007e+3, -2.097e-4
1.007e+3, -2.096e-4
1.007e+3, -2.099e-4
1.007e+3, -2.101e-4
1.008e+3, -2.108e-4
1.008e+3, -2.096e-4
1.008e+3, -2.097e-4
1.008e+3, -2.089e-4
1.008e+3, -2.095e-4
1.008e+3, -2.100e-4
1.008e+3, -2.104e-4
1.008e+3, -2.109e-4
1.008e+3, -2.104e-4
1.008e+3, -2.115e-4
1.009e+3, -2.094e-4
1.009e+3, -2.095e-4
1.009e+3, -2.096e-4
1.009e+3, -2.102e-4
1.009e+3, -2.099e-4
1.009e+3, -2.093e-4
1.009e+3, -2.102e-4
1.009e+3, -2.109e-4
1.009e+3, -2.099e-4
1.009e+3, -2.102e-4
1.010e+3, -2.097e-4
1.010e+3, -2.097e-4
1.010e+3, -2.084e-4
1.010e+3, -2.092e-4
1.010e+3, -2.093e-4
1.010e+3, -2.092e-4
1.010e+3, -2.110e-4
1.010e+3, -2.098e-4
1.010e+3, -2.094e-4
1.010e+3, -2.099e-4
1.011e+3, -2.096e-4
1.011e+3, -2.102e-4
1.011e+3, -2.091e-4
1.011e+3, -2.088e-4
1.011e+3, -2.107e-4
1.011e+3, -2.100e-4
1.011e+3, -2.091e-4
1.011e+3, -2.096e-4
1.011e+3, -2.097e-4
1.011e+3, -2.092e-4
1.012e+3, -2.094e-4
1.012e+3, -2.092e-4
1.012e+3, -2.087e-4
1.012e+3, -2.091e-4
1.012e+3, -2.096e-4
1.012e+3, -2.095e-4
1.012e+3, -2.104e-4
1.012e+3, -2.099e-4
1.012e+3, -2.093e-4
1.012e+3, -2.092e-4
1.012e+3, -2.094e-4
1.013e+3, -2.100e-4
1.013e+3, -2.098e-4
1.013e+3, -2.096e-4
1.013e+3, -2.093e-4
1.013e+3, -2.091e-4
1.013e+3, -2.093e-4
1.013e+3, -2.091e-4
1.013e+3, -2.094e-4
1.013e+3, -2.097e-4
1.013e+3, -2.108e-4
1.014e+3, -2.099e-4
1.014e+3, -2.096e-4
1.014e+3, -2.094e-4
1.014e+3, -2.102e-4
1.014e+3, -2.099e-4
1.014e+3, -2.072e-4
1.014e+3, -2.104e-4
1.014e+3, -2.106e-4
1.014e+3, -2.094e-4
1.014e+3, -2.093e-4
1.015e+3, -2.096e-4
1.015e+3, -2.099e-4
1.015e+3, -2.097e-4
1.015e+3, -2.082e-4
1.015e+3, -2.097e-4
1.015e+3, -2.098e-4
1.015e+3, -2.096e-4
1.015e+3, -2.083e-4
1.015e+3, -2.092e-4
1.015e+3, -2.097e-4
1.016e+3, -2.094e-4
1.016e+3, -2.091e-4
1.016e+3, -2.081e-4
1.016e+3, -2.098e-4
1.016e+3, -2.102e-4
1.016e+3, -2.090e-4
1.016e+3, -2.089e-4
1.016e+3, -2.092e-4
1.016e+3, -2.097e-4
1.016e+3, -2.098e-4
1.017e+3, -2.094e-4
1.017e+3, -2.088e-4
1.017e+3, -2.103e-4
1.017e+3, -2.102e-4
1.017e+3, -2.092e-4
1.017e+3, -2.096e-4
1.017e+3, -2.098e-4
1.017e+3, -2.098e-4
1.017e+3, -2.086e-4
1.017e+3, -2.084e-4
1.018e+3, -2.094e-4
1.018e+3, -2.094e-4
1.018e+3, -2.095e-4
1.018e+3, -2.063e-4
1.018e+3, -1.907e-4
1.018e+3, -1.914e-4
1.018e+3, -1.913e-4
1.018e+3, -1.905e-4
1.018e+3, -1.907e-4
1.018e+3, -1.926e-4
1.019e+3, -1.923e-4
1.019e+3, -1.922e-4
1.019e+3, -1.918e-4
1.019e+3, -1.920e-4
1.019e+3, -1.923e-4
1.019e+3, -1.922e-4
1.019e+3, -1.918e-4
1.019e+3, -1.916e-4
1.019e+3, -1.923e-4
1.019e+3, -1.915e-4
1.020e+3, -1.914e-4
1.020e+3, -1.926e-4
1.020e+3, -1.925e-4
1.020e+3, -1.925e-4
1.020e+3, -1.924e-4
1.020e+3, -1.926e-4
1.020e+3, -1.923e-4
1.020e+3, -1.932e-4
1.020e+3, -1.929e-4
1.020e+3, -1.930e-4
1.021e+3, -1.927e-4
1.021e+3, -1.927e-4
1.021e+3, -1.924e-4
1.021e+3, -1.910e-4
1.021e+3, -1.924e-4
1.021e+3, -1.926e-4
1.021e+3, -1.923e-4
1.021e+3, -1.916e-4
1.021e+3, -1.922e-4
1.021e+3, -1.926e-4
1.022e+3, -1.922e-4
1.022e+3, -1.912e-4
1.022e+3, -1.935e-4
1.022e+3, -1.924e-4
1.022e+3, -1.922e-4
1.022e+3, -1.918e-4
1.022e+3, -1.922e-4
1.022e+3, -1.926e-4
1.022e+3, -1.926e-4
1.022e+3, -1.896e-4
1.023e+3, -1.940e-4
1.023e+3, -1.927e-4
1.023e+3, -1.921e-4
1.023e+3, -1.917e-4
1.023e+3, -1.918e-4
1.023e+3, -1.923e-4
1.023e+3, -1.914e-4
1.023e+3, -1.907e-4
1.023e+3, -1.927e-4
1.023e+3, -1.918e-4
1.024e+3, -1.918e-4
1.024e+3, -1.919e-4
1.024e+3, -1.915e-4
1.024e+3, -1.917e-4
1.024e+3, -1.919e-4
1.024e+3, -1.919e-4
1.024e+3, -1.917e-4
1.024e+3, -1.918e-4
1.024e+3, -1.919e-4
1.024e+3, -1.921e-4
1.025e+3, -1.921e-4
1.025e+3, -1.924e-4
1.025e+3, -1.926e-4
1.025e+3, -1.918e-4
1.025e+3, -1.917e-4
1.025e+3, -1.918e-4
1.025e+3, -1.923e-4
1.025e+3, -1.922e-4
1.025e+3, -1.922e-4
1.025e+3, -1.916e-4
1.026e+3, -1.926e-4
1.026e+3, -1.928e-4
1.026e+3, -1.927e-4
1.026e+3, -1.928e-4
1.026e+3, -1.926e-4
1.026e+3, -1.899e-4
1.026e+3, -1.877e-4
1.026e+3, -1.882e-4
1.026e+3, -1.885e-4
1.026e+3, -1.880e-4
1.027e+3, -1.883e-4
1.027e+3, -1.893e-4
1.027e+3, -1.889e-4
1.027e+3, -1.892e-4
1.027e+3, -1.887e-4
1.027e+3, -1.885e-4
1.027e+3, -1.895e-4
1.027e+3, -1.898e-4
1.027e+3, -1.889e-4
1.027e+3, -1.890e-4
1.028e+3, -1.890e-4
1.028e+3, -1.891e-4
1.028e+3, -1.884e-4
1.028e+3, -1.882e-4
1.028e+3, -1.895e-4
1.028e+3, -1.884e-4
1.028e+3, -1.895e-4
1.028e+3, -1.885e-4
1.028e+3, -1.890e-4
1.028e+3, -1.889e-4
1.029e+3, -1.888e-4
1.029e+3, -1.888e-4
1.029e+3, -1.883e-4
1.029e+3, -1.901e-4
1.029e+3, -1.892e-4
1.029e+3, -1.889e-4
1.029e+3, -1.885e-4
1.029e+3, -1.893e-4
1.029e+3, -1.884e-4
1.029e+3, -1.886e-4
1.030e+3, -1.893e-4
1.030e+3, -1.892e-4
1.030e+3, -1.895e-4
1.030e+3, -1.896e-4
1.030e+3, -1.893e-4
1.030e+3, -1.890e-4
1.030e+3, -1.892e-4
1.030e+3, -1.895e-4
1.030e+3, -1.893e-4
1.030e+3, -1.882e-4
1.031e+3, -1.878e-4
1.031e+3, -1.900e-4
1.031e+3, -1.906e-4
1.031e+3, -1.894e-4
1.031e+3, -1.885e-4
1.031e+3, -1.890e-4
1.031e+3, -1.898e-4
1.031e+3, -1.889e-4
1.031e+3, -1.889e-4
1.031e+3, -1.872e-4
1.032e+3, -1.896e-4
1.032e+3, -1.891e-4
1.032e+3, -1.888e-4
1.032e+3, -1.885e-4
1.032e+3, -1.889e-4
1.032e+3, -1.889e-4
1.032e+3, -1.893e-4
1.032e+3, -1.889e-4
1.032e+3, -1.882e-4
1.032e+3, -1.889e-4
1.033e+3, -1.896e-4
1.033e+3, -1.890e-4
1.033e+3, -1.889e-4
1.033e+3, -1.884e-4
1.033e+3, -1.891e-4
1.033e+3, -1.886e-4
1.033e+3, -1.886e-4
1.033e+3, -1.888e-4
1.033e+3, -1.902e-4
1.033e+3, -1.907e-4
1.034e+3, -1.897e-4
1.034e+3, -1.894e-4
1.034e+3, -1.892e-4
1.034e+3, -1.893e-4
1.034e+3, -1.895e-4
1.034e+3, -1.895e-4
1.034e+3, -1.899e-4
1.034e+3, -1.892e-4
1.034e+3, -1.976e-4
1.034e+3, -1.971e-4
1.035e+3, -1.967e-4
1.035e+3, -1.971e-4
1.035e+3, -1.968e-4
1.035e+3, -1.981e-4
1.035e+3, -1.999e-4
1.035e+3, -1.997e-4
1.035e+3, -1.993e-4
1.035e+3, -1.990e-4
1.035e+3, -1.986e-4
1.035e+3, -1.979e-4
1.036e+3, -1.995e-4
1.036e+3, -1.991e-4
1.036e+3, -1.985e-4
1.036e+3, -1.985e-4
1.036e+3, -1.983e-4
1.036e+3, -1.990e-4
1.036e+3, -1.989e-4
1.036e+3, -1.993e-4
1.036e+3, -1.991e-4
1.036e+3, -1.993e-4
1.037e+3, -1.984e-4
1.037e+3, -2.000e-4
1.037e+3, -2.003e-4
1.037e+3, -1.992e-4
1.037e+3, -1.989e-4
1.037e+3, -1.986e-4
1.037e+3, -1.984e-4
1.037e+3, -1.987e-4
1.037e+3, -1.989e-4
1.037e+3, -1.987e-4
1.038e+3, -1.980e-4
1.038e+3, -2.003e-4
1.038e+3, -1.996e-4
1.038e+3, -1.992e-4
1.038e+3, -1.993e-4
1.038e+3, -1.989e-4
1.038e+3, -1.987e-4
1.038e+3, -1.990e-4
1.038e+3, -1.993e-4
1.038e+3, -1.989e-4
1.039e+3, -1.994e-4
1.039e+3, -1.997e-4
1.039e+3, -2.004e-4
1.039e+3, -1.993e-4
1.039e+3, -1.983e-4
1.039e+3, -1.995e-4
1.039e+3, -1.996e-4
1.039e+3, -1.993e-4
1.039e+3, -1.986e-4
1.039e+3, -1.998e-4
1.040e+3, -2.003e-4
1.040e+3, -1.995e-4
1.040e+3, -1.996e-4
1.040e+3, -2.001e-4
1.040e+3, -1.996e-4
1.040e+3, -1.995e-4
1.040e+3, -1.983e-4
1.040e+3, -1.987e-4
1.040e+3, -1.988e-4
1.040e+3, -1.997e-4
1.041e+3, -1.996e-4
1.041e+3, -1.991e-4
1.041e+3, -1.991e-4
1.041e+3, -1.988e-4
1.041e+3, -1.995e-4
1.041e+3, -1.995e-4
1.041e+3, -1.990e-4
1.041e+3, -1.995e-4
1.041e+3, -1.995e-4
1.041e+3, -1.992e-4
1.042e+3, -1.988e-4
1.042e+3, -1.995e-4
1.042e+3, -1.991e-4
1.042e+3, -1.992e-4
1.042e+3, -1.988e-4
1.042e+3, -1.990e-4
1.042e+3, -1.991e-4
1.042e+3, -1.990e-4
1.042e+3, -1.992e-4
1.042e+3, -1.973e-4
1.043e+3, -1.889e-4
1.043e+3, -1.899e-4
1.043e+3, -1.897e-4
1.043e+3, -1.896e-4
1.043e+3, -1.891e-4
1.043e+3, -1.904e-4
1.043e+3, -1.921e-4
1.043e+3, -1.916e-4
1.043e+3, -1.900e-4
1.043e+3, -1.909e-4
1.044e+3, -1.915e-4
1.044e+3, -1.922e-4
1.044e+3, -1.908e-4
1.044e+3, -1.932e-4
1.044e+3, -1.918e-4
1.044e+3, -1.915e-4
1.044e+3, -1.913e-4
1.044e+3, -1.915e-4
1.044e+3, -1.912e-4
1.044e+3, -1.918e-4
1.045e+3, -1.912e-4
1.045e+3, -1.904e-4
1.045e+3, -1.923e-4
1.045e+3, -1.918e-4
1.045e+3, -1.913e-4
1.045e+3, -1.914e-4
1.045e+3, -1.919e-4
1.045e+3, -1.915e-4
1.045e+3, -1.911e-4
1.045e+3, -1.922e-4
1.046e+3, -1.932e-4
1.046e+3, -1.914e-4
1.046e+3, -1.924e-4
1.046e+3, -1.912e-4
1.046e+3, -1.914e-4
1.046e+3, -1.911e-4
1.046e+3, -1.912e-4
1.046e+3, -1.919e-4
1.046e+3, -1.912e-4
1.046e+3, -1.916e-4
1.047e+3, -1.910e-4
1.047e+3, -1.915e-4
1.047e+3, -1.913e-4
1.047e+3, -1.905e-4
1.047e+3, -1.920e-4
1.047e+3, -1.923e-4
1.047e+3, -1.920e-4
1.047e+3, -1.921e-4
1.047e+3, -1.918e-4
1.047e+3, -1.903e-4
1.048e+3, -1.919e-4
1.048e+3, -1.911e-4
1.048e+3, -1.909e-4
1.048e+3, -1.910e-4
1.048e+3, -1.916e-4
1.048e+3, -1.914e-4
1.048e+3, -1.916e-4
1.048e+3, -1.913e-4
1.048e+3, -1.911e-4
1.048e+3, -1.922e-4
1.049e+3, -1.918e-4
1.049e+3, -1.917e-4
1.049e+3, -1.913e-4
1.049e+3, -1.923e-4
1.049e+3, -1.918e-4
1.049e+3, -1.915e-4
1.049e+3, -1.911e-4
1.049e+3, -1.904e-4
1.049e+3, -1.915e-4
1.049e+3, -1.912e-4
1.050e+3, -1.912e-4
1.050e+3, -1.909e-4
1.050e+3, -1.909e-4
1.050e+3, -1.910e-4
1.050e+3, -1.914e-4
1.050e+3, -1.909e-4
1.050e+3, -1.908e-4
1.050e+3, -1.916e-4
1.050e+3, -1.915e-4
1.050e+3, -1.916e-4
1.051e+3, -1.906e-4
1.051e+3, -1.877e-4
1.051e+3, -1.689e-4
1.051e+3, -1.687e-4
1.051e+3, -1.684e-4
1.051e+3, -1.682e-4
1.051e+3, -1.691e-4
1.051e+3, -1.703e-4
1.051e+3, -1.705e-4
1.051e+3, -1.702e-4
1.052e+3, -1.700e-4
1.052e+3, -1.702e-4
1.052e+3, -1.699e-4
1.052e+3, -1.697e-4
1.052e+3, -1.687e-4
1.052e+3, -1.706e-4
1.052e+3, -1.694e-4
1.052e+3, -1.697e-4
1.052e+3, -1.696e-4
1.052e+3, -1.696e-4
1.053e+3, -1.692e-4
1.053e+3, -1.693e-4
1.053e+3, -1.693e-4
1.053e+3, -1.686e-4
1.053e+3, -1.707e-4
1.053e+3, -1.699e-4
1.053e+3, -1.700e-4
1.053e+3, -1.694e-4
1.053e+3, -1.696e-4
1.053e+3, -1.697e-4
1.054e+3, -1.702e-4
1.054e+3, -1.692e-4
1.054e+3, -1.703e-4
1.054e+3, -1.707e-4
1.054e+3, -1.703e-4
1.054e+3, -1.698e-4
1.054e+3, -1.703e-4
1.054e+3, -1.704e-4
1.054e+3, -1.701e-4
1.054e+3, -1.705e-4
1.055e+3, -1.700e-4
1.055e+3, -1.693e-4
1.055e+3, -1.709e-4
1.055e+3, -1.701e-4
1.055e+3, -1.704e-4
1.055e+3, -1.701e-4
1.055e+3, -1.704e-4
1.055e+3, -1.698e-4
1.055e+3, -1.689e-4
1.055e+3, -1.709e-4
1.056e+3, -1.703e-4
1.056e+3, -1.704e-4
1.056e+3, -1.697e-4
1.056e+3, -1.700e-4
1.056e+3, -1.702e-4
1.056e+3, -1.702e-4
1.056e+3, -1.703e-4
1.056e+3, -1.696e-4
1.056e+3, -1.699e-4
1.056e+3, -1.702e-4
1.057e+3, -1.698e-4
1.057e+3, -1.702e-4
1.057e+3, -1.704e-4
1.057e+3, -1.708e-4
1.057e+3, -1.706e-4
1.057e+3, -1.701e-4
1.057e+3, -1.701e-4
1.057e+3, -1.700e-4
1.057e+3, -1.709e-4
1.057e+3, -1.707e-4
1.058e+3, -1.709e-4
1.058e+3, -1.704e-4
1.058e+3, -1.701e-4
1.058e+3, -1.697e-4
1.058e+3, -1.699e-4
1.058e+3, -1.700e-4
1.058e+3, -1.703e-4
1.058e+3, -1.695e-4
1.058e+3, -1.711e-4
1.058e+3, -1.702e-4
1.059e+3, -1.704e-4
1.059e+3, -1.705e-4
1.059e+3, -1.707e-4
1.059e+3, -1.649e-4
1.059e+3, -1.500e-4
1.059e+3, -1.491e-4
1.059e+3, -1.486e-4
1.059e+3, -1.487e-4
1.059e+3, -1.492e-4
1.059e+3, -1.505e-4
1.060e+3, -1.500e-4
1.060e+3, -1.498e-4
1.060e+3, -1.500e-4
1.060e+3, -1.493e-4
1.060e+3, -1.506e-4
1.060e+3, -1.503e-4
1.060e+3, -1.502e-4
1.060e+3, -1.502e-4
1.060e+3, -1.504e-4
1.060e+3, -1.498e-4
1.061e+3, -1.498e-4
1.061e+3, -1.496e-4
1.061e+3, -1.500e-4
1.061e+3, -1.500e-4
1.061e+3, -1.503e-4
1.061e+3, -1.491e-4
1.061e+3, -1.496e-4
1.061e+3, -1.500e-4
1.061e+3, -1.490e-4
1.061e+3, -1.482e-4
1.062e+3, -1.506e-4
1.062e+3, -1.499e-4
1.062e+3, -1.496e-4
1.062e+3, -1.497e-4
1.062e+3, -1.489e-4
1.062e+3, -1.492e-4
1.062e+3, -1.498e-4
1.062e+3, -1.494e-4
1.062e+3, -1.485e-4
1.062e+3, -1.493e-4
1.063e+3, -1.502e-4
1.063e+3, -1.494e-4
1.063e+3, -1.495e-4
1.063e+3, -1.494e-4
1.063e+3, -1.491e-4
1.063e+3, -1.496e-4
1.063e+3, -1.489e-4
1.063e+3, -1.499e-4
1.063e+3, -1.501e-4
1.063e+3, -1.499e-4
1.064e+3, -1.496e-4
1.064e+3, -1.496e-4
1.064e+3, -1.495e-4
1.064e+3, -1.498e-4
1.064e+3, -1.495e-4
1.064e+3, -1.491e-4
1.064e+3, -1.505e-4
1.064e+3, -1.500e-4
1.064e+3, -1.492e-4
1.064e+3, -1.492e-4
1.065e+3, -1.494e-4
1.065e+3, -1.500e-4
1.065e+3, -1.496e-4
1.065e+3, -1.492e-4
1.065e+3, -1.502e-4
1.065e+3, -1.501e-4
1.065e+3, -1.491e-4
1.065e+3, -1.491e-4
1.065e+3, -1.493e-4
1.065e+3, -1.493e-4
1.066e+3, -1.498e-4
1.066e+3, -1.497e-4
1.066e+3, -1.501e-4
1.066e+3, -1.499e-4
1.066e+3, -1.507e-4
1.066e+3, -1.499e-4
1.066e+3, -1.488e-4
1.066e+3, -1.492e-4
1.066e+3, -1.497e-4
1.066e+3, -1.494e-4
1.067e+3, -1.493e-4
1.067e+3, -1.502e-4
1.067e+3, -1.500e-4
1.067e+3, -1.496e-4
1.067e+3, -1.495e-4
1.067e+3, -1.468e-4
1.067e+3, -1.307e-4
1.067e+3, -1.307e-4
1.067e+3, -1.311e-4
1.067e+3, -1.314e-4
1.068e+3, -1.310e-4
1.068e+3, -1.310e-4
1.068e+3, -1.313e-4
1.068e+3, -1.313e-4
1.068e+3, -1.318e-4
1.068e+3, -1.316e-4
1.068e+3, -1.316e-4
1.068e+3, -1.315e-4
1.068e+3, -1.317e-4
1.068e+3, -1.319e-4
1.069e+3, -1.319e-4
1.069e+3, -1.324e-4
1.069e+3, -1.326e-4
1.069e+3, -1.318e-4
1.069e+3, -1.318e-4
1.069e+3, -1.320e-4
1.069e+3, -1.320e-4
1.069e+3, -1.317e-4
1.069e+3, -1.312e-4
1.069e+3, -1.312e-4
1.070e+3, -1.324e-4
1.070e+3, -1.320e-4
1.070e+3, -1.321e-4
1.070e+3, -1.321e-4
1.070e+3, -1.319e-4
1.070e+3, -1.311e-4
1.070e+3, -1.310e-4
1.070e+3, -1.322e-4
1.070e+3, -1.319e-4
1.070e+3, -1.314e-4
1.071e+3, -1.314e-4
1.071e+3, -1.314e-4
1.071e+3, -1.315e-4
1.071e+3, -1.313e-4
1.071e+3, -1.311e-4
1.071e+3, -1.317e-4
1.071e+3, -1.323e-4
1.071e+3, -1.314e-4
1.071e+3, -1.318e-4
1.071e+3, -1.314e-4
1.072e+3, -1.310e-4
1.072e+3, -1.315e-4
1.072e+3, -1.316e-4
1.072e+3, -1.317e-4
1.072e+3, -1.320e-4
1.072e+3, -1.320e-4
1.072e+3, -1.308e-4
1.072e+3, -1.311e-4
1.072e+3, -1.318e-4
1.072e+3, -1.313e-4
1.073e+3, -1.320e-4
1.073e+3, -1.311e-4
1.073e+3, -1.315e-4
1.073e+3, -1.318e-4
1.073e+3, -1.321e-4
1.073e+3, -1.306e-4
1.073e+3, -1.325e-4
1.073e+3, -1.319e-4
1.073e+3, -1.312e-4
1.073e+3, -1.316e-4
1.074e+3, -1.316e-4
1.074e+3, -1.321e-4
1.074e+3, -1.319e-4
1.074e+3, -1.317e-4
1.074e+3, -1.322e-4
1.074e+3, -1.315e-4
1.074e+3, -1.316e-4
1.074e+3, -1.313e-4
1.074e+3, -1.313e-4
1.074e+3, -1.316e-4
1.075e+3, -1.316e-4
1.075e+3, -1.313e-4
1.075e+3, -1.310e-4
1.075e+3, -1.318e-4
1.075e+3, -1.322e-4
1.075e+3, -1.319e-4
1.075e+3, -1.318e-4
1.075e+3, -1.293e-4
1.075e+3, -1.212e-4
1.075e+3, -1.209e-4
1.076e+3, -1.210e-4
1.076e+3, -1.208e-4
1.076e+3, -1.209e-4
1.076e+3, -1.211e-4
1.076e+3, -1.212e-4
1.076e+3, -1.214e-4
1.076e+3, -1.210e-4
1.076e+3, -1.209e-4
1.076e+3, -1.213e-4
1.076e+3, -1.206e-4
1.077e+3, -1.217e-4
1.077e+3, -1.218e-4
1.077e+3, -1.209e-4
1.077e+3, -1.206e-4
1.077e+3, -1.207e-4
1.077e+3, -1.209e-4
1.077e+3, -1.210e-4
1.077e+3, -1.210e-4
1.077e+3, -1.207e-4
1.077e+3, -1.220e-4
1.078e+3, -1.216e-4
1.078e+3, -1.208e-4
1.078e+3, -1.216e-4
1.078e+3, -1.211e-4
1.078e+3, -1.214e-4
1.078e+3, -1.215e-4
1.078e+3, -1.215e-4
1.078e+3, -1.216e-4
1.078e+3, -1.217e-4
1.078e+3, -1.214e-4
1.079e+3, -1.215e-4
1.079e+3, -1.213e-4
1.079e+3, -1.215e-4
1.079e+3, -1.213e-4
1.079e+3, -1.215e-4
1.079e+3, -1.207e-4
1.079e+3, -1.207e-4
1.079e+3, -1.221e-4
1.079e+3, -1.213e-4
1.079e+3, -1.216e-4
1.080e+3, -1.212e-4
1.080e+3, -1.212e-4
1.080e+3, -1.216e-4
1.080e+3, -1.216e-4
1.080e+3, -1.214e-4
1.080e+3, -1.213e-4
1.080e+3, -1.210e-4
1.080e+3, -1.212e-4
1.080e+3, -1.208e-4
1.080e+3, -1.207e-4
1.081e+3, -1.214e-4
1.081e+3, -1.211e-4
1.081e+3, -1.208e-4
1.081e+3, -1.215e-4
1.081e+3, -1.211e-4
1.081e+3, -1.210e-4
1.081e+3, -1.213e-4
1.081e+3, -1.211e-4
1.081e+3, -1.209e-4
1.081e+3, -1.212e-4
1.082e+3, -1.213e-4
1.082e+3, -1.211e-4
1.082e+3, -1.212e-4
1.082e+3, -1.213e-4
1.082e+3, -1.211e-4
1.082e+3, -1.209e-4
1.082e+3, -1.210e-4
1.082e+3, -1.213e-4
1.082e+3, -1.208e-4
1.082e+3, -1.220e-4
1.083e+3, -1.212e-4
1.083e+3, -1.215e-4
1.083e+3, -1.211e-4
1.083e+3, -1.211e-4
1.083e+3, -1.209e-4
1.083e+3, -1.206e-4
1.083e+3, -1.210e-4
1.083e+3, -1.209e-4
1.083e+3, -1.211e-4
1.083e+3, -1.201e-4
1.084e+3, -1.245e-4
1.084e+3, -1.246e-4
1.084e+3, -1.243e-4
1.084e+3, -1.246e-4
1.084e+3, -1.248e-4
1.084e+3, -1.245e-4
1.084e+3, -1.257e-4
1.084e+3, -1.252e-4
1.084e+3, -1.257e-4
1.084e+3, -1.260e-4
1.085e+3, -1.252e-4
1.085e+3, -1.252e-4
1.085e+3, -1.251e-4
1.085e+3, -1.249e-4
1.085e+3, -1.252e-4
1.085e+3, -1.251e-4
1.085e+3, -1.260e-4
1.085e+3, -1.257e-4
1.085e+3, -1.260e-4
1.085e+3, -1.257e-4
1.086e+3, -1.251e-4
1.086e+3, -1.252e-4
1.086e+3, -1.255e-4
1.086e+3, -1.255e-4
1.086e+3, -1.257e-4
1.086e+3, -1.256e-4
1.086e+3, -1.256e-4
1.086e+3, -1.256e-4
1.086e+3, -1.248e-4
1.086e+3, -1.254e-4
1.087e+3, -1.253e-4
1.087e+3, -1.254e-4
1.087e+3, -1.253e-4
1.087e+3, -1.248e-4
1.087e+3, -1.258e-4
1.087e+3, -1.254e-4
1.087e+3, -1.256e-4
1.087e+3, -1.252e-4
1.087e+3, -1.253e-4
1.087e+3, -1.252e-4
1.088e+3, -1.253e-4
1.088e+3, -1.251e-4
1.088e+3, -1.247e-4
1.088e+3, -1.257e-4
1.088e+3, -1.254e-4
1.088e+3, -1.255e-4
1.088e+3, -1.253e-4
1.088e+3, -1.253e-4
1.088e+3, -1.255e-4
1.088e+3, -1.253e-4
1.089e+3, -1.250e-4
1.089e+3, -1.259e-4
1.089e+3, -1.255e-4
1.089e+3, -1.256e-4
1.089e+3, -1.250e-4
1.089e+3, -1.251e-4
1.089e+3, -1.256e-4
1.089e+3, -1.253e-4
1.089e+3, -1.251e-4
1.089e+3, -1.258e-4
1.090e+3, -1.255e-4
1.090e+3, -1.253e-4
1.090e+3, -1.252e-4
1.090e+3, -1.255e-4
1.090e+3, -1.252e-4
1.090e+3, -1.257e-4
1.090e+3, -1.254e-4
1.090e+3, -1.251e-4
1.090e+3, -1.260e-4
1.090e+3, -1.253e-4
1.091e+3, -1.261e-4
1.091e+3, -1.254e-4
1.091e+3, -1.257e-4
1.091e+3, -1.256e-4
1.091e+3, -1.256e-4
1.091e+3, -1.254e-4
1.091e+3, -1.251e-4
1.091e+3, -1.249e-4
1.091e+3, -1.249e-4
1.091e+3, -1.260e-4
1.092e+3, -1.253e-4
1.092e+3, -1.260e-4
1.092e+3, -1.314e-4
1.092e+3, -1.319e-4
1.092e+3, -1.318e-4
1.092e+3, -1.315e-4
1.092e+3, -1.324e-4
1.092e+3, -1.323e-4
1.092e+3, -1.317e-4
1.092e+3, -1.317e-4
1.093e+3, -1.315e-4
1.093e+3, -1.316e-4
1.093e+3, -1.319e-4
1.093e+3, -1.316e-4
1.093e+3, -1.313e-4
1.093e+3, -1.319e-4
1.093e+3, -1.314e-4
1.093e+3, -1.313e-4
1.093e+3, -1.312e-4
1.093e+3, -1.315e-4
1.094e+3, -1.314e-4
1.094e+3, -1.317e-4
1.094e+3, -1.310e-4
1.094e+3, -1.316e-4
1.094e+3, -1.325e-4
1.094e+3, -1.319e-4
1.094e+3, -1.318e-4
1.094e+3, -1.315e-4
1.094e+3, -1.312e-4
1.094e+3, -1.315e-4
1.095e+3, -1.317e-4
1.095e+3, -1.315e-4
1.095e+3, -1.308e-4
1.095e+3, -1.323e-4
1.095e+3, -1.322e-4
1.095e+3, -1.319e-4
1.095e+3, -1.318e-4
1.095e+3, -1.320e-4
1.095e+3, -1.318e-4
1.095e+3, -1.315e-4
1.096e+3, -1.327e-4
1.096e+3, -1.320e-4
1.096e+3, -1.318e-4
1.096e+3, -1.315e-4
1.096e+3, -1.315e-4
1.096e+3, -1.317e-4
1.096e+3, -1.316e-4
1.096e+3, -1.318e-4
1.096e+3, -1.316e-4
1.096e+3, -1.311e-4
1.097e+3, -1.323e-4
1.097e+3, -1.325e-4
1.097e+3, -1.316e-4
1.097e+3, -1.319e-4
1.097e+3, -1.320e-4
1.097e+3, -1.317e-4
1.097e+3, -1.320e-4
1.097e+3, -1.322e-4
1.097e+3, -1.324e-4
1.097e+3, -1.326e-4
1.098e+3, -1.317e-4
1.098e+3, -1.311e-4
1.098e+3, -1.319e-4
1.098e+3, -1.317e-4
1.098e+3, -1.316e-4
1.098e+3, -1.304e-4
1.098e+3, -1.319e-4
1.098e+3, -1.319e-4
1.098e+3, -1.320e-4
1.098e+3, -1.312e-4
1.099e+3, -1.311e-4
1.099e+3, -1.320e-4
1.099e+3, -1.319e-4
1.099e+3, -1.314e-4
1.099e+3, -1.307e-4
1.099e+3, -1.322e-4
1.099e+3, -1.317e-4
1.099e+3, -1.317e-4
1.099e+3, -1.315e-4
1.099e+3, -1.317e-4
1.100e+3, -1.317e-4
1.100e+3, -1.318e-4
1.100e+3, -1.320e-4
1.100e+3, -1.309e-4
1.100e+3, -1.269e-4
1.100e+3, -1.265e-4
1.100e+3, -1.262e-4
1.100e+3, -1.263e-4
1.100e+3, -1.267e-4
1.100e+3, -1.271e-4
1.101e+3, -1.269e-4
1.101e+3, -1.271e-4
1.101e+3, -1.276e-4
1.101e+3, -1.266e-4
1.101e+3, -1.269e-4
1.101e+3, -1.264e-4
1.101e+3, -1.267e-4
1.101e+3, -1.272e-4
1.101e+3, -1.270e-4
1.101e+3, -1.257e-4
1.102e+3, -1.279e-4
1.102e+3, -1.275e-4
1.102e+3, -1.270e-4
1.102e+3, -1.270e-4
1.102e+3, -1.270e-4
1.102e+3, -1.266e-4
1.102e+3, -1.270e-4
1.102e+3, -1.266e-4
1.102e+3, -1.270e-4
1.102e+3, -1.272e-4
1.103e+3, -1.275e-4
1.103e+3, -1.266e-4
1.103e+3, -1.268e-4
1.103e+3, -1.267e-4
1.103e+3, -1.265e-4
1.103e+3, -1.266e-4
1.103e+3, -1.263e-4
1.103e+3, -1.274e-4
1.103e+3, -1.272e-4
1.103e+3, -1.263e-4
1.104e+3, -1.258e-4
1.104e+3, -1.265e-4
1.104e+3, -1.264e-4
1.104e+3, -1.269e-4
1.104e+3, -1.266e-4
1.104e+3, -1.267e-4
1.104e+3, -1.265e-4
1.104e+3, -1.268e-4
1.104e+3, -1.270e-4
1.104e+3, -1.265e-4
1.105e+3, -1.268e-4
1.105e+3, -1.267e-4
1.105e+3, -1.265e-4
1.105e+3, -1.261e-4
1.105e+3, -1.269e-4
1.105e+3, -1.272e-4
1.105e+3, -1.270e-4
1.105e+3, -1.266e-4
1.105e+3, -1.263e-4
1.105e+3, -1.264e-4
1.106e+3, -1.269e-4
1.106e+3, -1.265e-4
1.106e+3, -1.267e-4
1.106e+3, -1.269e-4
1.106e+3, -1.270e-4
1.106e+3, -1.267e-4
1.106e+3, -1.264e-4
1.106e+3, -1.268e-4
1.106e+3, -1.276e-4
1.106e+3, -1.271e-4
1.107e+3, -1.269e-4
1.107e+3, -1.272e-4
1.107e+3, -1.272e-4
1.107e+3, -1.271e-4
1.107e+3, -1.264e-4
1.107e+3, -1.280e-4
1.107e+3, -1.275e-4
1.107e+3, -1.267e-4
1.107e+3, -1.271e-4
1.107e+3, -1.270e-4
1.108e+3, -1.270e-4
1.108e+3, -1.268e-4
1.108e+3, -1.267e-4
1.108e+3, -1.267e-4
1.108e+3, -1.270e-4
1.108e+3, -1.266e-4
1.108e+3, -1.137e-4
1.108e+3, -1.131e-4
1.108e+3, -1.133e-4
1.108e+3, -1.135e-4
1.109e+3, -1.135e-4
1.109e+3, -1.131e-4
1.109e+3, -1.143e-4
1.109e+3, -1.144e-4
1.109e+3, -1.136e-4
1.109e+3, -1.134e-4
1.109e+3, -1.131e-4
1.109e+3, -1.134e-4
1.109e+3, -1.135e-4
1.109e+3, -1.135e-4
1.110e+3, -1.127e-4
1.110e+3, -1.136e-4
1.110e+3, -1.138e-4
1.110e+3, -1.140e-4
1.110e+3, -1.130e-4
1.110e+3, -1.133e-4
1.110e+3, -1.131e-4
1.110e+3, -1.131e-4
1.110e+3, -1.133e-4
1.110e+3, -1.131e-4
1.111e+3, -1.138e-4
1.111e+3, -1.138e-4
1.111e+3, -1.135e-4
1.111e+3, -1.130e-4
1.111e+3, -1.134e-4
1.111e+3, -1.134e-4
1.111e+3, -1.134e-4
1.111e+3, -1.134e-4
1.111e+3, -1.137e-4
1.111e+3, -1.133e-4
1.112e+3, -1.142e-4
1.112e+3, -1.139e-4
1.112e+3, -1.138e-4
1.112e+3, -1.134e-4
1.112e+3, -1.139e-4
1.112e+3, -1.136e-4
1.112e+3, -1.130e-4
1.112e+3, -1.134e-4
1.112e+3, -1.139e-4
1.112e+3, -1.142e-4
1.113e+3, -1.134e-4
1.113e+3, -1.133e-4
1.113e+3, -1.133e-4
1.113e+3, -1.133e-4
1.113e+3, -1.135e-4
1.113e+3, -1.136e-4
1.113e+3, -1.133e-4
1.113e+3, -1.136e-4
1.113e+3, -1.135e-4
1.113e+3, -1.134e-4
1.114e+3, -1.132e-4
1.114e+3, -1.134e-4
1.114e+3, -1.134e-4
1.114e+3, -1.138e-4
1.114e+3, -1.138e-4
1.114e+3, -1.138e-4
1.114e+3, -1.135e-4
1.114e+3, -1.140e-4
1.114e+3, -1.136e-4
1.114e+3, -1.135e-4
1.115e+3, -1.141e-4
1.115e+3, -1.138e-4
1.115e+3, -1.139e-4
1.115e+3, -1.137e-4
1.115e+3, -1.137e-4
1.115e+3, -1.130e-4
1.115e+3, -1.136e-4
1.115e+3, -1.134e-4
1.115e+3, -1.135e-4
1.115e+3, -1.135e-4
1.116e+3, -1.132e-4
1.116e+3, -1.132e-4
1.116e+3, -1.133e-4
1.116e+3, -1.135e-4
1.116e+3, -1.130e-4
1.116e+3, -1.132e-4
1.116e+3, -1.135e-4
1.116e+3, -1.124e-4
1.116e+3, -1.012e-4
1.116e+3, -1.009e-4
1.117e+3, -1.010e-4
1.117e+3, -1.007e-4
1.117e+3, -1.009e-4
1.117e+3, -1.013e-4
1.117e+3, -1.011e-4
1.117e+3, -1.015e-4
1.117e+3, -1.013e-4
1.117e+3, -1.018e-4
1.117e+3, -1.016e-4
1.117e+3, -1.015e-4
1.118e+3, -1.015e-4
1.118e+3, -1.014e-4
1.118e+3, -1.010e-4
1.118e+3, -1.017e-4
1.118e+3, -1.021e-4
1.118e+3, -1.020e-4
1.118e+3, -1.014e-4
1.118e+3, -1.016e-4
1.118e+3, -1.016e-4
1.118e+3, -1.013e-4
1.119e+3, -1.013e-4
1.119e+3, -1.015e-4
1.119e+3, -1.009e-4
1.119e+3, -1.021e-4
1.119e+3, -1.011e-4
1.119e+3, -1.010e-4
1.119e+3, -1.012e-4
1.119e+3, -1.017e-4
1.119e+3, -1.011e-4
1.119e+3, -1.017e-4
1.120e+3, -1.014e-4
1.120e+3, -1.013e-4
1.120e+3, -1.011e-4
1.120e+3, -1.015e-4
1.120e+3, -1.019e-4
1.120e+3, -1.016e-4
1.120e+3, -1.019e-4
1.120e+3, -1.019e-4
1.120e+3, -1.017e-4
1.120e+3, -1.013e-4
1.121e+3, -1.020e-4
1.121e+3, -1.018e-4
1.121e+3, -1.018e-4
1.121e+3, -1.018e-4
1.121e+3, -1.018e-4
1.121e+3, -1.014e-4
1.121e+3, -1.015e-4
1.121e+3, -1.015e-4
1.121e+3, -1.009e-4
1.121e+3, -1.016e-4
1.122e+3, -1.019e-4
1.122e+3, -1.018e-4
1.122e+3, -1.015e-4
1.122e+3, -1.014e-4
1.122e+3, -1.018e-4
1.122e+3, -1.019e-4
1.122e+3, -1.012e-4
1.122e+3, -1.012e-4
1.122e+3, -1.021e-4
1.122e+3, -1.018e-4
1.123e+3, -1.012e-4
1.123e+3, -1.015e-4
1.123e+3, -1.015e-4
1.123e+3, -1.017e-4
1.123e+3, -1.016e-4
1.123e+3, -1.019e-4
1.123e+3, -1.015e-4
1.123e+3, -1.023e-4
1.123e+3, -1.013e-4
1.123e+3, -1.014e-4
1.124e+3, -1.012e-4
1.124e+3, -1.017e-4
1.124e+3, -1.015e-4
1.124e+3, -1.018e-4
1.124e+3, -1.016e-4
1.124e+3, -1.010e-4
1.124e+3, -1.013e-4
1.124e+3, -1.019e-4
1.124e+3, -1.019e-4
1.124e+3, -1.011e-4
1.125e+3, -1.047e-4
1.125e+3, -1.051e-4
1.125e+3, -1.051e-4
1.125e+3, -1.048e-4
1.125e+3, -1.054e-4
1.125e+3, -1.055e-4
1.125e+3, -1.056e-4
1.125e+3, -1.056e-4
1.125e+3, -1.056e-4
1.125e+3, -1.056e-4
1.126e+3, -1.056e-4
1.126e+3, -1.054e-4
1.126e+3, -1.056e-4
1.126e+3, -1.053e-4
1.126e+3, -1.053e-4
1.126e+3, -1.053e-4
1.126e+3, -1.055e-4
1.126e+3, -1.052e-4
1.126e+3, -1.053e-4
1.126e+3, -1.054e-4
1.127e+3, -1.056e-4
1.127e+3, -1.053e-4
1.127e+3, -1.055e-4
1.127e+3, -1.056e-4
1.127e+3, -1.058e-4
1.127e+3, -1.057e-4
1.127e+3, -1.056e-4
1.127e+3, -1.053e-4
1.127e+3, -1.054e-4
1.127e+3, -1.055e-4
1.128e+3, -1.050e-4
1.128e+3, -1.059e-4
1.128e+3, -1.055e-4
1.128e+3, -1.062e-4
1.128e+3, -1.059e-4
1.128e+3, -1.058e-4
1.128e+3, -1.058e-4
1.128e+3, -1.057e-4
1.128e+3, -1.056e-4
1.128e+3, -1.059e-4
1.129e+3, -1.063e-4
1.129e+3, -1.062e-4
1.129e+3, -1.059e-4
1.129e+3, -1.060e-4
1.129e+3, -1.059e-4
1.129e+3, -1.055e-4
1.129e+3, -1.056e-4
1.129e+3, -1.064e-4
1.129e+3, -1.062e-4
1.129e+3, -1.058e-4
1.130e+3, -1.057e-4
1.130e+3, -1.055e-4
1.130e+3, -1.054e-4
1.130e+3, -1.054e-4
1.130e+3, -1.052e-4
1.130e+3, -1.060e-4
1.130e+3, -1.055e-4
1.130e+3, -1.060e-4
1.130e+3, -1.060e-4
1.130e+3, -1.056e-4
1.131e+3, -1.057e-4
1.131e+3, -1.056e-4
1.131e+3, -1.057e-4
1.131e+3, -1.057e-4
1.131e+3, -1.052e-4
1.131e+3, -1.063e-4
1.131e+3, -1.061e-4
1.131e+3, -1.064e-4
1.131e+3, -1.055e-4
1.131e+3, -1.061e-4
1.132e+3, -1.057e-4
1.132e+3, -1.057e-4
1.132e+3, -1.057e-4
1.132e+3, -1.065e-4
1.132e+3, -1.060e-4
1.132e+3, -1.054e-4
1.132e+3, -1.054e-4
1.132e+3, -1.057e-4
1.132e+3, -1.057e-4
1.132e+3, -1.052e-4
1.133e+3, -1.053e-4
1.133e+3, -1.054e-4
1.133e+3, -1.257e-4
1.133e+3, -1.294e-4
1.133e+3, -1.292e-4
1.133e+3, -1.287e-4
1.133e+3, -1.283e-4
1.133e+3, -1.294e-4
1.133e+3, -1.292e-4
1.133e+3, -1.295e-4
1.134e+3, -1.292e-4
1.134e+3, -1.291e-4
1.134e+3, -1.308e-4
1.134e+3, -1.298e-4
1.134e+3, -1.293e-4
1.134e+3, -1.291e-4
1.134e+3, -1.298e-4
1.134e+3, -1.299e-4
1.134e+3, -1.290e-4
1.134e+3, -1.294e-4
1.135e+3, -1.299e-4
1.135e+3, -1.300e-4
1.135e+3, -1.297e-4
1.135e+3, -1.295e-4
1.135e+3, -1.298e-4
1.135e+3, -1.300e-4
1.135e+3, -1.296e-4
1.135e+3, -1.305e-4
1.135e+3, -1.301e-4
1.135e+3, -1.299e-4
1.136e+3, -1.300e-4
1.136e+3, -1.298e-4
1.136e+3, -1.297e-4
1.136e+3, -1.299e-4
1.136e+3, -1.296e-4
1.136e+3, -1.297e-4
1.136e+3, -1.291e-4
1.136e+3, -1.298e-4
1.136e+3, -1.295e-4
1.136e+3, -1.294e-4
1.137e+3, -1.290e-4
1.137e+3, -1.289e-4
1.137e+3, -1.293e-4
1.137e+3, -1.291e-4
1.137e+3, -1.290e-4
1.137e+3, -1.296e-4
1.137e+3, -1.298e-4
1.137e+3, -1.297e-4
1.137e+3, -1.292e-4
1.137e+3, -1.294e-4
1.138e+3, -1.293e-4
1.138e+3, -1.293e-4
1.138e+3, -1.292e-4
1.138e+3, -1.290e-4
1.138e+3, -1.299e-4
1.138e+3, -1.300e-4
1.138e+3, -1.299e-4
1.138e+3, -1.294e-4
1.138e+3, -1.298e-4
1.138e+3, -1.296e-4
1.139e+3, -1.287e-4
1.139e+3, -1.299e-4
1.139e+3, -1.297e-4
1.139e+3, -1.290e-4
1.139e+3, -1.289e-4
1.139e+3, -1.291e-4
1.139e+3, -1.297e-4
1.139e+3, -1.294e-4
1.139e+3, -1.301e-4
1.139e+3, -1.300e-4
1.140e+3, -1.304e-4
1.140e+3, -1.303e-4
1.140e+3, -1.299e-4
1.140e+3, -1.297e-4
1.140e+3, -1.296e-4
1.140e+3, -1.296e-4
1.140e+3, -1.294e-4
1.140e+3, -1.295e-4
1.140e+3, -1.304e-4
1.140e+3, -1.295e-4
1.141e+3, -1.297e-4
1.141e+3, -1.298e-4
1.141e+3, -1.294e-4
1.141e+3, -1.295e-4
1.141e+3, -1.516e-4
1.141e+3, -1.571e-4
1.141e+3, -1.563e-4
1.141e+3, -1.575e-4
1.141e+3, -1.570e-4
1.141e+3, -1.575e-4
1.142e+3, -1.583e-4
1.142e+3, -1.587e-4
1.142e+3, -1.581e-4
1.142e+3, -1.583e-4
1.142e+3, -1.596e-4
1.142e+3, -1.584e-4
1.142e+3, -1.582e-4
1.142e+3, -1.586e-4
1.142e+3, -1.592e-4
1.142e+3, -1.585e-4
1.143e+3, -1.581e-4
1.143e+3, -1.581e-4
1.143e+3, -1.574e-4
1.143e+3, -1.572e-4
1.143e+3, -1.583e-4
1.143e+3, -1.580e-4
1.143e+3, -1.582e-4
1.143e+3, -1.577e-4
1.143e+3, -1.576e-4
1.143e+3, -1.577e-4
1.144e+3, -1.572e-4
1.144e+3, -1.568e-4
1.144e+3, -1.576e-4
1.144e+3, -1.578e-4
1.144e+3, -1.577e-4
1.144e+3, -1.572e-4
1.144e+3, -1.575e-4
1.144e+3, -1.578e-4
1.144e+3, -1.575e-4
1.144e+3, -1.578e-4
1.145e+3, -1.580e-4
1.145e+3, -1.578e-4
1.145e+3, -1.576e-4
1.145e+3, -1.584e-4
1.145e+3, -1.580e-4
1.145e+3, -1.579e-4
1.145e+3, -1.582e-4
1.145e+3, -1.580e-4
1.145e+3, -1.580e-4
1.145e+3, -1.579e-4
1.146e+3, -1.581e-4
1.146e+3, -1.575e-4
1.146e+3, -1.577e-4
1.146e+3, -1.583e-4
1.146e+3, -1.579e-4
1.146e+3, -1.578e-4
1.146e+3, -1.579e-4
1.146e+3, -1.583e-4
1.146e+3, -1.581e-4
1.146e+3, -1.577e-4
1.147e+3, -1.577e-4
1.147e+3, -1.587e-4
1.147e+3, -1.585e-4
1.147e+3, -1.582e-4
1.147e+3, -1.582e-4
1.147e+3, -1.580e-4
1.147e+3, -1.578e-4
1.147e+3, -1.578e-4
1.147e+3, -1.578e-4
1.147e+3, -1.580e-4
1.148e+3, -1.583e-4
1.148e+3, -1.583e-4
1.148e+3, -1.583e-4
1.148e+3, -1.573e-4
1.148e+3, -1.577e-4
1.148e+3, -1.579e-4
1.148e+3, -1.576e-4
1.148e+3, -1.577e-4
1.148e+3, -1.573e-4
1.148e+3, -1.577e-4
1.149e+3, -1.579e-4
1.149e+3, -1.573e-4
1.149e+3, -1.574e-4
1.149e+3, -1.575e-4
1.149e+3, -1.581e-4
1.149e+3, -1.578e-4
1.149e+3, -1.805e-4
1.149e+3, -1.831e-4
1.149e+3, -1.838e-4
1.149e+3, -1.823e-4
1.150e+3, -1.829e-4
1.150e+3, -1.832e-4
1.150e+3, -1.843e-4
1.150e+3, -1.846e-4
1.150e+3, -1.841e-4
1.150e+3, -1.838e-4
1.150e+3, -1.834e-4
1.150e+3, -1.842e-4
1.150e+3, -1.836e-4
1.150e+3, -1.845e-4
1.151e+3, -1.845e-4
1.151e+3, -1.845e-4
1.151e+3, -1.838e-4
1.151e+3, -1.830e-4
1.151e+3, -1.839e-4
1.151e+3, -1.837e-4
1.151e+3, -1.843e-4
1.151e+3, -1.843e-4
1.151e+3, -1.843e-4
1.151e+3, -1.837e-4
1.152e+3, -1.831e-4
1.152e+3, -1.838e-4
1.152e+3, -1.850e-4
1.152e+3, -1.845e-4
1.152e+3, -1.831e-4
1.152e+3, -1.844e-4
1.152e+3, -1.841e-4
1.152e+3, -1.845e-4
1.152e+3, -1.840e-4
1.152e+3, -1.832e-4
1.153e+3, -1.841e-4
1.153e+3, -1.836e-4
1.153e+3, -1.835e-4
1.153e+3, -1.837e-4
1.153e+3, -1.837e-4
1.153e+3, -1.842e-4
1.153e+3, -1.845e-4
1.153e+3, -1.846e-4
1.153e+3, -1.844e-4
1.153e+3, -1.843e-4
1.154e+3, -1.838e-4
1.154e+3, -1.853e-4
1.154e+3, -1.848e-4
1.154e+3, -1.846e-4
1.154e+3, -1.843e-4
1.154e+3, -1.847e-4
1.154e+3, -1.843e-4
1.154e+3, -1.843e-4
1.154e+3, -1.841e-4
1.154e+3, -1.845e-4
1.155e+3, -1.852e-4
1.155e+3, -1.847e-4
1.155e+3, -1.839e-4
1.155e+3, -1.837e-4
1.155e+3, -1.842e-4
1.155e+3, -1.841e-4
1.155e+3, -1.836e-4
1.155e+3, -1.836e-4
1.155e+3, -1.840e-4
1.155e+3, -1.840e-4
1.156e+3, -1.835e-4
1.156e+3, -1.849e-4
1.156e+3, -1.844e-4
1.156e+3, -1.840e-4
1.156e+3, -1.839e-4
1.156e+3, -1.841e-4
1.156e+3, -1.846e-4
1.156e+3, -1.838e-4
1.156e+3, -1.847e-4
1.156e+3, -1.840e-4
1.157e+3, -1.841e-4
1.157e+3, -1.832e-4
1.157e+3, -1.837e-4
1.157e+3, -1.843e-4
1.157e+3, -1.839e-4
1.157e+3, -1.839e-4
1.157e+3, -1.842e-4
1.157e+3, -1.843e-4
1.157e+3, -2.036e-4
1.157e+3, -2.048e-4
1.158e+3, -2.049e-4
1.158e+3, -2.050e-4
1.158e+3, -2.038e-4
1.158e+3, -2.062e-4
1.158e+3, -2.058e-4
1.158e+3, -2.060e-4
1.158e+3, -2.055e-4
1.158e+3, -2.063e-4
1.158e+3, -2.060e-4
1.158e+3, -2.061e-4
1.159e+3, -2.058e-4
1.159e+3, -2.063e-4
1.159e+3, -2.060e-4
1.159e+3, -2.071e-4
1.159e+3, -2.073e-4
1.159e+3, -2.067e-4
1.159e+3, -2.062e-4
1.159e+3, -2.069e-4
1.159e+3, -2.059e-4
1.159e+3, -2.063e-4
1.160e+3, -2.064e-4
1.160e+3, -2.059e-4
1.160e+3, -2.055e-4
1.160e+3, -2.057e-4
1.160e+3, -2.067e-4
1.160e+3, -2.060e-4
1.160e+3, -2.058e-4
1.160e+3, -2.062e-4
1.160e+3, -2.059e-4
1.160e+3, -2.054e-4
1.161e+3, -2.060e-4
1.161e+3, -2.074e-4
1.161e+3, -2.063e-4
1.161e+3, -2.062e-4
1.161e+3, -2.060e-4
1.161e+3, -2.071e-4
1.161e+3, -2.070e-4
1.161e+3, -2.065e-4
1.161e+3, -2.068e-4
1.161e+3, -2.061e-4
1.162e+3, -2.059e-4
1.162e+3, -2.080e-4
1.162e+3, -2.070e-4
1.162e+3, -2.062e-4
1.162e+3, -2.065e-4
1.162e+3, -2.069e-4
1.162e+3, -2.066e-4
1.162e+3, -2.065e-4
1.162e+3, -2.062e-4
1.162e+3, -2.059e-4
1.163e+3, -2.060e-4
1.163e+3, -2.076e-4
1.163e+3, -2.062e-4
1.163e+3, -2.068e-4
1.163e+3, -2.063e-4
1.163e+3, -2.066e-4
1.163e+3, -2.054e-4
1.163e+3, -2.058e-4
1.163e+3, -2.067e-4
1.163e+3, -2.060e-4
1.164e+3, -2.056e-4
1.164e+3, -2.054e-4
1.164e+3, -2.062e-4
1.164e+3, -2.066e-4
1.164e+3, -2.062e-4
1.164e+3, -2.062e-4
1.164e+3, -2.064e-4
1.164e+3, -2.061e-4
1.164e+3, -2.058e-4
1.164e+3, -2.074e-4
1.165e+3, -2.061e-4
1.165e+3, -2.062e-4
1.165e+3, -2.059e-4
1.165e+3, -2.060e-4
1.165e+3, -2.066e-4
1.165e+3, -2.058e-4
1.165e+3, -2.076e-4
1.165e+3, -2.068e-4
1.165e+3, -2.065e-4
1.165e+3, -2.063e-4
1.166e+3, -2.005e-4
1.166e+3, -1.983e-4
1.166e+3, -1.981e-4
1.166e+3, -1.982e-4
1.166e+3, -1.973e-4
1.166e+3, -1.986e-4
1.166e+3, -1.993e-4
1.166e+3, -1.994e-4
1.166e+3, -1.995e-4
1.166e+3, -1.995e-4
1.167e+3, -1.991e-4
1.167e+3, -1.991e-4
1.167e+3, -1.994e-4
1.167e+3, -1.986e-4
1.167e+3, -1.992e-4
1.167e+3, -1.992e-4
1.167e+3, -1.993e-4
1.167e+3, -1.996e-4
1.167e+3, -1.994e-4
1.167e+3, -1.988e-4
1.168e+3, -1.996e-4
1.168e+3, -1.997e-4
1.168e+3, -1.995e-4
1.168e+3, -1.999e-4
1.168e+3, -2.000e-4
1.168e+3, -1.997e-4
1.168e+3, -1.992e-4
1.168e+3, -2.005e-4
1.168e+3, -1.997e-4
1.168e+3, -1.999e-4
1.169e+3, -1.996e-4
1.169e+3, -1.989e-4
1.169e+3, -2.004e-4
1.169e+3, -1.998e-4
1.169e+3, -1.998e-4
1.169e+3, -1.998e-4
1.169e+3, -2.002e-4
1.169e+3, -1.999e-4
1.169e+3, -2.005e-4
1.169e+3, -1.995e-4
1.170e+3, -2.006e-4
1.170e+3, -2.006e-4
1.170e+3, -1.999e-4
1.170e+3, -1.996e-4
1.170e+3, -1.998e-4
1.170e+3, -1.998e-4
1.170e+3, -1.993e-4
1.170e+3, -1.988e-4
1.170e+3, -1.990e-4
1.170e+3, -1.997e-4
1.171e+3, -1.996e-4
1.171e+3, -1.996e-4
1.171e+3, -1.989e-4
1.171e+3, -1.984e-4
1.171e+3, -1.997e-4
1.171e+3, -1.998e-4
1.171e+3, -1.993e-4
1.171e+3, -1.984e-4
1.171e+3, -2.001e-4
1.171e+3, -1.999e-4
1.172e+3, -1.992e-4
1.172e+3, -1.989e-4
1.172e+3, -1.997e-4
1.172e+3, -1.999e-4
1.172e+3, -1.997e-4
1.172e+3, -1.989e-4
1.172e+3, -1.985e-4
1.172e+3, -1.984e-4
1.172e+3, -2.005e-4
1.172e+3, -1.990e-4
1.173e+3, -1.996e-4
1.173e+3, -1.997e-4
1.173e+3, -1.994e-4
1.173e+3, -2.000e-4
1.173e+3, -2.006e-4
1.173e+3, -1.994e-4
1.173e+3, -2.005e-4
1.173e+3, -1.998e-4
1.173e+3, -1.999e-4
1.173e+3, -1.999e-4
1.174e+3, -1.999e-4
1.174e+3, -1.998e-4
1.174e+3, -1.796e-4
1.174e+3, -1.673e-4
1.174e+3, -1.674e-4
1.174e+3, -1.673e-4
1.174e+3, -1.669e-4
1.174e+3, -1.670e-4
1.174e+3, -1.690e-4
1.174e+3, -1.684e-4
1.175e+3, -1.680e-4
1.175e+3, -1.685e-4
1.175e+3, -1.683e-4
1.175e+3, -1.680e-4
1.175e+3, -1.683e-4
1.175e+3, -1.684e-4
1.175e+3, -1.683e-4
1.175e+3, -1.686e-4
1.175e+3, -1.682e-4
1.175e+3, -1.690e-4
1.176e+3, -1.689e-4
1.176e+3, -1.692e-4
1.176e+3, -1.689e-4
1.176e+3, -1.686e-4
1.176e+3, -1.686e-4
1.176e+3, -1.675e-4
1.176e+3, -1.688e-4
1.176e+3, -1.696e-4
1.176e+3, -1.681e-4
1.176e+3, -1.685e-4
1.177e+3, -1.682e-4
1.177e+3, -1.679e-4
1.177e+3, -1.682e-4
1.177e+3, -1.677e-4
1.177e+3, -1.690e-4
1.177e+3, -1.694e-4
1.177e+3, -1.685e-4
1.177e+3, -1.678e-4
1.177e+3, -1.678e-4
1.177e+3, -1.676e-4
1.178e+3, -1.681e-4
1.178e+3, -1.682e-4
1.178e+3, -1.677e-4
1.178e+3, -1.693e-4
1.178e+3, -1.684e-4
1.178e+3, -1.691e-4
1.178e+3, -1.686e-4
1.178e+3, -1.684e-4
1.178e+3, -1.683e-4
1.178e+3, -1.683e-4
1.179e+3, -1.672e-4
1.179e+3, -1.682e-4
1.179e+3, -1.677e-4
1.179e+3, -1.688e-4
1.179e+3, -1.686e-4
1.179e+3, -1.673e-4
1.179e+3, -1.672e-4
1.179e+3, -1.684e-4
1.179e+3, -1.683e-4
1.179e+3, -1.682e-4
1.180e+3, -1.678e-4
1.180e+3, -1.670e-4
1.180e+3, -1.685e-4
1.180e+3, -1.693e-4
1.180e+3, -1.679e-4
1.180e+3, -1.681e-4
1.180e+3, -1.686e-4
1.180e+3, -1.685e-4
1.180e+3, -1.683e-4
1.180e+3, -1.684e-4
1.181e+3, -1.686e-4
1.181e+3, -1.676e-4
1.181e+3, -1.674e-4
1.181e+3, -1.676e-4
1.181e+3, -1.678e-4
1.181e+3, -1.677e-4
1.181e+3, -1.679e-4
1.181e+3, -1.681e-4
1.181e+3, -1.681e-4
1.181e+3, -1.671e-4
1.182e+3, -1.682e-4
1.182e+3, -1.684e-4
1.182e+3, -1.694e-4
1.182e+3, -1.685e-4
1.182e+3, -1.536e-4
1.182e+3, -1.384e-4
1.182e+3, -1.386e-4
1.182e+3, -1.379e-4
1.182e+3, -1.376e-4
1.182e+3, -1.391e-4
1.183e+3, -1.396e-4
1.183e+3, -1.392e-4
1.183e+3, -1.394e-4
1.183e+3, -1.396e-4
1.183e+3, -1.397e-4
1.183e+3, -1.388e-4
1.183e+3, -1.393e-4
1.183e+3, -1.394e-4
1.183e+3, -1.388e-4
1.183e+3, -1.391e-4
1.184e+3, -1.390e-4
1.184e+3, -1.388e-4
1.184e+3, -1.390e-4
1.184e+3, -1.382e-4
1.184e+3, -1.382e-4
1.184e+3, -1.391e-4
1.184e+3, -1.392e-4
1.184e+3, -1.385e-4
1.184e+3, -1.387e-4
1.184e+3, -1.390e-4
1.185e+3, -1.387e-4
1.185e+3, -1.381e-4
1.185e+3, -1.369e-4
1.185e+3, -1.395e-4
1.185e+3, -1.398e-4
1.185e+3, -1.387e-4
1.185e+3, -1.390e-4
1.185e+3, -1.394e-4
1.185e+3, -1.396e-4
1.185e+3, -1.394e-4
1.186e+3, -1.386e-4
1.186e+3, -1.402e-4
1.186e+3, -1.401e-4
1.186e+3, -1.391e-4
1.186e+3, -1.395e-4
1.186e+3, -1.389e-4
1.186e+3, -1.391e-4
1.186e+3, -1.390e-4
1.186e+3, -1.384e-4
1.186e+3, -1.396e-4
1.187e+3, -1.392e-4
1.187e+3, -1.396e-4
1.187e+3, -1.386e-4
1.187e+3, -1.389e-4
1.187e+3, -1.392e-4
1.187e+3, -1.389e-4
1.187e+3, -1.377e-4
1.187e+3, -1.398e-4
1.187e+3, -1.391e-4
1.187e+3, -1.390e-4
1.188e+3, -1.385e-4
1.188e+3, -1.382e-4
1.188e+3, -1.387e-4
1.188e+3, -1.396e-4
1.188e+3, -1.393e-4
1.188e+3, -1.381e-4
1.188e+3, -1.402e-4
1.188e+3, -1.386e-4
1.188e+3, -1.386e-4
1.188e+3, -1.388e-4
1.189e+3, -1.387e-4
1.189e+3, -1.389e-4
1.189e+3, -1.388e-4
1.189e+3, -1.386e-4
1.189e+3, -1.393e-4
1.189e+3, -1.396e-4
1.189e+3, -1.386e-4
1.189e+3, -1.388e-4
1.189e+3, -1.390e-4
1.189e+3, -1.395e-4
1.190e+3, -1.394e-4
1.190e+3, -1.395e-4
1.190e+3, -1.382e-4
1.190e+3, -1.398e-4
1.190e+3, -1.392e-4
1.190e+3, -1.390e-4
1.190e+3, -1.299e-4
1.190e+3, -1.079e-4
1.190e+3, -1.078e-4
1.190e+3, -1.080e-4
1.191e+3, -1.075e-4
1.191e+3, -1.078e-4
1.191e+3, -1.085e-4
1.191e+3, -1.092e-4
1.191e+3, -1.084e-4
1.191e+3, -1.087e-4
1.191e+3, -1.092e-4
1.191e+3, -1.088e-4
1.191e+3, -1.090e-4
1.191e+3, -1.088e-4
1.192e+3, -1.086e-4
1.192e+3, -1.088e-4
1.192e+3, -1.092e-4
1.192e+3, -1.088e-4
1.192e+3, -1.092e-4
1.192e+3, -1.088e-4
1.192e+3, -1.089e-4
1.192e+3, -1.092e-4
1.192e+3, -1.095e-4
1.192e+3, -1.092e-4
1.193e+3, -1.090e-4
1.193e+3, -1.095e-4
1.193e+3, -1.096e-4
1.193e+3, -1.091e-4
1.193e+3, -1.096e-4
1.193e+3, -1.091e-4
1.193e+3, -1.095e-4
1.193e+3, -1.091e-4
1.193e+3, -1.088e-4
1.193e+3, -1.086e-4
1.194e+3, -1.094e-4
1.194e+3, -1.090e-4
1.194e+3, -1.093e-4
1.194e+3, -1.085e-4
1.194e+3, -1.088e-4
1.194e+3, -1.089e-4
1.194e+3, -1.087e-4
1.194e+3, -1.088e-4
1.194e+3, -1.089e-4
1.194e+3, -1.087e-4
1.195e+3, -1.083e-4
1.195e+3, -1.086e-4
1.195e+3, -1.091e-4
1.195e+3, -1.086e-4
1.195e+3, -1.088e-4
1.195e+3, -1.090e-4
1.195e+3, -1.090e-4
1.195e+3, -1.094e-4
1.195e+3, -1.097e-4
1.195e+3, -1.094e-4
1.196e+3, -1.098e-4
1.196e+3, -1.097e-4
1.196e+3, -1.091e-4
1.196e+3, -1.090e-4
1.196e+3, -1.090e-4
1.196e+3, -1.089e-4
1.196e+3, -1.089e-4
1.196e+3, -1.091e-4
1.196e+3, -1.086e-4
1.196e+3, -1.091e-4
1.197e+3, -1.088e-4
1.197e+3, -1.090e-4
1.197e+3, -1.087e-4
1.197e+3, -1.088e-4
1.197e+3, -1.088e-4
1.197e+3, -1.095e-4
1.197e+3, -1.089e-4
1.197e+3, -1.092e-4
1.197e+3, -1.094e-4
1.197e+3, -1.094e-4
1.198e+3, -1.095e-4
1.198e+3, -1.087e-4
1.198e+3, -1.090e-4
1.198e+3, -1.088e-4
1.198e+3, -1.089e-4
1.198e+3, -1.085e-4
1.198e+3, -1.090e-4
1.198e+3, -1.087e-4
1.198e+3, -1.007e-4
1.198e+3, -7.892e-5
1.199e+3, -7.897e-5
1.199e+3, -7.876e-5
1.199e+3, -7.873e-5
1.199e+3, -7.840e-5
1.199e+3, -7.966e-5
1.199e+3, -7.897e-5
1.199e+3, -7.924e-5
1.199e+3, -7.948e-5
1.199e+3, -7.953e-5
1.199e+3, -7.976e-5
1.200e+3, -7.962e-5
1.200e+3, -7.921e-5
1.200e+3, -7.985e-5
1.200e+3, -7.998e-5
1.200e+3, -7.950e-5
1.200e+3, -7.977e-5
1.200e+3, -7.960e-5
1.200e+3, -7.939e-5
1.200e+3, -7.970e-5
1.200e+3, -7.901e-5
1.201e+3, -7.976e-5
1.201e+3, -7.945e-5
1.201e+3, -7.955e-5
1.201e+3, -7.932e-5
1.201e+3, -7.901e-5
1.201e+3, -7.871e-5
1.201e+3, -7.969e-5
1.201e+3, -7.922e-5
1.201e+3, -7.904e-5
1.201e+3, -7.881e-5
1.202e+3, -7.934e-5
1.202e+3, -7.955e-5
1.202e+3, -7.959e-5
1.202e+3, -7.946e-5
1.202e+3, -7.991e-5
1.202e+3, -7.952e-5
1.202e+3, -7.957e-5
1.202e+3, -7.946e-5
1.202e+3, -7.916e-5
1.202e+3, -7.953e-5
1.203e+3, -7.938e-5
1.203e+3, -7.931e-5
1.203e+3, -7.920e-5
1.203e+3, -7.912e-5
1.203e+3, -7.955e-5
1.203e+3, -7.979e-5
1.203e+3, -7.911e-5
1.203e+3, -7.935e-5
1.203e+3, -7.944e-5
1.203e+3, -7.951e-5
1.204e+3, -7.942e-5
1.204e+3, -7.957e-5
1.204e+3, -7.960e-5
1.204e+3, -7.920e-5
1.204e+3, -7.922e-5
1.204e+3, -7.934e-5
1.204e+3, -7.951e-5
1.204e+3, -7.930e-5
1.204e+3, -7.893e-5
1.204e+3, -7.882e-5
1.205e+3, -7.892e-5
1.205e+3, -7.927e-5
1.205e+3, -7.915e-5
1.205e+3, -7.891e-5
1.205e+3, -7.911e-5
1.205e+3, -7.940e-5
1.205e+3, -7.895e-5
1.205e+3, -7.862e-5
1.205e+3, -7.968e-5
1.205e+3, -7.945e-5
1.206e+3, -7.958e-5
1.206e+3, -7.932e-5
1.206e+3, -7.918e-5
1.206e+3, -7.922e-5
1.206e+3, -7.922e-5
1.206e+3, -7.913e-5
1.206e+3, -7.888e-5
1.206e+3, -7.991e-5
1.206e+3, -7.987e-5
1.206e+3, -7.962e-5
1.207e+3, -7.311e-5
1.207e+3, -6.209e-5
1.207e+3, -6.193e-5
1.207e+3, -6.190e-5
1.207e+3, -6.224e-5
1.207e+3, -6.195e-5
1.207e+3, -6.264e-5
1.207e+3, -6.238e-5
1.207e+3, -6.241e-5
1.207e+3, -6.251e-5
1.208e+3, -6.251e-5
1.208e+3, -6.227e-5
1.208e+3, -6.212e-5
1.208e+3, -6.237e-5
1.208e+3, -6.235e-5
1.208e+3, -6.206e-5
1.208e+3, -6.165e-5
1.208e+3, -6.200e-5
1.208e+3, -6.205e-5
1.208e+3, -6.230e-5
1.209e+3, -6.230e-5
1.209e+3, -6.204e-5
1.209e+3, -6.225e-5
1.209e+3, -6.233e-5
1.209e+3, -6.220e-5
1.209e+3, -6.214e-5
1.209e+3, -6.229e-5
1.209e+3, -6.234e-5
1.209e+3, -6.226e-5
1.209e+3, -6.219e-5
1.210e+3, -6.222e-5
1.210e+3, -6.241e-5
1.210e+3, -6.200e-5
1.210e+3, -6.223e-5
1.210e+3, -6.250e-5
1.210e+3, -6.259e-5
1.210e+3, -6.253e-5
1.210e+3, -6.212e-5
1.210e+3, -6.224e-5
1.210e+3, -6.258e-5
1.211e+3, -6.195e-5
1.211e+3, -6.239e-5
1.211e+3, -6.231e-5
1.211e+3, -6.226e-5
1.211e+3, -6.240e-5
1.211e+3, -6.247e-5
1.211e+3, -6.217e-5
1.211e+3, -6.213e-5
1.211e+3, -6.238e-5
1.211e+3, -6.221e-5
1.212e+3, -6.229e-5
1.212e+3, -6.245e-5
1.212e+3, -6.250e-5
1.212e+3, -6.247e-5
1.212e+3, -6.248e-5
1.212e+3, -6.195e-5
1.212e+3, -6.265e-5
1.212e+3, -6.249e-5
1.212e+3, -6.245e-5
1.212e+3, -6.227e-5
1.213e+3, -6.248e-5
1.213e+3, -6.219e-5
1.213e+3, -6.191e-5
1.213e+3, -6.240e-5
1.213e+3, -6.235e-5
1.213e+3, -6.227e-5
1.213e+3, -6.223e-5
1.213e+3, -6.216e-5
1.213e+3, -6.227e-5
1.213e+3, -6.225e-5
1.214e+3, -6.206e-5
1.214e+3, -6.216e-5
1.214e+3, -6.183e-5
1.214e+3, -6.211e-5
1.214e+3, -6.238e-5
1.214e+3, -6.219e-5
1.214e+3, -6.221e-5
1.214e+3, -6.236e-5
1.214e+3, -6.230e-5
1.214e+3, -6.214e-5
1.215e+3, -6.201e-5
1.215e+3, -6.235e-5
1.215e+3, -5.919e-5
1.215e+3, -5.222e-5
1.215e+3, -5.205e-5
1.215e+3, -5.225e-5
1.215e+3, -5.223e-5
1.215e+3, -5.223e-5
1.215e+3, -5.253e-5
1.215e+3, -5.274e-5
1.216e+3, -5.267e-5
1.216e+3, -5.246e-5
1.216e+3, -5.254e-5
1.216e+3, -5.249e-5
1.216e+3, -5.254e-5
1.216e+3, -5.273e-5
1.216e+3, -5.251e-5
1.216e+3, -5.263e-5
1.216e+3, -5.288e-5
1.216e+3, -5.274e-5
1.217e+3, -5.243e-5
1.217e+3, -5.233e-5
1.217e+3, -5.252e-5
1.217e+3, -5.251e-5
1.217e+3, -5.252e-5
1.217e+3, -5.252e-5
1.217e+3, -5.223e-5
1.217e+3, -5.278e-5
1.217e+3, -5.231e-5
1.217e+3, -5.227e-5
1.218e+3, -5.238e-5
1.218e+3, -5.236e-5
1.218e+3, -5.245e-5
1.218e+3, -5.212e-5
1.218e+3, -5.205e-5
1.218e+3, -5.260e-5
1.218e+3, -5.249e-5
1.218e+3, -5.241e-5
1.218e+3, -5.241e-5
1.218e+3, -5.243e-5
1.219e+3, -5.237e-5
1.219e+3, -5.245e-5
1.219e+3, -5.246e-5
1.219e+3, -5.275e-5
1.219e+3, -5.230e-5
1.219e+3, -5.273e-5
1.219e+3, -5.258e-5
1.219e+3, -5.223e-5
1.219e+3, -5.252e-5
1.219e+3, -5.260e-5
1.220e+3, -5.248e-5
1.220e+3, -5.238e-5
1.220e+3, -5.262e-5
1.220e+3, -5.263e-5
1.220e+3, -5.257e-5
1.220e+3, -5.250e-5
1.220e+3, -5.242e-5
1.220e+3, -5.237e-5
1.220e+3, -5.245e-5
1.220e+3, -5.247e-5
1.221e+3, -5.231e-5
1.221e+3, -5.283e-5
1.221e+3, -5.231e-5
1.221e+3, -5.225e-5
1.221e+3, -5.247e-5
1.221e+3, -5.222e-5
1.221e+3, -5.238e-5
1.221e+3, -5.263e-5
1.221e+3, -5.248e-5
1.221e+3, -5.248e-5
1.222e+3, -5.232e-5
1.222e+3, -5.232e-5
1.222e+3, -5.256e-5
1.222e+3, -5.232e-5
1.222e+3, -5.234e-5
1.222e+3, -5.232e-5
1.222e+3, -5.227e-5
1.222e+3, -5.226e-5
1.222e+3, -5.227e-5
1.222e+3, -5.230e-5
1.223e+3, -5.231e-5
1.223e+3, -5.223e-5
1.223e+3, -5.219e-5
1.223e+3, -5.221e-5
1.223e+3, -4.980e-5
1.223e+3, -4.173e-5
1.223e+3, -4.184e-5
1.223e+3, -4.169e-5
1.223e+3, -4.209e-5
1.223e+3, -4.201e-5
1.224e+3, -4.235e-5
1.224e+3, -4.248e-5
1.224e+3, -4.222e-5
1.224e+3, -4.232e-5
1.224e+3, -4.233e-5
1.224e+3, -4.225e-5
1.224e+3, -4.206e-5
1.224e+3, -4.246e-5
1.224e+3, -4.232e-5
1.224e+3, -4.221e-5
1.225e+3, -4.220e-5
1.225e+3, -4.230e-5
1.225e+3, -4.209e-5
1.225e+3, -4.212e-5
1.225e+3, -4.196e-5
1.225e+3, -4.198e-5
1.225e+3, -4.217e-5
1.225e+3, -4.219e-5
1.225e+3, -4.208e-5
1.225e+3, -4.207e-5
1.226e+3, -4.204e-5
1.226e+3, -4.181e-5
1.226e+3, -4.212e-5
1.226e+3, -4.219e-5
1.226e+3, -4.218e-5
1.226e+3, -4.218e-5
1.226e+3, -4.224e-5
1.226e+3, -4.207e-5
1.226e+3, -4.223e-5
1.226e+3, -4.221e-5
1.227e+3, -4.168e-5
1.227e+3, -4.235e-5
1.227e+3, -4.235e-5
1.227e+3, -4.242e-5
1.227e+3, -4.214e-5
1.227e+3, -4.213e-5
1.227e+3, -4.214e-5
1.227e+3, -4.218e-5
1.227e+3, -4.196e-5
1.227e+3, -4.189e-5
1.228e+3, -4.212e-5
1.228e+3, -4.244e-5
1.228e+3, -4.221e-5
1.228e+3, -4.211e-5
1.228e+3, -4.219e-5
1.228e+3, -4.223e-5
1.228e+3, -4.212e-5
1.228e+3, -4.219e-5
1.228e+3, -4.222e-5
1.228e+3, -4.215e-5
1.229e+3, -4.206e-5
1.229e+3, -4.217e-5
1.229e+3, -4.213e-5
1.229e+3, -4.202e-5
1.229e+3, -4.222e-5
1.229e+3, -4.218e-5
1.229e+3, -4.230e-5
1.229e+3, -4.234e-5
1.229e+3, -4.198e-5
1.229e+3, -4.232e-5
1.230e+3, -4.235e-5
1.230e+3, -4.210e-5
1.230e+3, -4.204e-5
1.230e+3, -4.194e-5
1.230e+3, -4.201e-5
1.230e+3, -4.200e-5
1.230e+3, -4.229e-5
1.230e+3, -4.213e-5
1.230e+3, -4.233e-5
1.230e+3, -4.213e-5
1.231e+3, -4.249e-5
1.231e+3, -4.251e-5
1.231e+3, -4.206e-5
1.231e+3, -4.218e-5
1.231e+3, -4.233e-5
1.231e+3, -4.215e-5
1.231e+3, -4.125e-5
1.231e+3, -3.320e-5
1.231e+3, -3.310e-5
1.231e+3, -3.299e-5
1.232e+3, -3.311e-5
1.232e+3, -3.292e-5
1.232e+3, -3.315e-5
1.232e+3, -3.322e-5
1.232e+3, -3.315e-5
1.232e+3, -3.333e-5
1.232e+3, -3.321e-5
1.232e+3, -3.317e-5
1.232e+3, -3.325e-5
1.232e+3, -3.327e-5
1.233e+3, -3.330e-5
1.233e+3, -3.316e-5
1.233e+3, -3.324e-5
1.233e+3, -3.326e-5
1.233e+3, -3.316e-5
1.233e+3, -3.298e-5
1.233e+3, -3.346e-5
1.233e+3, -3.338e-5
1.233e+3, -3.321e-5
1.233e+3, -3.329e-5
1.234e+3, -3.328e-5
1.234e+3, -3.325e-5
1.234e+3, -3.325e-5
1.234e+3, -3.327e-5
1.234e+3, -3.328e-5
1.234e+3, -3.329e-5
1.234e+3, -3.329e-5
1.234e+3, -3.316e-5
1.234e+3, -3.327e-5
1.234e+3, -3.327e-5
1.235e+3, -3.333e-5
1.235e+3, -3.331e-5
1.235e+3, -3.322e-5
1.235e+3, -3.322e-5
1.235e+3, -3.339e-5
1.235e+3, -3.333e-5
1.235e+3, -3.314e-5
1.235e+3, -3.314e-5
1.235e+3, -3.332e-5
1.235e+3, -3.330e-5
1.236e+3, -3.317e-5
1.236e+3, -3.309e-5
1.236e+3, -3.320e-5
1.236e+3, -3.330e-5
1.236e+3, -3.301e-5
1.236e+3, -3.328e-5
1.236e+3, -3.328e-5
1.236e+3, -3.330e-5
1.236e+3, -3.312e-5
1.236e+3, -3.285e-5
1.237e+3, -3.342e-5
1.237e+3, -3.345e-5
1.237e+3, -3.343e-5
1.237e+3, -3.331e-5
1.237e+3, -3.335e-5
1.237e+3, -3.342e-5
1.237e+3, -3.335e-5
1.237e+3, -3.348e-5
1.237e+3, -3.326e-5
1.237e+3, -3.340e-5
1.238e+3, -3.346e-5
1.238e+3, -3.330e-5
1.238e+3, -3.329e-5
1.238e+3, -3.325e-5
1.238e+3, -3.317e-5
1.238e+3, -3.318e-5
1.238e+3, -3.321e-5
1.238e+3, -3.327e-5
1.238e+3, -3.328e-5
1.238e+3, -3.319e-5
1.239e+3, -3.320e-5
1.239e+3, -3.320e-5
1.239e+3, -3.329e-5
1.239e+3, -3.324e-5
1.239e+3, -3.325e-5
1.239e+3, -3.317e-5
1.239e+3, -3.326e-5
1.239e+3, -3.324e-5
1.239e+3, -3.321e-5
1.239e+3, -2.820e-5
1.240e+3, -2.808e-5
1.240e+3, -2.807e-5
1.240e+3, -2.794e-5
1.240e+3, -2.796e-5
1.240e+3, -2.802e-5
1.240e+3, -2.809e-5
1.240e+3, -2.803e-5
1.240e+3, -2.824e-5
1.240e+3, -2.809e-5
1.240e+3, -2.808e-5
1.241e+3, -2.822e-5
1.241e+3, -2.814e-5
1.241e+3, -2.813e-5
1.241e+3, -2.811e-5
1.241e+3, -2.819e-5
1.241e+3, -2.820e-5
1.241e+3, -2.813e-5
1.241e+3, -2.814e-5
1.241e+3, -2.801e-5
1.241e+3, -2.825e-5
1.242e+3, -2.827e-5
1.242e+3, -2.809e-5
1.242e+3, -2.817e-5
1.242e+3, -2.814e-5
1.242e+3, -2.807e-5
1.242e+3, -2.804e-5
1.242e+3, -2.810e-5
1.242e+3, -2.812e-5
1.242e+3, -2.818e-5
1.242e+3, -2.809e-5
1.243e+3, -2.815e-5
1.243e+3, -2.809e-5
1.243e+3, -2.808e-5
1.243e+3, -2.808e-5
1.243e+3, -2.816e-5
1.243e+3, -2.808e-5
1.243e+3, -2.813e-5
1.243e+3, -2.836e-5
1.243e+3, -2.826e-5
1.243e+3, -2.825e-5
1.244e+3, -2.833e-5
1.244e+3, -2.831e-5
1.244e+3, -2.821e-5
1.244e+3, -2.828e-5
1.244e+3, -2.849e-5
1.244e+3, -2.828e-5
1.244e+3, -2.835e-5
1.244e+3, -2.820e-5
1.244e+3, -2.828e-5
1.244e+3, -2.820e-5
1.245e+3, -2.825e-5
1.245e+3, -2.811e-5
1.245e+3, -2.833e-5
1.245e+3, -2.829e-5
1.245e+3, -2.830e-5
1.245e+3, -2.822e-5
1.245e+3, -2.821e-5
1.245e+3, -2.816e-5
1.245e+3, -2.802e-5
1.245e+3, -2.809e-5
1.246e+3, -2.807e-5
1.246e+3, -2.813e-5
1.246e+3, -2.812e-5
1.246e+3, -2.797e-5
1.246e+3, -2.798e-5
1.246e+3, -2.807e-5
1.246e+3, -2.808e-5
1.246e+3, -2.815e-5
1.246e+3, -2.818e-5
1.246e+3, -2.810e-5
1.247e+3, -2.808e-5
1.247e+3, -2.829e-5
1.247e+3, -2.819e-5
1.247e+3, -2.816e-5
1.247e+3, -2.834e-5
1.247e+3, -2.824e-5
1.247e+3, -2.811e-5
1.247e+3, -2.833e-5
1.247e+3, -2.831e-5
1.247e+3, -2.816e-5
1.248e+3, -2.829e-5
1.248e+3, -2.582e-5
1.248e+3, -2.576e-5
1.248e+3, -2.576e-5
1.248e+3, -2.562e-5
1.248e+3, -2.570e-5
1.248e+3, -2.597e-5
1.248e+3, -2.592e-5
1.248e+3, -2.567e-5
1.248e+3, -2.574e-5
1.249e+3, -2.584e-5
1.249e+3, -2.580e-5
1.249e+3, -2.586e-5
1.249e+3, -2.575e-5
1.249e+3, -2.567e-5
1.249e+3, -2.593e-5
1.249e+3, -2.589e-5
1.249e+3, -2.576e-5
1.249e+3, -2.583e-5
1.249e+3, -2.582e-5
1.250e+3, -2.584e-5
1.250e+3, -2.581e-5
1.250e+3, -2.588e-5
1.250e+3, -2.590e-5
1.250e+3, -2.572e-5
1.250e+3, -2.572e-5
1.250e+3, -2.586e-5
1.250e+3, -2.584e-5
1.250e+3, -2.580e-5
1.250e+3, -2.577e-5
1.251e+3, -2.568e-5
1.251e+3, -2.575e-5
1.251e+3, -2.575e-5
1.251e+3, -2.584e-5
1.251e+3, -2.572e-5
1.251e+3, -2.584e-5
1.251e+3, -2.585e-5
1.251e+3, -2.587e-5
1.251e+3, -2.589e-5
1.251e+3, -2.589e-5
1.252e+3, -2.591e-5
1.252e+3, -2.589e-5
1.252e+3, -2.609e-5
1.252e+3, -2.600e-5
1.252e+3, -2.589e-5
1.252e+3, -2.593e-5
1.252e+3, -2.599e-5
1.252e+3, -2.586e-5
1.252e+3, -2.589e-5
1.252e+3, -2.591e-5
1.253e+3, -2.586e-5
1.253e+3, -2.579e-5
1.253e+3, -2.590e-5
1.253e+3, -2.591e-5
1.253e+3, -2.591e-5
1.253e+3, -2.585e-5
1.253e+3, -2.586e-5
1.253e+3, -2.587e-5
1.253e+3, -2.590e-5
1.253e+3, -2.601e-5
1.254e+3, -2.583e-5
1.254e+3, -2.598e-5
1.254e+3, -2.589e-5
1.254e+3, -2.590e-5
1.254e+3, -2.585e-5
1.254e+3, -2.586e-5
1.254e+3, -2.572e-5
1.254e+3, -2.596e-5
1.254e+3, -2.581e-5
1.254e+3, -2.577e-5
1.255e+3, -2.584e-5
1.255e+3, -2.583e-5
1.255e+3, -2.584e-5
1.255e+3, -2.579e-5
1.255e+3, -2.582e-5
1.255e+3, -2.578e-5
1.255e+3, -2.580e-5
1.255e+3, -2.590e-5
1.255e+3, -2.591e-5
1.255e+3, -2.581e-5
1.256e+3, -2.582e-5
1.256e+3, -2.583e-5
1.256e+3, -2.578e-5
1.256e+3, -2.418e-5
1.256e+3, -2.424e-5
1.256e+3, -2.415e-5
1.256e+3, -2.411e-5
1.256e+3, -2.405e-5
1.256e+3, -2.414e-5
1.256e+3, -2.428e-5
1.257e+3, -2.436e-5
1.257e+3, -2.429e-5
1.257e+3, -2.413e-5
1.257e+3, -2.439e-5
1.257e+3, -2.433e-5
1.257e+3, -2.428e-5
1.257e+3, -2.424e-5
1.257e+3, -2.424e-5
1.257e+3, -2.426e-5
1.257e+3, -2.426e-5
1.258e+3, -2.429e-5
1.258e+3, -2.423e-5
1.258e+3, -2.427e-5
1.258e+3, -2.428e-5
1.258e+3, -2.428e-5
1.258e+3, -2.433e-5
1.258e+3, -2.427e-5
1.258e+3, -2.430e-5
1.258e+3, -2.428e-5
1.258e+3, -2.432e-5
1.259e+3, -2.432e-5
1.259e+3, -2.434e-5
1.259e+3, -2.429e-5
1.259e+3, -2.435e-5
1.259e+3, -2.432e-5
1.259e+3, -2.440e-5
1.259e+3, -2.434e-5
1.259e+3, -2.432e-5
1.259e+3, -2.425e-5
1.259e+3, -2.436e-5
1.260e+3, -2.430e-5
1.260e+3, -2.430e-5
1.260e+3, -2.425e-5
1.260e+3, -2.425e-5
1.260e+3, -2.423e-5
1.260e+3, -2.412e-5
1.260e+3, -2.411e-5
1.260e+3, -2.415e-5
1.260e+3, -2.429e-5
1.260e+3, -2.420e-5
1.261e+3, -2.421e-5
1.261e+3, -2.421e-5
1.261e+3, -2.415e-5
1.261e+3, -2.413e-5
1.261e+3, -2.422e-5
1.261e+3, -2.425e-5
1.261e+3, -2.434e-5
1.261e+3, -2.432e-5
1.261e+3, -2.427e-5
1.261e+3, -2.420e-5
1.262e+3, -2.422e-5
1.262e+3, -2.421e-5
1.262e+3, -2.426e-5
1.262e+3, -2.421e-5
1.262e+3, -2.444e-5
1.262e+3, -2.438e-5
1.262e+3, -2.432e-5
1.262e+3, -2.438e-5
1.262e+3, -2.424e-5
1.262e+3, -2.435e-5
1.263e+3, -2.424e-5
1.263e+3, -2.421e-5
1.263e+3, -2.430e-5
1.263e+3, -2.430e-5
1.263e+3, -2.427e-5
1.263e+3, -2.440e-5
1.263e+3, -2.428e-5
1.263e+3, -2.431e-5
1.263e+3, -2.423e-5
1.263e+3, -2.428e-5
1.264e+3, -2.431e-5
1.264e+3, -2.422e-5
1.264e+3, -2.432e-5
1.264e+3, -2.426e-5
1.264e+3, -2.441e-5
1.264e+3, -2.251e-5
1.264e+3, -2.210e-5
1.264e+3, -2.219e-5
1.264e+3, -2.222e-5
1.264e+3, -2.227e-5
1.265e+3, -2.236e-5
1.265e+3, -2.256e-5
1.265e+3, -2.250e-5
1.265e+3, -2.252e-5
1.265e+3, -2.231e-5
1.265e+3, -2.238e-5
1.265e+3, -2.239e-5
1.265e+3, -2.237e-5
1.265e+3, -2.239e-5
1.265e+3, -2.227e-5
1.266e+3, -2.244e-5
1.266e+3, -2.243e-5
1.266e+3, -2.239e-5
1.266e+3, -2.235e-5
1.266e+3, -2.237e-5
1.266e+3, -2.234e-5
1.266e+3, -2.233e-5
1.266e+3, -2.228e-5
1.266e+3, -2.248e-5
1.266e+3, -2.228e-5
1.267e+3, -2.236e-5
1.267e+3, -2.231e-5
1.267e+3, -2.232e-5
1.267e+3, -2.229e-5
1.267e+3, -2.224e-5
1.267e+3, -2.242e-5
1.267e+3, -2.239e-5
1.267e+3, -2.229e-5
1.267e+3, -2.230e-5
1.267e+3, -2.229e-5
1.268e+3, -2.231e-5
1.268e+3, -2.229e-5
1.268e+3, -2.230e-5
1.268e+3, -2.237e-5
1.268e+3, -2.239e-5
1.268e+3, -2.237e-5
1.268e+3, -2.253e-5
1.268e+3, -2.249e-5
1.268e+3, -2.231e-5
1.268e+3, -2.239e-5
1.269e+3, -2.242e-5
1.269e+3, -2.238e-5
1.269e+3, -2.236e-5
1.269e+3, -2.230e-5
1.269e+3, -2.237e-5
1.269e+3, -2.247e-5
1.269e+3, -2.239e-5
1.269e+3, -2.238e-5
1.269e+3, -2.237e-5
1.269e+3, -2.240e-5
1.270e+3, -2.236e-5
1.270e+3, -2.241e-5
1.270e+3, -2.237e-5
1.270e+3, -2.246e-5
1.270e+3, -2.240e-5
1.270e+3, -2.235e-5
1.270e+3, -2.238e-5
1.270e+3, -2.237e-5
1.270e+3, -2.234e-5
1.270e+3, -2.238e-5
1.271e+3, -2.236e-5
1.271e+3, -2.243e-5
1.271e+3, -2.243e-5
1.271e+3, -2.241e-5
1.271e+3, -2.243e-5
1.271e+3, -2.240e-5
1.271e+3, -2.237e-5
1.271e+3, -2.243e-5
1.271e+3, -2.245e-5
1.271e+3, -2.238e-5
1.272e+3, -2.235e-5
1.272e+3, -2.253e-5
1.272e+3, -2.247e-5
1.272e+3, -2.245e-5
1.272e+3, -2.241e-5
1.272e+3, -2.237e-5
1.272e+3, -2.240e-5
1.272e+3, -2.060e-5
1.272e+3, -1.983e-5
1.272e+3, -1.977e-5
1.273e+3, -1.978e-5
1.273e+3, -1.981e-5
1.273e+3, -1.992e-5
1.273e+3, -2.010e-5
1.273e+3, -2.008e-5
1.273e+3, -2.002e-5
1.273e+3, -1.997e-5
1.273e+3, -2.017e-5
1.273e+3, -2.007e-5
1.273e+3, -2.008e-5
1.274e+3, -2.001e-5
1.274e+3, -1.999e-5
1.274e+3, -1.999e-5
1.274e+3, -2.004e-5
1.274e+3, -1.996e-5
1.274e+3, -2.007e-5
1.274e+3, -2.016e-5
1.274e+3, -1.998e-5
1.274e+3, -2.006e-5
1.274e+3, -2.000e-5
1.275e+3, -2.002e-5
1.275e+3, -1.999e-5
1.275e+3, -1.996e-5
1.275e+3, -2.000e-5
1.275e+3, -1.997e-5
1.275e+3, -2.006e-5
1.275e+3, -2.005e-5
1.275e+3, -2.002e-5
1.275e+3, -1.997e-5
1.275e+3, -2.000e-5
1.276e+3, -2.003e-5
1.276e+3, -2.002e-5
1.276e+3, -1.994e-5
1.276e+3, -2.008e-5
1.276e+3, -2.007e-5
1.276e+3, -2.009e-5
1.276e+3, -2.002e-5
1.276e+3, -2.000e-5
1.276e+3, -2.000e-5
1.276e+3, -1.999e-5
1.277e+3, -2.007e-5
1.277e+3, -1.993e-5
1.277e+3, -1.987e-5
1.277e+3, -2.005e-5
1.277e+3, -2.014e-5
1.277e+3, -1.998e-5
1.277e+3, -2.006e-5
1.277e+3, -2.003e-5
1.277e+3, -2.001e-5
1.277e+3, -2.001e-5
1.278e+3, -2.002e-5
1.278e+3, -2.004e-5
1.278e+3, -1.992e-5
1.278e+3, -2.000e-5
1.278e+3, -2.001e-5
1.278e+3, -2.000e-5
1.278e+3, -1.999e-5
1.278e+3, -1.983e-5
1.278e+3, -1.998e-5
1.278e+3, -2.008e-5
1.279e+3, -2.005e-5
1.279e+3, -2.008e-5
1.279e+3, -2.002e-5
1.279e+3, -1.996e-5
1.279e+3, -1.987e-5
1.279e+3, -2.011e-5
1.279e+3, -2.000e-5
1.279e+3, -2.000e-5
1.279e+3, -1.998e-5
1.279e+3, -1.998e-5
1.280e+3, -2.003e-5
1.280e+3, -2.001e-5
1.280e+3, -1.994e-5
1.280e+3, -1.994e-5
1.280e+3, -2.006e-5
1.280e+3, -2.006e-5
1.280e+3, -1.996e-5
1.280e+3, -2.000e-5
1.280e+3, -2.010e-5
1.280e+3, -1.866e-5
1.281e+3, -1.720e-5
1.281e+3, -1.721e-5
1.281e+3, -1.719e-5
1.281e+3, -1.712e-5
1.281e+3, -1.724e-5
1.281e+3, -1.734e-5
1.281e+3, -1.735e-5
1.281e+3, -1.728e-5
1.281e+3, -1.720e-5
1.281e+3, -1.741e-5
1.282e+3, -1.740e-5
1.282e+3, -1.732e-5
1.282e+3, -1.734e-5
1.282e+3, -1.734e-5
1.282e+3, -1.737e-5
1.282e+3, -1.733e-5
1.282e+3, -1.729e-5
1.282e+3, -1.728e-5
1.282e+3, -1.728e-5
1.282e+3, -1.737e-5
1.283e+3, -1.726e-5
1.283e+3, -1.728e-5
1.283e+3, -1.732e-5
1.283e+3, -1.726e-5
1.283e+3, -1.727e-5
1.283e+3, -1.723e-5
1.283e+3, -1.736e-5
1.283e+3, -1.739e-5
1.283e+3, -1.734e-5
1.283e+3, -1.731e-5
1.284e+3, -1.738e-5
1.284e+3, -1.733e-5
1.284e+3, -1.730e-5
1.284e+3, -1.728e-5
1.284e+3, -1.725e-5
1.284e+3, -1.732e-5
1.284e+3, -1.735e-5
1.284e+3, -1.732e-5
1.284e+3, -1.734e-5
1.284e+3, -1.736e-5
1.285e+3, -1.732e-5
1.285e+3, -1.723e-5
1.285e+3, -1.737e-5
1.285e+3, -1.736e-5
1.285e+3, -1.730e-5
1.285e+3, -1.744e-5
1.285e+3, -1.740e-5
1.285e+3, -1.745e-5
1.285e+3, -1.737e-5
1.285e+3, -1.729e-5
1.286e+3, -1.732e-5
1.286e+3, -1.732e-5
1.286e+3, -1.737e-5
1.286e+3, -1.727e-5
1.286e+3, -1.737e-5
1.286e+3, -1.734e-5
1.286e+3, -1.734e-5
1.286e+3, -1.726e-5
1.286e+3, -1.729e-5
1.286e+3, -1.735e-5
1.287e+3, -1.739e-5
1.287e+3, -1.731e-5
1.287e+3, -1.736e-5
1.287e+3, -1.731e-5
1.287e+3, -1.737e-5
1.287e+3, -1.739e-5
1.287e+3, -1.734e-5
1.287e+3, -1.732e-5
1.287e+3, -1.742e-5
1.287e+3, -1.735e-5
1.288e+3, -1.741e-5
1.288e+3, -1.734e-5
1.288e+3, -1.735e-5
1.288e+3, -1.733e-5
1.288e+3, -1.732e-5
1.288e+3, -1.730e-5
1.288e+3, -1.744e-5
1.288e+3, -1.734e-5
1.288e+3, -1.732e-5
1.288e+3, -1.731e-5
1.289e+3, -1.732e-5
1.289e+3, -1.640e-5
1.289e+3, -1.458e-5
1.289e+3, -1.456e-5
1.289e+3, -1.455e-5
1.289e+3, -1.466e-5
1.289e+3, -1.460e-5
1.289e+3, -1.475e-5
1.289e+3, -1.469e-5
1.289e+3, -1.475e-5
1.290e+3, -1.472e-5
1.290e+3, -1.470e-5
1.290e+3, -1.464e-5
1.290e+3, -1.480e-5
1.290e+3, -1.468e-5
1.290e+3, -1.469e-5
1.290e+3, -1.471e-5
1.290e+3, -1.472e-5
1.290e+3, -1.473e-5
1.290e+3, -1.473e-5
1.291e+3, -1.470e-5
1.291e+3, -1.473e-5
1.291e+3, -1.470e-5
1.291e+3, -1.470e-5
1.291e+3, -1.479e-5
1.291e+3, -1.473e-5
1.291e+3, -1.469e-5
1.291e+3, -1.477e-5
1.291e+3, -1.473e-5
1.291e+3, -1.471e-5
1.292e+3, -1.475e-5
1.292e+3, -1.476e-5
1.292e+3, -1.475e-5
1.292e+3, -1.470e-5
1.292e+3, -1.469e-5
1.292e+3, -1.476e-5
1.292e+3, -1.477e-5
1.292e+3, -1.467e-5
1.292e+3, -1.475e-5
1.292e+3, -1.471e-5
1.293e+3, -1.471e-5
1.293e+3, -1.473e-5
1.293e+3, -1.474e-5
1.293e+3, -1.471e-5
1.293e+3, -1.471e-5
1.293e+3, -1.479e-5
1.293e+3, -1.481e-5
1.293e+3, -1.474e-5
1.293e+3, -1.477e-5
1.293e+3, -1.475e-5
1.294e+3, -1.475e-5
1.294e+3, -1.476e-5
1.294e+3, -1.468e-5
1.294e+3, -1.481e-5
1.294e+3, -1.477e-5
1.294e+3, -1.476e-5
1.294e+3, -1.475e-5
1.294e+3, -1.474e-5
1.294e+3, -1.473e-5
1.294e+3, -1.472e-5
1.295e+3, -1.469e-5
1.295e+3, -1.472e-5
1.295e+3, -1.477e-5
1.295e+3, -1.477e-5
1.295e+3, -1.464e-5
1.295e+3, -1.465e-5
1.295e+3, -1.465e-5
1.295e+3, -1.473e-5
1.295e+3, -1.472e-5
1.295e+3, -1.477e-5
1.296e+3, -1.474e-5
1.296e+3, -1.476e-5
1.296e+3, -1.478e-5
1.296e+3, -1.485e-5
1.296e+3, -1.474e-5
1.296e+3, -1.479e-5
1.296e+3, -1.477e-5
1.296e+3, -1.474e-5
1.296e+3, -1.473e-5
1.296e+3, -1.481e-5
1.297e+3, -1.479e-5
1.297e+3, -1.473e-5
1.297e+3, -1.475e-5
1.297e+3, -1.445e-5
1.297e+3, -1.297e-5
1.297e+3, -1.302e-5
1.297e+3, -1.299e-5
1.297e+3, -1.298e-5
1.297e+3, -1.301e-5
1.297e+3, -1.313e-5
1.298e+3, -1.313e-5
1.298e+3, -1.309e-5
1.298e+3, -1.316e-5
1.298e+3, -1.312e-5
1.298e+3, -1.310e-5
1.298e+3, -1.311e-5
1.298e+3, -1.312e-5
1.298e+3, -1.310e-5
1.298e+3, -1.311e-5
1.298e+3, -1.316e-5
1.299e+3, -1.308e-5
1.299e+3, -1.314e-5
1.299e+3, -1.309e-5
1.299e+3, -1.307e-5
1.299e+3, -1.310e-5
1.299e+3, -1.309e-5
1.299e+3, -1.309e-5
1.299e+3, -1.305e-5
1.299e+3, -1.306e-5
1.299e+3, -1.309e-5
1.300e+3, -1.305e-5
1.300e+3, -1.305e-5
1.300e+3, -1.306e-5
1.300e+3, -1.310e-5
1.300e+3, -1.312e-5
1.300e+3, -1.311e-5
1.300e+3, -1.312e-5
1.300e+3, -1.313e-5
1.300e+3, -1.311e-5
1.300e+3, -1.313e-5
1.301e+3, -1.313e-5
1.301e+3, -1.305e-5
1.301e+3, -1.303e-5
1.301e+3, -1.314e-5
1.301e+3, -1.308e-5
1.301e+3, -1.313e-5
1.301e+3, -1.311e-5
1.301e+3, -1.307e-5
1.301e+3, -1.310e-5
1.301e+3, -1.307e-5
1.302e+3, -1.308e-5
1.302e+3, -1.305e-5
1.302e+3, -1.305e-5
1.302e+3, -1.304e-5
1.302e+3, -1.313e-5
1.302e+3, -1.310e-5
1.302e+3, -1.320e-5
1.302e+3, -1.312e-5
1.302e+3, -1.307e-5
1.302e+3, -1.307e-5
1.303e+3, -1.311e-5
1.303e+3, -1.312e-5
1.303e+3, -1.304e-5
1.303e+3, -1.310e-5
1.303e+3, -1.313e-5
1.303e+3, -1.314e-5
1.303e+3, -1.304e-5
1.303e+3, -1.306e-5
1.303e+3, -1.309e-5
1.303e+3, -1.306e-5
1.304e+3, -1.307e-5
1.304e+3, -1.304e-5
1.304e+3, -1.301e-5
1.304e+3, -1.316e-5
1.304e+3, -1.315e-5
1.304e+3, -1.309e-5
1.304e+3, -1.308e-5
1.304e+3, -1.312e-5
1.304e+3, -1.309e-5
1.304e+3, -1.310e-5
1.305e+3, -1.303e-5
1.305e+3, -1.312e-5
1.305e+3, -1.320e-5
1.305e+3, -1.314e-5
1.305e+3, -1.308e-5
1.305e+3, -1.304e-5
1.305e+3, -1.256e-5
1.305e+3, -1.260e-5
1.305e+3, -1.257e-5
1.305e+3, -1.251e-5
1.306e+3, -1.263e-5
1.306e+3, -1.265e-5
1.306e+3, -1.268e-5
1.306e+3, -1.265e-5
1.306e+3, -1.266e-5
1.306e+3, -1.266e-5
1.306e+3, -1.265e-5
1.306e+3, -1.265e-5
1.306e+3, -1.262e-5
1.306e+3, -1.272e-5
1.307e+3, -1.266e-5
1.307e+3, -1.263e-5
1.307e+3, -1.262e-5
1.307e+3, -1.267e-5
1.307e+3, -1.267e-5
1.307e+3, -1.265e-5
1.307e+3, -1.256e-5
1.307e+3, -1.266e-5
1.307e+3, -1.272e-5
1.307e+3, -1.266e-5
1.308e+3, -1.266e-5
1.308e+3, -1.265e-5
1.308e+3, -1.264e-5
1.308e+3, -1.267e-5
1.308e+3, -1.259e-5
1.308e+3, -1.267e-5
1.308e+3, -1.268e-5
1.308e+3, -1.267e-5
1.308e+3, -1.267e-5
1.308e+3, -1.269e-5
1.309e+3, -1.266e-5
1.309e+3, -1.263e-5
1.309e+3, -1.260e-5
1.309e+3, -1.264e-5
1.309e+3, -1.266e-5
1.309e+3, -1.264e-5
1.309e+3, -1.262e-5
1.309e+3, -1.268e-5
1.309e+3, -1.261e-5
1.309e+3, -1.264e-5
1.310e+3, -1.264e-5
1.310e+3, -1.258e-5
1.310e+3, -1.262e-5
1.310e+3, -1.266e-5
1.310e+3, -1.262e-5
1.310e+3, -1.263e-5
1.310e+3, -1.271e-5
1.310e+3, -1.266e-5
1.310e+3, -1.266e-5
1.310e+3, -1.262e-5
1.311e+3, -1.267e-5
1.311e+3, -1.267e-5
1.311e+3, -1.264e-5
1.311e+3, -1.262e-5
1.311e+3, -1.257e-5
1.311e+3, -1.273e-5
1.311e+3, -1.267e-5
1.311e+3, -1.267e-5
1.311e+3, -1.266e-5
1.311e+3, -1.266e-5
1.312e+3, -1.264e-5
1.312e+3, -1.265e-5
1.312e+3, -1.264e-5
1.312e+3, -1.267e-5
1.312e+3, -1.270e-5
1.312e+3, -1.270e-5
1.312e+3, -1.268e-5
1.312e+3, -1.269e-5
1.312e+3, -1.270e-5
1.312e+3, -1.268e-5
1.313e+3, -1.270e-5
1.313e+3, -1.271e-5
1.313e+3, -1.274e-5
1.313e+3, -1.271e-5
1.313e+3, -1.268e-5
1.313e+3, -1.268e-5
1.313e+3, -1.267e-5
1.313e+3, -1.260e-5
1.313e+3, -1.236e-5
1.313e+3, -1.234e-5
1.314e+3, -1.232e-5
1.314e+3, -1.230e-5
1.314e+3, -1.232e-5
1.314e+3, -1.241e-5
1.314e+3, -1.239e-5
1.314e+3, -1.241e-5
1.314e+3, -1.248e-5
1.314e+3, -1.247e-5
1.314e+3, -1.242e-5
1.314e+3, -1.243e-5
1.315e+3, -1.240e-5
1.315e+3, -1.239e-5
1.315e+3, -1.245e-5
1.315e+3, -1.244e-5
1.315e+3, -1.245e-5
1.315e+3, -1.242e-5
1.315e+3, -1.241e-5
1.315e+3, -1.241e-5
1.315e+3, -1.244e-5
1.315e+3, -1.241e-5
1.316e+3, -1.237e-5
1.316e+3, -1.251e-5
1.316e+3, -1.245e-5
1.316e+3, -1.245e-5
1.316e+3, -1.245e-5
1.316e+3, -1.245e-5
1.316e+3, -1.246e-5
1.316e+3, -1.248e-5
1.316e+3, -1.239e-5
1.316e+3, -1.251e-5
1.317e+3, -1.247e-5
1.317e+3, -1.242e-5
1.317e+3, -1.242e-5
1.317e+3, -1.241e-5
1.317e+3, -1.243e-5
1.317e+3, -1.241e-5
1.317e+3, -1.240e-5
1.317e+3, -1.244e-5
1.317e+3, -1.239e-5
1.317e+3, -1.250e-5
1.318e+3, -1.244e-5
1.318e+3, -1.244e-5
1.318e+3, -1.239e-5
1.318e+3, -1.241e-5
1.318e+3, -1.244e-5
1.318e+3, -1.245e-5
1.318e+3, -1.238e-5
1.318e+3, -1.247e-5
1.318e+3, -1.243e-5
1.318e+3, -1.249e-5
1.319e+3, -1.241e-5
1.319e+3, -1.240e-5
1.319e+3, -1.241e-5
1.319e+3, -1.243e-5
1.319e+3, -1.248e-5
1.319e+3, -1.241e-5
1.319e+3, -1.242e-5
1.319e+3, -1.251e-5
1.319e+3, -1.244e-5
1.319e+3, -1.249e-5
1.320e+3, -1.248e-5
1.320e+3, -1.248e-5
1.320e+3, -1.247e-5
1.320e+3, -1.245e-5
1.320e+3, -1.245e-5
1.320e+3, -1.244e-5
1.320e+3, -1.242e-5
1.320e+3, -1.241e-5
1.320e+3, -1.250e-5
1.320e+3, -1.246e-5
1.321e+3, -1.244e-5
1.321e+3, -1.245e-5
1.321e+3, -1.245e-5
1.321e+3, -1.244e-5
1.321e+3, -1.251e-5
1.321e+3, -1.247e-5
1.321e+3, -1.242e-5
1.321e+3, -1.243e-5
1.321e+3, -1.242e-5
1.321e+3, -1.179e-5
1.322e+3, -1.160e-5
1.322e+3, -1.160e-5
1.322e+3, -1.154e-5
1.322e+3, -1.154e-5
1.322e+3, -1.170e-5
1.322e+3, -1.175e-5
1.322e+3, -1.172e-5
1.322e+3, -1.169e-5
1.322e+3, -1.164e-5
1.322e+3, -1.174e-5
1.323e+3, -1.170e-5
1.323e+3, -1.176e-5
1.323e+3, -1.168e-5
1.323e+3, -1.171e-5
1.323e+3, -1.170e-5
1.323e+3, -1.172e-5
1.323e+3, -1.167e-5
1.323e+3, -1.169e-5
1.323e+3, -1.178e-5
1.323e+3, -1.166e-5
1.324e+3, -1.170e-5
1.324e+3, -1.166e-5
1.324e+3, -1.168e-5
1.324e+3, -1.163e-5
1.324e+3, -1.164e-5
1.324e+3, -1.168e-5
1.324e+3, -1.170e-5
1.324e+3, -1.165e-5
1.324e+3, -1.164e-5
1.324e+3, -1.168e-5
1.325e+3, -1.163e-5
1.325e+3, -1.167e-5
1.325e+3, -1.164e-5
1.325e+3, -1.168e-5
1.325e+3, -1.167e-5
1.325e+3, -1.170e-5
1.325e+3, -1.168e-5
1.325e+3, -1.166e-5
1.325e+3, -1.171e-5
1.325e+3, -1.171e-5
1.326e+3, -1.166e-5
1.326e+3, -1.168e-5
1.326e+3, -1.171e-5
1.326e+3, -1.167e-5
1.326e+3, -1.167e-5
1.326e+3, -1.173e-5
1.326e+3, -1.171e-5
1.326e+3, -1.165e-5
1.326e+3, -1.172e-5
1.326e+3, -1.172e-5
1.327e+3, -1.170e-5
1.327e+3, -1.170e-5
1.327e+3, -1.171e-5
1.327e+3, -1.171e-5
1.327e+3, -1.170e-5
1.327e+3, -1.161e-5
1.327e+3, -1.174e-5
1.327e+3, -1.166e-5
1.327e+3, -1.169e-5
1.327e+3, -1.165e-5
1.328e+3, -1.169e-5
1.328e+3, -1.172e-5
1.328e+3, -1.174e-5
1.328e+3, -1.169e-5
1.328e+3, -1.163e-5
1.328e+3, -1.173e-5
1.328e+3, -1.173e-5
1.328e+3, -1.170e-5
1.328e+3, -1.172e-5
1.328e+3, -1.171e-5
1.329e+3, -1.170e-5
1.329e+3, -1.171e-5
1.329e+3, -1.168e-5
1.329e+3, -1.166e-5
1.329e+3, -1.172e-5
1.329e+3, -1.168e-5
1.329e+3, -1.170e-5
1.329e+3, -1.168e-5
1.329e+3, -1.170e-5
1.329e+3, -1.168e-5
1.330e+3, -1.169e-5
1.330e+3, -1.040e-5
1.330e+3, -1.022e-5
1.330e+3, -1.026e-5
1.330e+3, -1.024e-5
1.330e+3, -1.025e-5
1.330e+3, -1.027e-5
1.330e+3, -1.026e-5
1.330e+3, -1.023e-5
1.330e+3, -1.029e-5
1.331e+3, -1.029e-5
1.331e+3, -1.028e-5
1.331e+3, -1.029e-5
1.331e+3, -1.029e-5
1.331e+3, -1.031e-5
1.331e+3, -1.029e-5
1.331e+3, -1.033e-5
1.331e+3, -1.033e-5
1.331e+3, -1.032e-5
1.331e+3, -1.029e-5
1.332e+3, -1.025e-5
1.332e+3, -1.028e-5
1.332e+3, -1.030e-5
1.332e+3, -1.031e-5
1.332e+3, -1.032e-5
1.332e+3, -1.029e-5
1.332e+3, -1.030e-5
1.332e+3, -1.032e-5
1.332e+3, -1.028e-5
1.332e+3, -1.030e-5
1.333e+3, -1.032e-5
1.333e+3, -1.029e-5
1.333e+3, -1.031e-5
1.333e+3, -1.030e-5
1.333e+3, -1.026e-5
1.333e+3, -1.036e-5
1.333e+3, -1.029e-5
1.333e+3, -1.029e-5
1.333e+3, -1.032e-5
1.333e+3, -1.031e-5
1.334e+3, -1.031e-5
1.334e+3, -1.031e-5
1.334e+3, -1.026e-5
1.334e+3, -1.033e-5
1.334e+3, -1.036e-5
1.334e+3, -1.032e-5
1.334e+3, -1.031e-5
1.334e+3, -1.031e-5
1.334e+3, -1.029e-5
1.334e+3, -1.028e-5
1.335e+3, -1.028e-5
1.335e+3, -1.030e-5
1.335e+3, -1.037e-5
1.335e+3, -1.028e-5
1.335e+3, -1.031e-5
1.335e+3, -1.029e-5
1.335e+3, -1.030e-5
1.335e+3, -1.034e-5
1.335e+3, -1.033e-5
1.335e+3, -1.032e-5
1.336e+3, -1.032e-5
1.336e+3, -1.033e-5
1.336e+3, -1.032e-5
1.336e+3, -1.031e-5
1.336e+3, -1.031e-5
1.336e+3, -1.031e-5
1.336e+3, -1.031e-5
1.336e+3, -1.027e-5
1.336e+3, -1.029e-5
1.336e+3, -1.031e-5
1.337e+3, -1.036e-5
1.337e+3, -1.031e-5
1.337e+3, -1.029e-5
1.337e+3, -1.028e-5
1.337e+3, -1.029e-5
1.337e+3, -1.030e-5
1.337e+3, -1.028e-5
1.337e+3, -1.026e-5
1.337e+3, -1.033e-5
1.337e+3, -1.032e-5
1.338e+3, -1.025e-5
1.338e+3, -1.025e-5
1.338e+3, -1.025e-5
1.338e+3, -8.715e-6
1.338e+3, -8.637e-6
1.338e+3, -8.630e-6
1.338e+3, -8.644e-6
1.338e+3, -8.677e-6
1.338e+3, -8.723e-6
1.338e+3, -8.666e-6
1.339e+3, -8.680e-6
1.339e+3, -8.681e-6
1.339e+3, -8.694e-6
1.339e+3, -8.699e-6
1.339e+3, -8.719e-6
1.339e+3, -8.660e-6
1.339e+3, -8.725e-6
1.339e+3, -8.698e-6
1.339e+3, -8.687e-6
1.339e+3, -8.673e-6
1.340e+3, -8.675e-6
1.340e+3, -8.690e-6
1.340e+3, -8.677e-6
1.340e+3, -8.693e-6
1.340e+3, -8.667e-6
1.340e+3, -8.700e-6
1.340e+3, -8.721e-6
1.340e+3, -8.655e-6
1.340e+3, -8.697e-6
1.340e+3, -8.698e-6
1.341e+3, -8.690e-6
1.341e+3, -8.668e-6
1.341e+3, -8.668e-6
1.341e+3, -8.727e-6
1.341e+3, -8.687e-6
1.341e+3, -8.635e-6
1.341e+3, -8.642e-6
1.341e+3, -8.682e-6
1.341e+3, -8.688e-6
1.341e+3, -8.671e-6
1.342e+3, -8.673e-6
1.342e+3, -8.715e-6
1.342e+3, -8.715e-6
1.342e+3, -8.664e-6
1.342e+3, -8.652e-6
1.342e+3, -8.672e-6
1.342e+3, -8.684e-6
1.342e+3, -8.683e-6
1.342e+3, -8.628e-6
1.342e+3, -8.678e-6
1.343e+3, -8.713e-6
1.343e+3, -8.622e-6
1.343e+3, -8.650e-6
1.343e+3, -8.656e-6
1.343e+3, -8.688e-6
1.343e+3, -8.693e-6
1.343e+3, -8.677e-6
1.343e+3, -8.618e-6
1.343e+3, -8.738e-6
1.343e+3, -8.661e-6
1.344e+3, -8.659e-6
1.344e+3, -8.688e-6
1.344e+3, -8.659e-6
1.344e+3, -8.673e-6
1.344e+3, -8.686e-6
1.344e+3, -8.701e-6
1.344e+3, -8.685e-6
1.344e+3, -8.685e-6
1.344e+3, -8.626e-6
1.344e+3, -8.725e-6
1.345e+3, -8.667e-6
1.345e+3, -8.694e-6
1.345e+3, -8.675e-6
1.345e+3, -8.680e-6
1.345e+3, -8.676e-6
1.345e+3, -8.675e-6
1.345e+3, -8.679e-6
1.345e+3, -8.668e-6
1.345e+3, -8.670e-6
1.345e+3, -8.680e-6
1.346e+3, -8.695e-6
1.346e+3, -8.669e-6
1.346e+3, -8.669e-6
1.346e+3, -8.709e-6
1.346e+3, -8.656e-6
1.346e+3, -7.493e-6
1.346e+3, -7.399e-6
1.346e+3, -7.387e-6
1.346e+3, -7.398e-6
1.346e+3, -7.395e-6
1.347e+3, -7.422e-6
1.347e+3, -7.481e-6
1.347e+3, -7.486e-6
1.347e+3, -7.465e-6
1.347e+3, -7.474e-6
1.347e+3, -7.446e-6
1.347e+3, -7.439e-6
1.347e+3, -7.438e-6
1.347e+3, -7.419e-6
1.347e+3, -7.459e-6
1.348e+3, -7.443e-6
1.348e+3, -7.435e-6
1.348e+3, -7.395e-6
1.348e+3, -7.427e-6
1.348e+3, -7.437e-6
1.348e+3, -7.429e-6
1.348e+3, -7.418e-6
1.348e+3, -7.424e-6
1.348e+3, -7.425e-6
1.348e+3, -7.413e-6
1.349e+3, -7.418e-6
1.349e+3, -7.453e-6
1.349e+3, -7.422e-6
1.349e+3, -7.411e-6
1.349e+3, -7.429e-6
1.349e+3, -7.444e-6
1.349e+3, -7.433e-6
1.349e+3, -7.405e-6
1.349e+3, -7.454e-6
1.349e+3, -7.432e-6
1.350e+3, -7.435e-6
1.350e+3, -7.444e-6
1.350e+3, -7.444e-6
1.350e+3, -7.439e-6
1.350e+3, -7.461e-6
1.350e+3, -7.511e-6
1.350e+3, -7.519e-6
1.350e+3, -7.489e-6
1.350e+3, -7.467e-6
1.350e+3, -7.449e-6
1.351e+3, -7.436e-6
1.351e+3, -7.447e-6
1.351e+3, -7.465e-6
1.351e+3, -7.430e-6
1.351e+3, -7.426e-6
1.351e+3, -7.474e-6
1.351e+3, -7.443e-6
1.351e+3, -7.418e-6
1.351e+3, -7.434e-6
1.351e+3, -7.442e-6
1.352e+3, -7.432e-6
1.352e+3, -7.462e-6
1.352e+3, -7.435e-6
1.352e+3, -7.432e-6
1.352e+3, -7.411e-6
1.352e+3, -7.470e-6
1.352e+3, -7.464e-6
1.352e+3, -7.445e-6
1.352e+3, -7.444e-6
1.352e+3, -7.438e-6
1.353e+3, -7.441e-6
1.353e+3, -7.469e-6
1.353e+3, -7.464e-6
1.353e+3, -7.481e-6
1.353e+3, -7.454e-6
1.353e+3, -7.441e-6
1.353e+3, -7.450e-6
1.353e+3, -7.440e-6
1.353e+3, -7.448e-6
1.353e+3, -7.440e-6
1.354e+3, -7.457e-6
1.354e+3, -7.430e-6
1.354e+3, -7.415e-6
1.354e+3, -7.477e-6
1.354e+3, -7.460e-6
1.354e+3, -7.450e-6
1.354e+3, -7.425e-6
1.354e+3, -6.793e-6
1.354e+3, -6.767e-6
1.354e+3, -6.748e-6
1.355e+3, -6.785e-6
1.355e+3, -6.763e-6
1.355e+3, -6.787e-6
1.355e+3, -6.803e-6
1.355e+3, -6.811e-6
1.355e+3, -6.811e-6
1.355e+3, -6.820e-6
1.355e+3, -6.813e-6
1.355e+3, -6.803e-6
1.355e+3, -6.832e-6
1.356e+3, -6.807e-6
1.356e+3, -6.799e-6
1.356e+3, -6.802e-6
1.356e+3, -6.818e-6
1.356e+3, -6.806e-6
1.356e+3, -6.798e-6
1.356e+3, -6.815e-6
1.356e+3, -6.802e-6
1.356e+3, -6.821e-6
1.356e+3, -6.813e-6
1.357e+3, -6.804e-6
1.357e+3, -6.801e-6
1.357e+3, -6.795e-6
1.357e+3, -6.797e-6
1.357e+3, -6.802e-6
1.357e+3, -6.808e-6
1.357e+3, -6.813e-6
1.357e+3, -6.778e-6
1.357e+3, -6.825e-6
1.357e+3, -6.814e-6
1.358e+3, -6.820e-6
1.358e+3, -6.799e-6
1.358e+3, -6.777e-6
1.358e+3, -6.816e-6
1.358e+3, -6.830e-6
1.358e+3, -6.820e-6
1.358e+3, -6.839e-6
1.358e+3, -6.843e-6
1.358e+3, -6.840e-6
1.358e+3, -6.806e-6
1.359e+3, -6.828e-6
1.359e+3, -6.833e-6
1.359e+3, -6.825e-6
1.359e+3, -6.818e-6
1.359e+3, -6.836e-6
1.359e+3, -6.833e-6
1.359e+3, -6.816e-6
1.359e+3, -6.789e-6
1.359e+3, -6.807e-6
1.359e+3, -6.810e-6
1.360e+3, -6.819e-6
1.360e+3, -6.811e-6
1.360e+3, -6.763e-6
1.360e+3, -6.803e-6
1.360e+3, -6.790e-6
1.360e+3, -6.789e-6
1.360e+3, -6.793e-6
1.360e+3, -6.786e-6
1.360e+3, -6.803e-6
1.360e+3, -6.792e-6
1.361e+3, -6.804e-6
1.361e+3, -6.785e-6
1.361e+3, -6.768e-6
1.361e+3, -6.813e-6
1.361e+3, -6.790e-6
1.361e+3, -6.785e-6
1.361e+3, -6.783e-6
1.361e+3, -6.783e-6
1.361e+3, -6.801e-6
1.361e+3, -6.790e-6
1.362e+3, -6.805e-6
1.362e+3, -6.774e-6
1.362e+3, -6.835e-6
1.362e+3, -6.818e-6
1.362e+3, -6.810e-6
1.362e+3, -6.820e-6
1.362e+3, -6.823e-6
1.362e+3, -6.815e-6
1.362e+3, -6.783e-6
1.362e+3, -6.844e-6
1.363e+3, -6.859e-6
1.363e+3, -6.832e-6
1.363e+3, -6.807e-6
1.363e+3, -6.808e-6
1.363e+3, -6.806e-6
1.363e+3, -6.791e-6
1.363e+3, -6.784e-6
1.363e+3, -6.812e-6
1.363e+3, -6.807e-6
1.363e+3, -6.810e-6
1.364e+3, -6.806e-6
1.364e+3, -6.785e-6
1.364e+3, -6.795e-6
1.364e+3, -6.789e-6
1.364e+3, -6.778e-6
1.364e+3, -6.779e-6
1.364e+3, -6.837e-6
1.364e+3, -6.813e-6
1.364e+3, -6.816e-6
1.364e+3, -6.798e-6
1.365e+3, -6.768e-6
1.365e+3, -6.795e-6
1.365e+3, -6.816e-6
1.365e+3, -6.807e-6
1.365e+3, -6.756e-6
1.365e+3, -6.783e-6
1.365e+3, -6.824e-6
1.365e+3, -6.804e-6
1.365e+3, -6.816e-6
1.365e+3, -6.790e-6
1.366e+3, -6.810e-6
1.366e+3, -6.806e-6
1.366e+3, -6.786e-6
1.366e+3, -6.820e-6
1.366e+3, -6.830e-6
1.366e+3, -6.795e-6
1.366e+3, -6.805e-6
1.366e+3, -6.789e-6
1.366e+3, -6.802e-6
1.366e+3, -6.801e-6
1.367e+3, -6.815e-6
1.367e+3, -6.805e-6
1.367e+3, -6.816e-6
1.367e+3, -6.797e-6
1.367e+3, -6.795e-6
1.367e+3, -6.812e-6
1.367e+3, -6.811e-6
1.367e+3, -6.806e-6
1.367e+3, -6.821e-6
1.367e+3, -6.795e-6
1.368e+3, -6.796e-6
1.368e+3, -6.789e-6
1.368e+3, -6.805e-6
1.368e+3, -6.790e-6
1.368e+3, -6.787e-6
1.368e+3, -6.815e-6
1.368e+3, -6.792e-6
1.368e+3, -6.760e-6
1.368e+3, -6.817e-6
1.368e+3, -6.831e-6
1.369e+3, -6.812e-6
1.369e+3, -6.800e-6
1.369e+3, -6.773e-6
1.369e+3, -6.779e-6
1.369e+3, -6.800e-6
1.369e+3, -6.816e-6
1.369e+3, -6.815e-6
1.369e+3, -6.840e-6
1.369e+3, -6.842e-6
1.369e+3, -6.796e-6
1.370e+3, -6.801e-6
1.370e+3, -6.794e-6
1.370e+3, -6.802e-6
1.370e+3, -6.803e-6
1.370e+3, -6.792e-6
1.370e+3, -6.777e-6
1.370e+3, -6.813e-6
1.370e+3, -6.819e-6
1.370e+3, -6.814e-6
1.370e+3, -6.796e-6
1.371e+3, -6.803e-6
1.371e+3, -6.817e-6
1.371e+3, -6.807e-6
1.371e+3, -6.775e-6
1.371e+3, -6.825e-6
1.371e+3, -6.818e-6
1.371e+3, -6.815e-6
1.371e+3, -6.784e-6
1.371e+3, -6.786e-6
1.371e+3, -6.793e-6
1.372e+3, -6.804e-6
1.372e+3, -6.790e-6
1.372e+3, -6.781e-6
1.372e+3, -6.789e-6
1.372e+3, -6.798e-6
1.372e+3, -6.806e-6
1.372e+3, -6.803e-6
1.372e+3, -6.819e-6
1.372e+3, -6.792e-6
1.372e+3, -6.797e-6
1.373e+3, -6.803e-6
1.373e+3, -6.863e-6
1.373e+3, -6.835e-6
1.373e+3, -6.826e-6
1.373e+3, -6.821e-6
1.373e+3, -6.817e-6
1.373e+3, -6.795e-6
1.373e+3, -6.803e-6
1.373e+3, -6.796e-6
1.373e+3, -6.807e-6
1.374e+3, -6.834e-6
1.374e+3, -6.804e-6
1.374e+3, -6.814e-6
1.374e+3, -6.797e-6
1.374e+3, -6.780e-6
1.374e+3, -6.773e-6
1.374e+3, -6.807e-6
1.374e+3, -6.813e-6
1.374e+3, -6.824e-6
1.374e+3, -6.796e-6
1.375e+3, -6.845e-6
1.375e+3, -6.840e-6
1.375e+3, -6.821e-6
1.375e+3, -6.827e-6
1.375e+3, -6.830e-6
1.375e+3, -6.825e-6
1.375e+3, -6.828e-6
1.375e+3, -6.801e-6
1.375e+3, -6.780e-6
1.375e+3, -6.833e-6
1.376e+3, -6.830e-6
1.376e+3, -6.813e-6
1.376e+3, -6.813e-6
1.376e+3, -6.816e-6
1.376e+3, -6.807e-6
1.376e+3, -6.801e-6
1.376e+3, -6.807e-6
1.376e+3, -6.818e-6
1.376e+3, -6.830e-6
1.376e+3, -6.825e-6
1.377e+3, -6.817e-6
1.377e+3, -6.816e-6
1.377e+3, -6.812e-6
1.377e+3, -6.803e-6
1.377e+3, -6.823e-6
1.377e+3, -6.834e-6
1.377e+3, -6.832e-6
1.377e+3, -6.788e-6
1.377e+3, -6.772e-6
1.377e+3, -6.790e-6
1.378e+3, -6.789e-6
1.378e+3, -6.811e-6
1.378e+3, -6.793e-6
1.378e+3, -6.788e-6
1.378e+3, -6.826e-6
1.378e+3, -6.818e-6
1.378e+3, -6.775e-6
1.378e+3, -6.779e-6
1.378e+3, -6.807e-6
1.378e+3, -6.819e-6
1.379e+3, -6.807e-6
1.379e+3, -6.816e-6
1.379e+3, -6.774e-6
1.379e+3, -6.791e-6
1.379e+3, -6.822e-6
1.379e+3, -6.804e-6
1.379e+3, -6.803e-6
1.379e+3, -6.803e-6
1.379e+3, -6.803e-6
1.379e+3, -6.798e-6
1.380e+3, -6.793e-6
1.380e+3, -6.794e-6
1.380e+3, -6.801e-6
1.380e+3, -6.791e-6
1.380e+3, -6.800e-6
1.380e+3, -6.773e-6
1.380e+3, -6.798e-6
1.380e+3, -6.801e-6
1.380e+3, -6.810e-6
1.380e+3, -6.801e-6
1.381e+3, -6.794e-6
1.381e+3, -6.774e-6
1.381e+3, -6.824e-6
1.381e+3, -6.803e-6
1.381e+3, -6.797e-6
1.381e+3, -6.785e-6
1.381e+3, -6.816e-6
1.381e+3, -6.809e-6
1.381e+3, -6.807e-6
1.381e+3, -6.785e-6
1.382e+3, -6.829e-6
1.382e+3, -6.800e-6
1.382e+3, -6.828e-6
1.382e+3, -6.815e-6
1.382e+3, -6.815e-6
1.382e+3, -6.817e-6
1.382e+3, -6.822e-6
1.382e+3, -6.812e-6
1.382e+3, -6.825e-6
1.382e+3, -6.802e-6
1.383e+3, -6.835e-6
1.383e+3, -6.813e-6
1.383e+3, -6.811e-6
1.383e+3, -6.808e-6
1.383e+3, -6.791e-6
1.383e+3, -6.799e-6
1.383e+3, -6.795e-6
1.383e+3, -6.807e-6
1.383e+3, -6.823e-6
1.383e+3, -6.778e-6
1.384e+3, -6.802e-6
1.384e+3, -6.796e-6
1.384e+3, -6.791e-6
1.384e+3, -6.795e-6
1.384e+3, -6.797e-6
1.384e+3, -6.803e-6
1.384e+3, -6.800e-6
1.384e+3, -6.800e-6
1.384e+3, -6.791e-6
1.384e+3, -6.792e-6
1.385e+3, -6.823e-6
1.385e+3, -6.800e-6
1.385e+3, -6.811e-6
1.385e+3, -6.807e-6
1.385e+3, -6.810e-6
1.385e+3, -6.802e-6
1.385e+3, -6.795e-6
1.385e+3, -6.809e-6
1.385e+3, -6.830e-6
1.385e+3, -6.822e-6
1.386e+3, -6.828e-6
1.386e+3, -6.821e-6
1.386e+3, -6.799e-6
1.386e+3, -6.840e-6
1.386e+3, -6.812e-6
1.386e+3, -6.825e-6
1.386e+3, -6.826e-6
1.386e+3, -6.827e-6
1.386e+3, -6.819e-6
1.386e+3, -6.819e-6
1.387e+3, -6.823e-6
1.387e+3, -6.857e-6
1.387e+3, -6.826e-6
1.387e+3, -6.825e-6
1.387e+3, -6.830e-6
1.387e+3, -6.819e-6
1.387e+3, -6.815e-6
1.387e+3, -6.799e-6
1.387e+3, -6.778e-6
1.387e+3, -6.799e-6
1.388e+3, -6.830e-6
1.388e+3, -6.819e-6
1.388e+3, -6.796e-6
1.388e+3, -6.792e-6
1.388e+3, -6.795e-6
1.388e+3, -6.790e-6
1.388e+3, -6.803e-6
1.388e+3, -6.771e-6
1.388e+3, -6.795e-6
1.388e+3, -6.792e-6
1.389e+3, -6.808e-6
1.389e+3, -6.798e-6
1.389e+3, -6.789e-6
1.389e+3, -6.795e-6
1.389e+3, -6.799e-6
1.389e+3, -6.786e-6
1.389e+3, -6.786e-6
1.389e+3, -6.803e-6
1.389e+3, -6.806e-6
1.389e+3, -6.812e-6
1.390e+3, -6.796e-6
1.390e+3, -6.790e-6
1.390e+3, -6.807e-6
1.390e+3, -6.787e-6
1.390e+3, -6.815e-6
1.390e+3, -6.812e-6
1.390e+3, -6.805e-6
1.390e+3, -6.795e-6
1.390e+3, -6.791e-6
1.390e+3, -6.793e-6
1.391e+3, -6.800e-6
1.391e+3, -6.777e-6
1.391e+3, -6.834e-6
1.391e+3, -6.819e-6
1.391e+3, -6.824e-6
1.391e+3, -6.803e-6
1.391e+3, -6.801e-6
1.391e+3, -6.806e-6
1.391e+3, -6.790e-6
1.391e+3, -6.804e-6
1.392e+3, -6.781e-6
1.392e+3, -6.809e-6
1.392e+3, -6.826e-6
1.392e+3, -6.782e-6
1.392e+3, -6.778e-6
1.392e+3, -6.793e-6
1.392e+3, -6.822e-6
1.392e+3, -6.796e-6
1.392e+3, -6.793e-6
1.392e+3, -6.767e-6
1.393e+3, -6.823e-6
1.393e+3, -6.795e-6
1.393e+3, -6.835e-6
1.393e+3, -6.806e-6
1.393e+3, -6.817e-6
1.393e+3, -6.808e-6
1.393e+3, -6.810e-6
1.393e+3, -6.777e-6
1.393e+3, -6.828e-6
1.393e+3, -6.811e-6
1.394e+3, -6.824e-6
1.394e+3, -6.791e-6
1.394e+3, -6.800e-6
1.394e+3, -6.811e-6
1.394e+3, -6.798e-6
1.394e+3, -6.788e-6
1.394e+3, -6.821e-6
1.394e+3, -6.798e-6
1.394e+3, -6.813e-6
1.394e+3, -6.819e-6
1.395e+3, -6.802e-6
1.395e+3, -6.794e-6
1.395e+3, -6.798e-6
1.395e+3, -6.818e-6
1.395e+3, -6.805e-6
1.395e+3, -6.790e-6
1.395e+3, -6.817e-6
1.395e+3, -6.814e-6
1.395e+3, -6.820e-6
1.395e+3, -6.798e-6
1.396e+3, -6.817e-6
1.396e+3, -6.814e-6
1.396e+3, -6.787e-6
1.396e+3, -6.815e-6
1.396e+3, -6.814e-6
1.396e+3, -6.801e-6
1.396e+3, -6.796e-6
1.396e+3, -6.797e-6
1.396e+3, -6.791e-6
1.396e+3, -6.793e-6
1.397e+3, -6.810e-6
1.397e+3, -6.793e-6
1.397e+3, -6.796e-6
1.397e+3, -6.795e-6
1.397e+3, -6.795e-6
1.397e+3, -6.796e-6
1.397e+3, -6.791e-6
1.397e+3, -6.756e-6
1.397e+3, -6.837e-6
1.397e+3, -6.823e-6
1.398e+3, -6.796e-6
1.398e+3, -6.789e-6
1.398e+3, -6.801e-6
1.398e+3, -6.813e-6
1.398e+3, -6.804e-6
1.398e+3, -6.835e-6
1.398e+3, -6.810e-6
1.398e+3, -6.796e-6
1.398e+3, -6.776e-6
1.398e+3, -6.808e-6
1.399e+3, -6.814e-6
1.399e+3, -6.814e-6
1.399e+3, -6.788e-6
1.399e+3, -6.788e-6
1.399e+3, -6.835e-6
1.399e+3, -6.825e-6
1.399e+3, -6.793e-6
1.399e+3, -6.792e-6
1.399e+3, -6.809e-6
1.399e+3, -6.811e-6
1.400e+3, -6.800e-6
1.400e+3, -6.795e-6
1.400e+3, -6.789e-6
1.400e+3, -6.807e-6
1.400e+3, -6.803e-6
1.400e+3, -6.775e-6
